ID,StateID,Callsign,Use,Status,SquelchTone,DigitalTone,VOIP,Location.Latitude,Location.Longitude,Location.County,Location.State,Location.Local,Frequency.Input,Frequency.Output,Digital.P25,Digital.DStar,Digital.YSF,Digital.DMR.ColorCode,Digital.DMR.ID,Digital,SquelchTone.Input,SquelchTone.Output,VOIP.AllStar,VOIP.Wires,VOIP.EchoLink.NodeID,VOIP.IRLP.NodeID,VOIP.EchoLink,VOIP.IRLP,VOIP.AllStar.NodeID,Digital.DMR,VOIP.Wires.ID,Digital.YSF.GroupID.Input,Digital.YSF.GroupID.Output,Digital.DStar.Node,Digital.P25.NAC,DigitalTone.Input,DigitalTone.Output
16784,8,W0FT,Open,On-Air,,,,40.16049957,-103.21399689,Morgan,CO,Akron,443.175,448.175,,,,7,310833,,,,,,,,,,,,,,,,,,
2,8,KB0VJJ,Open,On-Air,,,,40.16059875,-103.21399689,Washington,CO,Akron,144.8,145.4,,,,,,,88.5,123,,,,,,,,,,,,,,,
10783,8,W0FT,Open,On-Air,,,,40.25030136,-103.80000305,Morgan,CO,"Fort Morgan, Fort Morgan EOC",443.2,448.2,,,,7,310812,,,,,,,,,,,,,,,,,,
238,8,WA0JTB,Open,On-Air,,,,40.62559891,-103.20700073,Logan,CO,"Sterling, CO",144.695,145.295,,,,,,,100,,,,,,,,,,,,,,,,
163,8,N0JUN,Open,Other,,,,40.58440018,-102.30200195,Phillips,CO,Holyoke,146.355,146.955,,,,,,,,,,,,,,,,,,,,,,,
13581,8,K0RTS,Open,On-Air,,,,39.27830124,-103.5,Lincoln,CO,"Genoa, Limon",441.7375,446.7375,,,,8,310829,,,,,,,,,,,,,,,,,,
9583,8,K0UPS,Open,On-Air,,,,39.37030029,-103.8010025,Elbert,CO,Cedar Point,444.25,449.25,,,,,,,123,123,,,3349,3349,,,,,,,,,,,
128,8,KE0AE,Open,On-Air,,,,39.26879883,-103.48799896,Lincoln,CO,Genoa,147.66,147.06,,,,,,,103.5,,,,,,,,42740,,,,,,,,
122,8,KE0AE,Open,On-Air,,,,39.30329895,-102.60500336,Kit Carson,CO,Stratton,146.295,146.895,,,,,,,103.5,,,,830619,,,,,,,,,,,,
8216,8,K0EB,Open,On-Air,,,,40.02019882,-104.64199829,Weld,CO,Hudson,444.925,449.925,,,,,,,114.8,114.8,,,448035,8035,,,,,,,,,,,
17059,8,KC0VJD,Open,On-Air,,,,39.05419922,-103.48000336,Lincoln,CO,Hugo,442,447,,,,,,,,,,,,,,,,,30534,Open ↑,Open ↓,,,,
157,8,KC0KWD,Open,On-Air,,,,40.26119995,-104.70600128,Weld,CO,LaSalle,147.6,147,,,,,,,,,,,,3839,,,,,,Open ↑,Open ↓,,,,
158,8,KC0KWD,Open,On-Air,,,,40.26119995,-104.70600128,Weld,CO,Greeley,443.475,448.475,,,,,,,100,,,,,3839,,,,,,,,,,,
12167,8,WA0DE,Open,On-Air,,,,39.22669983,-104.08999634,Elbert,CO,Simla,147.705,147.105,,,,,,,107.2,107.2,,,,,,,,,,,,,,,
9771,8,KE0SJ,Open,On-Air,,,,40.00719833,-104.71600342,Adams,CO,Lochbuie,442.625,447.625,,,,,,,100,,,,,,,,,,,,,,,,
156,8,W0UPS,Open,On-Air,,,,40.40359879,-104.69999695,Weld,CO,"Greeley, UNC",146.25,146.85,,,,,,,100,100,,,,,,,,,,,,,,,
159,8,K0OJ,Open,On-Air,,,,40.40370178,-104.70300293,Weld,CO,"Greeley, UNC",444.725,449.725,,,,,,,127.3,,,,,,,,,,,,,,,,
18521,8,KB0VGD,Open,On-Air,,,,40.42331314,-104.70912933,Weld,CO,Greeley,440.1375,445.1375,,,,2,,,,,,,,,,,,,,,,,,,
8210,8,WR0AEN,Open,On-Air,,,,40.4233017,-104.70899963,Weld,CO,Greeley,444.325,449.325,,,,,,,,,,,,,,,,,,,,WR0AEN (B),,,
14732,8,KI0HC,Open,On-Air,,,,39.53910065,-104.56900024,Douglas,CO,Parker,902.025,927.7375,,,,,,,100,100,,,,,,,,,,,,,293,,
8739,8,AC0KC,Open,On-Air,,,,40.02759933,-104.78900146,Weld,CO,Fort Lupton,442.3,447.3,,,,,,,107.2,,,,405804,3887,,,,,,,,,,,
8183,8,AC0KC,Open,On-Air,,,,40.08470154,-104.81300354,Weld,CO,Fort Lupton,223.36,224.96,,,,,,,,,,,,,,,,,,,,,,,
9765,8,WE0FUN,Open,On-Air,,,,39.79669952,-104.7480011,Denver,CO,"Denver, Green Valley Ranch",443.15,448.15,,,,,,,141.3,141.3,,,24340,,,,29436,,,,,,,,
5,8,KB0UDD,Open,On-Air,,,,39.6072998,-104.74099731,Arapahoe,CO,"Aurora, Smoky Hill",144.8,145.4,,,,,,,100,,,,,,,,,,,,,,,,
8741,8,N0OBA,Open,On-Air,,,,39.62799835,-104.75800323,Arapahoe,CO,Aurora,144.59,145.19,,,,,,,151.4,131.8,,,10079,,,,,,,,,,,,
8207,8,WR0AEN,Open,On-Air,,,,39.69670105,-104.80999756,Arapahoe,CO,Aurora,444.15,449.15,,,,,,,,,,,,,,,,,,,,WR0AEN (B),,,
92,8,KB0UDD,Open,On-Air,,,,39.72940063,-104.83100128,Denver,CO,"Aurora, Smokey Hill",443.5,448.5,,,,,,,100,,,,,,,,,,,,,,,,
8202,8,N0ZUQ,Open,On-Air,,,,39.72940063,-104.83200073,Arapahoe,CO,Aurora,443.4,448.4,,,,,,,94.8,,,,,,,,,,,,,,,,
8199,8,W0BG,Open,On-Air,,,,39.72940063,-104.83200073,Arapahoe,CO,Aurora,443.275,448.275,,,,,,,156.7,,,,,,,,,,,,,,,,
8743,8,W9SL,Open,On-Air,,,,39.72940063,-104.83200073,Arapahoe,CO,Aurora,444.95,449.95,,,,,,,77,77,,,,,,,,,,,,,,,
16032,8,WN7ANT,Open,On-Air,,,,39.72940063,-104.83200073,Arapahoe,CO,Aurora,443.825,448.825,,,,,,,,,,,,,,,,,30584,Open ↑,Open ↓,,,,
17292,8,K0PRA,Open,On-Air,,,,39.44910049,-104.70300293,Douglas,CO,Parker,440.075,445.075,,,,1,310844,,,,,,,,,,,,,,,,,,
18248,8,K0PRA,Open,On-Air,,,,39.51860046,-104.76100159,Arapahoe,CO,Parker,441.9,446.9,,,,,,,,,,,,,,,,,40895,Open ↑,Open ↓,,,,
17696,8,N0KEG,Open,Other,,,,39.51860046,-104.76100159,Douglas,CO,Parker,443.05,448.05,,,,1,310374,,,,,,,,,,,,,,,,,,
274,8,WQ8M,Open,On-Air,,,,39.55799866,-104.79399872,Douglas,CO,Parker,443.7,448.7,,,,,,,146.2,,,,,,,,,,,,,,,,
8188,8,N6RFI,Open,On-Air,,,,40.58100128,-104.90599823,Weld,CO,"Severance, Cactus Hill",442.2,447.2,,,,,,,82.5,,,,,,,,,,,,,,,,
11473,8,K0PRA,Open,On-Air,,,,39.39350128,-104.67500305,Douglas,CO,Franktown,441.85,446.85,,,,,,,,,,,,,,,,,,,,K0PRA (B) Repeater,,,
7395,8,N1FSX,Open,On-Air,,,,38.85200119,-103.69999695,Lincoln,CO,Punkin Center,444.9,449.9,,,,,,,107.2,,,,,,,,,,,,,,,,
12562,8,W0DMR,Open,On-Air,,,,40.54460144,-104.94400024,Larimer,CO,"Fort Collins, Timnath",147.99,147.39,,,,2,310822,,,,,,,,,,,,,,,,,,
10995,8,W0DMR,Open,On-Air,,,,40.59379959,-104.9260025,Larimer,CO,"Fort Collins, Timnath",441.775,446.775,,,,2,310806,,,,,,,,,,,,,,,,,,
3621,8,W0UPS,Open,On-Air,,,,40.44400024,-104.98899841,Larimer,CO,"Loveland, Budweiser Event Center",443.025,448.025,,,,,,,100,100,,,,,,,,,,Open ↑,Open ↓,,,,
185,8,K0ML,Open,On-Air,,,,39.88560104,-104.98699951,Adams,CO,Northglenn,147.645,147.045,,,,,,,123,,,,,,,,,,,,,,,,
58,31,N0NEB,Open,On-Air,,,,41.49000168,-103.75499725,Banner,NE,Harrisburg,146.4,147,,,,,,,103.5,,,,,,,,,,,,,,,,
17676,8,N0KEG,Open,Other,,,,39.58069992,-104.8769989,Arapahoe,CO,Centennial,147.915,147.315,,,,1,310759,,,,,,,,,,,,,,,N0KEG (C) Repeater,,,
8189,8,N0ESQ,Open,On-Air,,,,39.49420166,-104.83599854,Douglas,CO,"Parker, Hess Reservoir",442.525,447.525,,,,,,,203.5,146.2,,,,,,,,,,,,,,,
12216,8,W0JRL,Open,On-Air,,,,39.75519943,-104.98699951,Denver,CO,"Denver, Broadway Plaza Lofts",442.175,447.175,,,,,,,100,100,,,201712,,,,29997,,,,,,,,
75,8,KE0SJ,Open,On-Air,,,,39.73920059,-104.98400116,Jefferson,CO,"Boulder, Blue Mountain",144.875,145.475,,,,,,,100,,,,,,,,,,,,,,,,
79,8,N0JXN,Open,On-Air,,,,39.73920059,-104.98400116,Denver,CO,Denver,146.115,146.715,,,,,,,123,123,,,,,,,,,,,,,,,
91,8,N5EHP,Open,On-Air,,,,39.73920059,-104.98400116,Denver,CO,Denver,443.075,448.075,,,,,,,123,,,,,,,,,,,,,,,,
93,8,W0KIZ,Open,Off-Air,,,,39.73920059,-104.98400116,Denver,CO,Denver,443.55,448.55,,,,,,,82.5,,,,,,,,,,,,,,,,
8196,8,K0FEZ,Open,On-Air,,,,39.73759842,-104.98500061,Denver,CO,Denver,442.925,447.925,,,,,,,100,100,,,,,,,,,,,,,,,
8195,8,WB0TPT,Open,Off-Air,,,,39.73759842,-104.98500061,Denver,CO,Denver,442.9,447.9,,,,,,,,,,,,,,,,,,,,,,,
8212,8,WR0AEN,Open,On-Air,,,,39.73759842,-104.98500061,Denver,CO,Denver,444.65,449.65,,,,,,,,,,,,,,,,,,,,WR0AEN (B),,,
8213,8,WR0AEN,Open,On-Air,,,,39.73759842,-104.98500061,Denver,CO,Denver,444.675,449.675,,,,,,,,,,,,7708,,,,,,,,WR0AEN (B),,,
28,56,KC7SNO,Open,On-Air,,,,41.4178009,-104.09799957,Laramie,WY,Albin,147.765,147.165,,,,,,,114.8,,,,,,,,,,,,,,,,
8208,8,N1UPS,Open,On-Air,,,,39.83670044,-105.03700256,Adams,CO,Westminster,444.3,449.3,,,,,,,100,,,,43699,3699,,,,,,,,,,,
181,8,W0LRA,Open,On-Air,,,,40.39780045,-105.0739975,Larimer,CO,"Loveland, Namaqua Hill",444.575,449.575,,,,,,,100,,,,,,,,,,,,,,,,
176,8,N0EPA,Open,On-Air,,,,40.16719818,-105.10099792,Boulder,CO,Longmont,443.525,448.525,,,,,,,151.4,,,,223853,,,,,,,,,,,,
175,8,W0ENO,Open,On-Air,,,,40.16719818,-105.10099792,Boulder,CO,Longmont,147.87,147.27,,,,,,,100,100,,,,,,,,,,,,,,,
177,8,W0ENO,Open,On-Air,,,,40.16719818,-105.10099792,Boulder,CO,Longmont,443.8,448.8,,,,,,,88.5,88.5,,,,,,,,,,,,,,,
26,8,W0LMA,Open,Off-Air,,,,39.92060089,-105.08599854,Boulder,CO,Broomfield,443.925,448.925,,,,,,,131.8,,,,,,,,,,,,,,,,
266,8,W0WYX,Open,Off-Air,,,,39.92060089,-105.08599854,Boulder,CO,Broomfield,444.825,449.825,,,,,,,103.5,,,,,,,,,,,,,,,,
17703,8,KC0VJD,Open,On-Air,,,,38.79579926,-102.54799652,Cheyenne,CO,Firstview,442.6,447.6,,,,,,,,,,,,,,,,,35710,Open ↑,Open ↓,,,,
8194,8,W7RF,Open,On-Air,,,,40.49599838,-105.07900238,Larimer,CO,Fort Collins,442.725,447.725,,,,,,,131.8,,,,,,,,,,,,,,,,
8251,8,WB7UPS,Open,On-Air,,,,40.70389938,-105.00900269,Larimer,CO,Wellington,443.325,448.325,,,,,,,110.9,,,,,,,,,,,,,,,,
34,56,N7JJY,Open,On-Air,,,,41.02740097,-104.78399658,Laramie,WY,"Cheyenne, Chalk Bluffs",444.3,449.3,,,,,,,,,,,,,,,,,,Open ↑,Open ↓,,,,
179,8,W0LRA,Open,On-Air,,,,40.39849854,-105.125,Larimer,CO,"Loveland, Namaqua Hill",147.795,147.195,,,,,,,100,,,,,,,,,,,,,,,,
125,8,W0QEY,Open,On-Air,,,,40.57080078,-105.07700348,Larimer,CO,"Fort Collins, CSU Durward Hall",147.96,147.36,,,,,,,100,100,,,,,,,,,,,,,,,
124,8,W0QEY,Open,On-Air,,,,40.58530045,-105.08399963,Larimer,CO,"Fort Collins, CSU Durward Hall",444.85,449.85,,,,,,,100,100,,,,,,,,,,,,,,,
3592,8,W0QEY,Open,On-Air,,,,40.58530045,-105.08399963,Larimer,CO,"Fort Collins, CSU Durward Hall",902.95,927.95,,,,,,,100,100,,,,,,,,,,,,,,,
16,8,W0IA,Open,On-Air,,,,40.05559921,-105.15699768,Boulder,CO,"Boulder, Gunbarrel Hill",146.16,146.76,,,,,,,100,,,,,,,,,,,,,,,,
11025,31,N0UGO,Open,On-Air,,,,41.12820053,-101.72000122,Keith,NE,Ogallala,146.16,146.76,,,,,,,123,,,,751985,7349,,,,,,,,,,,
18416,8,W0QEY,Open,On-Air,,,,40.57759857,-105.09300232,Larimer,CO,"Fort Collins, CSU Durward Hall",441.7625,446.7625,,,,8,,,,,,,,,,,,,,,,,,,
18417,8,W0QEY,Open,On-Air,,,,40.57759857,-105.09300232,Larimer,CO,"Fort Collins, CSU Durward Hall",441.7625,446.7625,,,,8,,,,,,,,,,,,,,,,,,,
8901,8,W0QEY,Open,On-Air,,,,40.57770157,-105.09300232,Larimer,CO,"Fort Collins, CSU Durward Hall",441.8125,446.8125,,,,,,,,,,,,,,,,,,,,W0QEY (B) Repeater,,,
3620,8,K1TJ,Open,On-Air,,,,40.51530075,-105.14700317,Larimer,CO,Fort Collins,1263.55,1283.55,,,,,,,100,,,,,,,,,,,,,,,,
276,8,KC0RBT,Open,On-Air,,,,40.51530075,-105.14700317,Larimer,CO,Fort Collins,442.45,447.45,,,,,,,123,,,,447450,,,,,,,,,,,,
8505,8,N0AOL,Open,On-Air,,,,40.51530075,-105.14700317,Larimer,CO,Fort Collins,441.7375,446.7375,,,,2,310803,,,,,,,,,,,,,,,,,,
9775,8,KD0SSP,Open,On-Air,,,,39.75049973,-105.1230011,Jefferson,CO,"Lakewood, Moffat Treatment Plant",147.81,147.21,,,,,,,100,100,,,,3241,,,,,,,,,,,
17349,8,KD0SSP,Open,On-Air,,,,39.75059891,-105.1230011,Jefferson,CO,"Lakewood, Moffat Treatment Plant",443.35,448.35,,,,,,,,,,,,,,,,,,Open ↑,Open ↓,,,,
8204,8,N0ELY,Open,Off-Air,,,,39.70460129,-105.1230011,Jefferson,CO,Lakewood,443.75,448.75,,,,,,,100,100,,,,,,,,,,,,,,,
5805,8,W0TX,Open,On-Air,,,,39.71620178,-105.12999725,Jefferson,CO,"Lakewood, St Anthony Medical Campus",442.825,447.825,,,,,,,,,,,,,,,,,,,,,,73,
8715,8,K7PFJ,Open,Off-Air,,,,40.53879929,-105.17900085,Larimer,CO,"Fort Collins, Horsetooth Mountain",441.75,446.75,,,,7,310814,,,,,,,,,,,,,,,,,,
14274,8,KB0VGD,Open,On-Air,,,,40.53879929,-105.17900085,Larimer,CO,"Fort Collins, Horsetooth Mountain",144.665,145.265,,,,2,310831,,,,,,,,,,,,,,,,,,
8171,8,KC0DS,Open,On-Air,,,,40.03720093,-105.23000336,Boulder,CO,Boulder,144.7875,145.3875,,,,,,,,,,,,,,,,,,,,KC0DS (C),,,
8220,8,KC0DS,Open,On-Air,,,,40.03720093,-105.23000336,Boulder,CO,Boulder,1263.8625,1283.8625,,,,,,,,,,,,,,,,,,,,KC0DS (A) Repeater,,,
13294,8,KD0MDP,Open,On-Air,,,,39.04370117,-104.60800171,El Paso,CO,"Falcon, Black Forest",442.625,447.625,,,,,,,100,100,,,363976,7301,,,28299,,,,,,,,
15672,56,K7PFJ,Open,Off-Air,,,,41.06000137,-104.87999725,Laramie,WY,"Cheyenne, South",444.9375,449.9375,,,,7,315603,,,,,,,,,,,,,,,,,,
27,56,KC7SNO,Open,On-Air,,,,41.12390137,-104.81900024,Laramie,WY,"Cheyenne, Denver Hill",146.175,146.775,,,,,,,114.8,,,,,,,,,,,,,,,,
85,8,W0TX,Open,On-Air,,,,39.68220139,-105.14299774,Jefferson,CO,"Lakewood, Green Mountain",147.93,147.33,,,,,,,100,,,,,,,,,,,,,,,,
267,8,W0TX,Open,On-Air,,,,39.68220139,-105.14299774,Jefferson,CO,"Lakewood, Green Mountain",222.78,224.38,,,,,,,100,100,,,,,,,,,,,,,,,
8215,8,W0TX,Open,On-Air,,,,39.68220139,-105.14299774,Jefferson,CO,"Lakewood, Green Mtn",444.775,449.775,,,,,,,,,,,,,,,,,,Open ↑,Open ↓,,,,
15,8,K0DK,Open,Off-Air,,,,40.05709839,-105.24299622,Boulder,CO,Boulder,146.13,146.73,,,,,,,91.5,91.5,,,115482,,,,,,,,,,,,
123,8,W0UPS,Open,On-Air,,,,40.53969955,-105.19599915,Larimer,CO,"Fort Collins, Horsetooth Mountain",144.515,145.115,,,,,,,100,100,,,4236,,,,,,,,,,,,
275,8,W0UPS,Open,Off-Air,,,,40.53969955,-105.19599915,Larimer,CO,"Fort Collins, Horsetooth Mountain",222.92,224.52,,,,,,,100,100,,,,,,,,,,,,,,,
126,8,W0UPS,Open,On-Air,,,,40.53969955,-105.19599915,Larimer,CO,"Fort Collins, Horsetooth Mountain",442.275,447.275,,,,,,,100,100,,,,,,,,,,,,,,,
19,56,KB7SWR,Open,On-Air,,,,41.13999939,-104.81999969,Laramie,WY,Cheyenne,144.635,145.235,,,,,,,131.8,,,,,,,,,,,,,,,,
15518,56,N7JJY,Open,On-Air,,,,41.13999939,-104.81999969,Laramie,WY,Cheyenne,444.9,449.9,,,,,,,100,100,,,,,,,,,,,,,,,
10803,56,WY7EOC,Open,On-Air,,,,41.13999939,-104.81999969,Laramie,WY,Cheyenne,444.975,449.975,,,,11,315601,,,,,,,,,,,,,,,,,,
8991,56,KC7DHF,Open,On-Air,,,,41.15299988,-104.81800079,Laramie,WY,"Cheyenne, Old airport control tower",443.95,448.95,,,,15,315615,,,,,,,,,,,,,,,,,,
105,8,W0TX,Open,On-Air,,,,39.70080185,-105.1780014,Jefferson,CO,"Lakewood, Green Mountain",51.39,53.09,,,,,,,107.2,,,,,,,,,,,,,,,,
21,8,K0DK,Open,Off-Air,,,,40.01499939,-105.26999664,Boulder,CO,Boulder,444.4,449.4,,,,,,,91.5,,,,,,,,,,,,,,,,
14273,8,KB0VGD,Open,On-Air,,,,39.7845993,-105.21600342,Jefferson,CO,"Golden, Table Mountain",441.975,446.975,,,,2,310811,,,,,,,,,,,,,,,,,,
11,8,W0IA,Open,On-Air,,,,40.01499939,-105.26999664,Boulder,CO,Boulder,444.55,449.55,,,,,,,100,,,,217336,,,,,,,,,,,,
8186,8,KC0DS,Open,On-Air,,,,40.01499939,-105.27100372,Boulder,CO,Boulder,441.8625,446.8625,,,,,,,,,,,,,,,,,,,,KC0DS (B),,,
8185,8,N0SZ,Open,On-Air,,,,40.01499939,-105.27100372,Boulder,CO,"Boulder, Mount Thorodin",441.8,446.8,,,,7,310800,,,,,,,,,,,,,,,,,,
8221,8,W0DK,Open,On-Air,,,,40.01499939,-105.27100372,Boulder,CO,Boulder,1279.5,1299.5,,,,,,,,,,,,,,,,,,,,W0DK (A) DVAP 24/7,,,
110,31,WB7GR,Open,On-Air,,,,41.70100021,-103.68099976,Scotts Bluff,NE,"Scottsbluff, Stage Hill",449.125,444.125,,,,,,,114.8,114.8,,,,,,,,,,,,,,,
18534,8,W0BTV,Open,On-Air,,,,39.97848511,-105.27445221,Boulder,CO,Boulder,1243,423,,,,,,,,,,,,,,,,,,,,,,,
13,8,W0DK,Open,On-Air,,,,39.97829819,-105.27500153,Boulder,CO,Boulder,146.01,146.61,,,,,,,100,,,,,7007,,,,,,,,,,,
10,8,W0DK,Open,On-Air,,,,39.97800064,-105.27500153,Boulder,CO,"Boulder, Table Mesa",443.9,448.9,,,,,,,100,,,,,,,,,,,,,,,,
143,8,N0PYY,Open,On-Air,,,,39.75559998,-105.22100067,Jefferson,CO,Golden,443.125,448.125,,,,,,,107.2,,,,,,,,,,,,,,,,
7170,8,N0PYY,Open,On-Air,,,,39.75550079,-105.22100067,Jefferson,CO,Golden,902.7875,927.7875,,,,,,,156.7,,,,,,,,,,,,,,,,
14,8,W0DK,Open,On-Air,,,,39.97750092,-105.27899933,Boulder,CO,"Boulder, Table Mountain",146.1,146.7,,,,,,,100,,,,,,,,,,,,,,,,
137,8,W0GV,Open,On-Air,,,,39.75559998,-105.22100067,Jefferson,CO,Golden,443.975,448.975,,,,,,,123,,,,,,,,42845,,,,,,,,
17551,8,,Open,Other,,,,39.04850006,-104.7009964,El Paso,CO,Black Forest,443.95,448.95,,,,,,,,,,,,,,,,,,Open ↑,Open ↓,(B) Repeater,,,
3753,8,WA2YZT,Open,On-Air,,,,39.73049927,-105.23200226,Jefferson,CO,"Golden, Lookout",441.8375,446.8375,,,,7,310802,,,,,,,,,,,,,,,,,,
10939,8,N0SZ,Open,On-Air,,,,39.73070145,-105.23300171,Jefferson,CO,"Golden, Lookout Mountain",144.77,145.37,,,,7,310808,,,,,,,,,,,,,,,,,,
3739,8,W0CDS,Open,On-Air,,,,39.73049927,-105.23300171,Jefferson,CO,"Golden, Lookout Mountain",144.65,145.25,,,,,,,,,,,,,,,,,,,,W0CDS (C) Repeater,,,
2769,8,W0CDS,Open,On-Air,,,,39.73049927,-105.23300171,Jefferson,CO,"Golden, Lookout Mountain",441.9625,446.9625,,,,,,,,,,,,,,,,,,,,W0CDS (B) Repeater,,,
3751,8,W0CDS,Open,On-Air,,,,39.73049927,-105.23300171,Jefferson,CO,"Golden, Lookout Mountain",1263.9625,1283.9625,,,,,,,,,,,,,,,,,,,,W0CDS (A) Repeater,,,
8222,8,W0CDS,Open,On-Air,,,,39.73049927,-105.23300171,Jefferson,CO,"Golden, Lookout Mountain",1299.9,1299.9,,,,,,,,,,,,,,,,,,,,W0CDS (A) DVAP 24/7,,,
18156,8,W0SKY,Open,On-Air,,,,39.7333,-105.237,Jefferson,CO,"Golden, Lookout Mountain",902.0375,927.975,,,,,,,67,67,,,,,,,,,,,,,,,
80,8,N0PUF,Open,On-Air,,,,39.50419998,-105.12799835,Jefferson,CO,"Centennial, Warren Mountain",146.28,146.88,,,,,,,100,,,,,,,,,,,,,,,,
273,8,N0PUF,Open,On-Air,,,,39.50419998,-105.12799835,Jefferson,CO,"Centennial, Warren Mountain",444.6,449.6,,,,,,,,,,,690473,3345,,,,,,Open ↑,Open ↓,,,,
139,8,KE0VH,Open,On-Air,,,,39.733,-105.239,Jefferson,CO,"Golden, Lookout Mountain",444.625,449.625,,,,,,,141.3,141.3,,,,,,,,,,Open ↑,Open ↓,,,,
10514,8,N6LXX,Open,On-Air,,,,39.67340088,-105.21800232,Jefferson,CO,"Morrison, Mt. Morrison",52.67,53.17,,,,,,,107.2,,,,,,,,29883,,,,,,,,
10513,8,N6LXX,Open,On-Air,,,,39.67340088,-105.21800232,Jefferson,CO,"Morrison, Mt. Morrison",442.875,447.875,,,,,,,107.2,107.2,,,,,,,29913,,,,,,,,
17457,8,KI0HC,Open,On-Air,,,,39.6,-105.21,Jefferson,CO,"Indian Hills, Chief Mtn",902.025,927.9375,,,,,,,,,,,,,,,,,,,,,293,,
13790,8,,Open,Testing,,,,38.93299866,-104.60900116,El Paso,CO,Falcon,442.2,447.2,,,,,,,,,,,,,,,,,,Open ↑,Open ↓,,,,
8992,8,N0SZ,Open,On-Air,,,,40.07220078,-105.35399628,Boulder,CO,"Boulder, Lee Hill",440.05,445.05,,,,1,310852,,,,,,,,,,,,,,,,,,
5219,8,N0SZ,Open,On-Air,,,,40.07220078,-105.35399628,Boulder,CO,"Boulder, Lee Hill",441.9875,446.9875,,,,7,310813,,,,,,,,,,,,,,,,,,
8,8,W0CRA,Open,On-Air,,,,40.07220078,-105.35399628,Boulder,CO,"Boulder, Eldorado Mountain",144.86,145.46,,,,,,,107.2,107.2,,,347086,3990,,,,,,,,,,,
20,8,W0CRA,Open,On-Air,,,,40.07220078,-105.35399628,Boulder,CO,"Boulder, Eldorado Mountain",442.975,447.975,,,,,,,107.2,107.2,,,,,,,,,,,,,,,
18,8,W0IA,Open,On-Air,,,,40.07220078,-105.35399628,Boulder,CO,"Boulder, Lee Hill",222.42,224.02,,,,,,,,,,,217336,,,,,,,,,,,,
57,8,KB0SRJ,Open,On-Air,,,,39.03020096,-104.7990036,El Paso,CO,"Colorado Springs, ~2 mi ENE USAFA North Gate",443.8,448.8,,,,,,,100,,,,,,,,,,,,,,,,
265,8,KI0GO,Open,On-Air,,,,39.7772,-105.328,Jefferson,CO,"Golden, Guy Hill",444.75,449.75,,,,,,,103.5,103.5,,,,,,,,,,,,,,,
134,8,N0POH,Open,On-Air,,,,39.7772,-105.328,Jefferson,CO,"Golden, Guy Hill",223.14,224.74,,,,,,,88.5,88.5,,,,,,,,,,,,,,,
71,8,WT0C,Open,On-Air,,,,39.77719879,-105.32800293,Jefferson,CO,"Golden, Guy Hill",144.62,145.22,,,,,,,103.5,103.5,,,,,,,,,,,,,293,,
183,8,K0NR,Open,On-Air,,,,39.09170151,-104.87200165,El Paso,CO,"Monument, Monument Hill",442.725,447.725,,,,,,,100,100,,,,,,,,,,,,,,,
136,8,K0IBM,Open,On-Air,,,,39.7772,-105.329,Jefferson,CO,"Golden, Guy Hill",443.85,448.85,,,,,,,88.5,88.5,,,,,,,,,,,,,,,
86,8,N0MHU,Open,On-Air,,,,39.7772,-105.329,Jefferson,CO,"Golden, Guy Hill",222.4,224,,,,,,,103.5,103.5,,,,,,,,,,,,,,,
133,8,W0CBI,Open,On-Air,,,,39.7772,-105.329,Jefferson,CO,"Golden, Guy Hill",147.75,147.15,,,,,,,100,100,,,,,,,,,,,,,,,
5853,8,W0UPS,Open,On-Air,,,,40.61109924,-105.3239975,Larimer,CO,"Fort Collins, Buckhorn Mountain",442.7,447.7,,,,,,,100,100,,,,,,,,,,,,,,,
8740,8,N0XLF,Open,On-Air,,,,39.13600159,-104.92700195,Douglas,CO,"Palmer Lake, Monument Hill",144.59,145.19,,,,,,,131.8,131.8,,,10079,,,,,,,,,,,,
60,8,N0OWY,Open,On-Air,,,,39.4703,-105.198,Jefferson,CO,"Conifer, Critchell Mountain",442.5,447.5,,,,,,,88.5,88.5,,,,,,,,,,,,,,,
18418,8,N0SZ,Open,On-Air,,,,40.61700058,-105.32700348,Larimer,CO,"Fort Collins, Buckhorn Mountain",440.2,445.2,,,,7,,,,,,,,,,,,,,,,,,,
246,8,W0UPS,Open,On-Air,,,,40.61700058,-105.32700348,Larimer,CO,"Fort Collins, Buckhorn Mountain",146.025,146.625,,,,,,,100,100,,,,,,,,,,,,,,,
3660,8,W0UPS,Open,Off-Air,,,,40.61700058,-105.32700348,Larimer,CO,"Fort Collins, Buckhorn Mountain",223.24,224.84,,,,,,,100,100,,,,,,,,,,,,,,,
18424,8,KI0HC,Open,On-Air,,,,40.61669922,-105.32800293,Larimer,CO,"Fort Collins, Buckhorn Mountain",902.025,927.875,,,,,,,,,,,,,,,,,,,,,293,,
13368,8,W0JZ,Open,On-Air,,,,40.0633,-105.41,Boulder,CO,Gold Hill,147.51,146.91,,,,,,,123,127.3,,,,,,,,,,,,,,,
112,8,W0TX,Open,On-Air,,,,39.7525,-105.358,Jefferson,CO,"Golden, Centennial Cone",443.625,448.625,,,,,,,100,100,,,,,,,,,,,,,,,
82,8,K0FEZ,Open,On-Air,,,,39.7525,-105.359,Denver,CO,"Golden, Centennial Cone",146.385,146.985,,,,,,,100,100,,,,3346,,,,,,,,,,,
140,8,KE0SJ,Open,On-Air,,,,39.7525,-105.359,Jefferson,CO,"Golden, Centennial Cone",144.68,145.28,,,,,,,100,,,,,,,,,,,,,,,,
138,8,KE0SJ,Open,On-Air,,,,39.75249863,-105.35900116,Jefferson,CO,"Golden, Centennial Cone",444.525,449.525,,,,,,,,,,,,,,,,,,,,,,,
77,8,WB0TUB,Open,On-Air,,,,39.7525,-105.359,Jefferson,CO,"Golden, Centennial Cone",146.04,146.64,,,,,,,100,,,,,,,,,,,,,,,,
9702,8,KI0HC,Open,On-Air,,,,39.7658,-105.366,Jefferson,CO,"Golden, Centennial Cone",902.025,927.8375,,,,,,,,,,,,,,,45770,,,,,,293,,
7165,8,W0TX,Open,On-Air,,,,39.7657,-105.366,Jefferson,CO,"Denver, Centennial Cone",441.7875,446.7875,,,,1,,,,,,,,,,,,,,,,,,,
73,8,KE4GUQ,Open,On-Air,,,,39.6333,-105.317,Jefferson,CO,Evergreen,144.74,145.34,,,,,,,103.5,127.3,,,,3350,,,,,,,,,,,
10932,8,N0SZ,Open,On-Air,,,,39.6333,-105.317,Clear Creek,CO,"Evergreen, Squaw Mountain",144.575,145.175,,,,7,310810,,,,,,,,,,,,,,,,,,
83,8,W0CRA,Open,On-Air,,,,39.17549896,-105.03399658,Douglas,CO,"Larkspur, Westcreek",147.825,147.225,,,,,,,107.2,107.2,,,347086,3990,,,,,,,,,,,
16547,8,W0CRA,Open,On-Air,,,,39.17549896,-105.03399658,Douglas,CO,"Larkspur, Westcreek",443.425,448.425,,,,,,,107.2,107.2,,,,,,,,,,,,,,,
15903,8,K0JSC,Open,On-Air,,,,39.17490005,-105.03399658,Douglas,CO,"Larkspur, Westcreek",444.975,449.975,,,,,,,100,100,,,,,,,,,,,,,,,
7193,8,N0ESQ,Open,On-Air,,,,39.26480103,-105.11399841,Douglas,CO,"Castle Rock, Devils Head",441.925,446.925,,,,8,310817,,,,,,,,,,,,,,,,,,
8190,8,N0ESQ,Open,On-Air,,,,39.26480103,-105.11399841,Douglas,CO,"Castle Rock, Devils Head (Pike National Forest)",442.525,447.525,,,,,,,146.2,146.2,,,,,,,,,,,,,,,
72,8,KB0VJJ,Open,On-Air,,,,39.8875,-105.426,Gilpin,CO,"Boulder, Thorodin Mountain",144.71,145.31,,,,,,,88.5,123,,,,,,,,,,,,,,,
97,8,N0SZ,Open,On-Air,,,,39.8875,-105.426,Gilpin,CO,"Denver, Thorodin Mountain",444.225,449.225,,,,,,,141.3,141.3,,,,,,,,,,,,,,,
119,8,N0FH,Open,On-Air,,,,40.36009979,-105.4509964,Larimer,CO,Estes Park,146.085,146.685,,,,,,,123,,,,625757,7268,,,,,,,,,,,
15670,8,KI0HG,Open,On-Air,,,,40.1727,-105.468,Boulder,CO,"Allenspark, AFPD Station #5",147.63,147.03,,,,,,,100,,,,,,,,,,,,,,,,
103,8,W0CRA,Open,Off-Air,,,,39.5211,-105.305,Jefferson,CO,"Conifer, Conifer Mountain",1267.9,1287.9,,,,,,,,,,,,,,,,,,,,,,,
18469,31,,Open,On-Air,,,,41.86660004,-103.66699982,Scotts Bluff,NE,Scottsbluff,147.975,147.375,,,,,,,123,,,,,,,,,,,,,,,,
15989,8,W0MOG,Open,On-Air,,,,38.90000153,-104.80000305,El Paso,CO,Colorado springs,223.12,224.72,,,,,,,103.5,103.5,,,,,,,,,,,,,,,
111,31,W0KAV,Open,On-Air,,,,41.88710022,-103.66400146,Scotts Bluff,NE,Scottsbluff,449.825,444.825,,,,,,,100,,,,,,,,,,,,,,,,
11355,31,AG0N,Open,On-Air,,,,41.90399933,-103.55799866,Scotts Bluff,NE,Scottsbluff,146.445,146.445,,,,,,,88.5,88.5,,,,3055,,,,,,,,,,,
9580,8,AC0KQ,Open,Off-Air,,,,39.7189,-105.44,Clear Creek,CO,"Evergreen, Saddleback Mountain",442.85,447.85,,,,,,,141.3,141.3,,,,,,,29571,,,,,,,,
59,8,N0ARA,Open,On-Air,,,,39.5148,-105.353,Jefferson,CO,"Critchell, Critchell Mountain",147.72,147.12,,,,,,,88.5,88.5,,,,,,,,,,,,,,,
3559,20,WA0VJR,Open,On-Air,,,,38.91389847,-101.59400177,Wallace,KS,Wallace,449.6,444.6,,,,,,,146.2,,,,,3148,,,,,,,,,,,
201,8,W0RM,Open,Other,,,,39.9172,-105.501,Gilpin,CO,Rollinsville,223,224.6,,,,,,,100,,,,,,,,,,,,,,,,
17813,8,N0WAR,Open,On-Air,,,,40.36059952,-105.51999664,Larimer,CO,"Estes Park, Prospect Mtn",147.84,147.24,,,,2,310853,,,,,,,,,,,,,,,,,,
42,8,AD0TP,Open,On-Air,,,,38.83969879,-104.7437973,El Paso,CO,Colorado Springs,146.25,146.85,,,,,,,156.7,103.5,,,,,,,,,,,,,,,
120,8,N0FH,Open,On-Air,,,,40.37720108,-105.52100372,Larimer,CO,Estes Park,444.8,449.8,,,,,,,123,,,,625757,7268,,,,,,,,,,,
8689,20,NV8Q,Open,Other,,,,39.40119934,-101.10099792,Thomas,KS,"Colby, K-Link",449.75,444.75,,,,,,,162.2,162.2,,,,,,,,,,,,,,,
8176,8,AA0L,Open,On-Air,,,,38.83969879,-104.80000305,El Paso,CO,Colorado Springs,147.735,147.135,,,,,,,100,,,,,,,,,,,,,,,,
8250,8,WR0AEN,Open,On-Air,,,,39.6732,-105.48,Clear Creek,CO,"Idaho Springs, Squaw Mountain",444,449,,,,,,,136.5,136.5,,,,,,,,,,,,,,,
15900,8,N0SZ,Open,On-Air,,,,39.15250015,-105.16400146,Douglas,CO,Westcreek,441.875,446.875,,,,6,310846,,,,,,,,,,,,,,,,,,
84,8,N0PYY,Open,On-Air,,,,39.6781,-105.487,Clear Creek,CO,"Evergreen, Squaw Mountain",147.9,147.3,,,,,,,103.5,103.5,,,,,,,,,,,,,,,
94,8,W0CFI,Open,On-Air,,,,39.6774,-105.488,Denver,CO,"Idaho Springs, Squaw Mountain",443.675,448.675,,,,,,,100,100,,,,,,,,,,,,,,,
95,8,WG0N,Open,On-Air,,,,39.7425,-105.514,Denver,CO,"Idaho Springs, Squaw Mountain",444.05,449.05,,,,,,,107.2,107.2,,,,,,,,,,,,,,,
78,8,KB0UDD,Open,On-Air,,,,39.6794,-105.492,Clear Creek,CO,"Idaho Springs, Squaw Mountain",146.07,146.67,,,,,,,100,100,,,,,,,,,,,,,,,
107,8,W0CRA,Open,On-Air,,,,39.6794,-105.492,Clear Creek,CO,"Idaho Springs, Squaw Mountain",144.545,145.145,,,,,,,107.2,107.2,,,,,,,,,,,,,,,
264,8,W0CRA,Open,On-Air,,,,39.6794,-105.492,Clear Creek,CO,"Idaho Springs, Squaw Mountain",442.575,447.575,,,,,,,107.2,107.2,,,347088,3291,,,,,,,,,,,
76,8,W0TX,Open,On-Air,,,,39.6794,-105.492,Jefferson,CO,"Idaho Springs, Centennial Cone",144.89,145.49,,,,,,,100,100,,,,,,,,,,,,,,,
98,8,W0TX,Open,On-Air,,,,39.6794,-105.492,Clear Creek,CO,"Idaho Springs, Squaw Mountain",444.35,449.35,,,,,,,100,100,,,4140,,,,,,,,,,,,
7190,8,N0SZ,Open,On-Air,,,,39.6798,-105.493,Clear Creek,CO,"Idaho Springs, Squaw Mountain",441.9375,446.9375,,,,7,,,,,,,,,,,,,,,,,,,
8197,8,N0SZ,Open,On-Air,,,,39.6797,-105.493,Clear Creek,CO,"Idaho Springs, Squaw Mountain",443.225,448.225,,,,,,,141.3,141.3,,,,,,,,,,,,,,,
81,8,W0WYX,Open,On-Air,,,,39.6798,-105.493,Clear Creek,CO,"Idaho Springs, Squaw Mountain",146.34,146.94,,,,,,,103.5,103.5,,,,,,,,,,,,,,,
46,8,,Open,On-Air,,,,38.83810043,-104.82099915,El Paso,CO,Colorado Springs,147.87,147.27,,,,,,,,,,,,,,,,,,,,,,,
43,8,K0IRP,Open,On-Air,,,,38.83810043,-104.82099915,El Paso,CO,Colorado Springs,146.31,146.91,,,,,,,151.4,151.4,,,,,,,,,,,,,,,
99,8,K1DUN,Open,On-Air,,,,39.6794,-105.493,Clear Creek,CO,"Idaho Springs, Squaw Mountain",444.45,449.45,,,,,,,103.5,127.3,,,,,,,,,,,,,,,
48,8,W0MOG,Open,On-Air,,,,38.83810043,-104.82099915,El Paso,CO,Colorado Springs,147.99,147.39,,,,,,,103.5,,,,,,,,,,,,,,,,
3889,20,NW0K,Open,On-Air,,,,39.3915,-101.074,Thomas,KS,Colby,146.22,146.82,,,,,,,156.7,156.7,,,,7552,,,,,,,,,,,
8211,8,,Closed,On-Air,,,,38.83390045,-104.82099915,El Paso,CO,Colorado Springs,444.575,449.575,,,,,,,,,,,,,,,,,,,,,,,
8200,8,AA0L,Open,On-Air,,,,38.83390045,-104.82099915,El Paso,CO,Colorado Springs,443.3,448.3,,,,,,,100,,,,,,,,,,,,,,,,
50,8,K0IRP,Open,On-Air,,,,38.83390045,-104.82099915,El Paso,CO,Colorado Springs,442.35,447.35,,,,,,,151.4,,,,,,,,,,,,,,,,
8182,8,KB0SRJ,Closed,Other,,,,38.83390045,-104.82099915,El Paso,CO,Colorado Springs,222.46,224.06,,,,,,,,,,,,,,,,,,,,,,,
49,8,KF0WF,Open,Off-Air,,,,38.83390045,-104.82099915,El Paso,CO,Colorado Springs,442.025,447.025,,,,,,,123,,,,,,,,,,,,,,,,
8198,8,N0KG,Open,Off-Air,,,,38.83390045,-104.82099915,El Paso,CO,"Colorado Springs, Broadmoor Area",443.25,448.25,,,,,,,123,,,,,,,,,,,,,,,,
51,8,NX0G,Open,On-Air,,,,38.83390045,-104.82099915,El Paso,CO,Colorado Springs,442.475,447.475,,,,,,,107.2,,,,,,,,,,,,,,,,
55,8,W0MOG,Open,Other,,,,38.83390045,-104.82099915,El Paso,CO,Colorado Springs,443.6,448.6,,,,,,,114.8,,,,,,,,,,,,,,,,
3537,8,W0MOG,Open,On-Air,,,,38.83390045,-104.82099915,Teller,CO,Colorado Springs,902.8,927.8,,,,,,,,,,,,,,,,,,,,,,116,
8191,8,WA6IFI,Open,On-Air,,,,38.83390045,-104.82099915,El Paso,CO,Colorado Springs,442.55,447.55,,,,,,,123,,,,,,,,,,,,,,,,
9503,8,KA4EPS,Open,On-Air,,,,38.9878006,-105.04399872,Teller,CO,"Woodland Park, Paradise Pines",444.325,449.325,,,,,,,103.5,103.5,,,,,,,27976,,,,,,,,
249,8,KA0WUC,Open,Other,,,,38.9939003,-105.05599976,Teller,CO,Woodland Park,144.815,145.415,,,,,,,179.9,,,,,,,,,,,,,,,,
252,8,KA0WUC,Open,Other,,,,38.9939003,-105.05599976,Teller,CO,Woodland Park,444.025,449.025,,,,,,,141.3,,,,,,,,,,,,,,,,
250,8,NX0G,Open,On-Air,,,,38.9939003,-105.05599976,Teller,CO,Woodland Park,146.22,146.82,,,,,,,107.2,,,,,,,,,,,,,,,,
251,8,NX0G,Open,On-Air,,,,38.9939003,-105.05599976,Teller,CO,Woodland Park,443.65,448.65,,,,,,,107.2,,,,,,,,,,,,,,,,
8193,8,KA0WUC,Open,On-Air,,,,38.9939003,-105.05699921,Teller,CO,Woodland Park,442.675,447.675,,,,,,,179.9,179.9,,,,,,,,,,,,,,,
3750,8,KA0WUC,Open,On-Air,,,,38.99380112,-105.05699921,Teller,CO,Woodland Park,902.9,927.9,,,,,,,,,,,,,,,,,,,,,,205,
11356,31,WD0BQM,Open,On-Air,,,,41.95100021,-103.80000305,Scotts Bluff,NE,Mitchell,445.1,445.1,,,,,,,100,100,,,,3942,,,,,,,,,,,
56,8,KA0TTF,Open,On-Air,,,,38.77999878,-104.84999847,El Paso,CO,"Colorado Springs, Fillmore Hill",443.725,448.725,,,,,,,123,,,,,,,,,,,,,,,,
7,8,AB0PC,Open,On-Air,,,,39.4056,-105.473,Park,CO,"Bailey, Dick Mountain",146.295,146.895,,,,,,,100,100,,,,,,,45835,,,,,,,,
37,8,KB0VJJ,Open,On-Air,,,,38.74520111,-104.86199951,El Paso,CO,"Colorado Springs, Cheyenne Mountain",144.53,145.13,,,,,,,88.5,123,,,,,,,,,,,,,,,
8087,8,KC0CVU,Open,Off-Air,,,,38.74509811,-104.86199951,El Paso,CO,"Colorado Springs, Cheyenne Mountain",441.9125,446.9125,,,,,,,,,,,,,,,,,,,,KC0CVU (B) Repeater,,,
7171,8,KC0CVU,Open,On-Air,,,,38.74499893,-104.86199951,Teller,CO,"Colorado Springs, Cheyenne Mountain",902.85,927.85,,,,,,,,,,,,,,,,,,,,,,114,
12355,8,N0SZ,Open,On-Air,,,,38.74509811,-104.86199951,El Paso,CO,"Colorado Springs, Cheyenne Mountain",440.0625,445.0625,,,,1,310857,,,,,,,,,,,,,,,,,,
8158,8,WA6IFI,Open,On-Air,,,,38.74499893,-104.86199951,El Paso,CO,"Colorado Springs, Cheyenne Mountain",51.43,53.13,,,,,,,107.2,107.2,,,,,,,,,,,,,,,
8088,8,KC0CVU,Open,Testing,,,,38.74449921,-104.86199951,El Paso,CO,"Colorado Springs, Cheyenne Mountain",144.785,145.385,,,,,,,,,,,,,,,,,,,,KC0CVU (C) Repeater,,,
47,8,KC0CVU,Open,On-Air,,,,38.73720169,-104.87999725,El Paso,CO,"Colorado Springs, Cheyenne Mountain",147.945,147.345,,,,,,,107.2,107.2,,,,3854,,,,,,,,,,,
38,8,W0CRA,Open,On-Air,,,,38.73720169,-104.87999725,El Paso,CO,"Colorado Springs, Cheyenne Mountain",144.56,145.16,,,,,,,107.2,107.2,,,347086,3990,,,,,,,,,,,
41,8,KC0CVU,Open,On-Air,,,,38.73720169,-104.8809967,El Paso,CO,"Colorado Springs, Cheyenne Mountain",146.16,146.76,,,,,,,107.2,107.2,,,,,,,,,,,,,,,
269,8,KC0CVU,Open,On-Air,,,,38.73720169,-104.8809967,El Paso,CO,"Colorado Springs, Cheyenne Mountain",443,448,,,,,,,107.2,,,,,,,,,,,,,,,,
53,8,KC0CVU,Open,On-Air,,,,38.73720169,-104.8809967,El Paso,CO,"Colorado Springs, Cheyenne Mountain",443.1,448.1,,,,,,,107.2,107.2,,,,,,,,,,,,,,,
44,8,KB0SRJ,Open,On-Air,,,,38.84000015,-105.04000092,El Paso,CO,"Colorado Springs, Pikes Peak",146.37,146.97,,,,,,,100,,,,,,,,,,,,,,,,
54,8,KB0SRJ,Open,On-Air,,,,38.84000015,-105.04000092,El Paso,CO,"Colorado Springs, Pikes Peak",443.45,448.45,,,,,,,100,,,,,,,,,,,,,,,,
17821,8,W1VAN,Open,On-Air,,,,40.80759811,-105.61699677,Larimer,CO,"Red Feather Lakes, Red Feather Lakes",442.6,447.6,,,,2,310869,,,,,,,,,,,,,,,,,,
10450,31,N2VHZ,Open,On-Air,,,,42.093,-102.87,Box Butte,NE,Alliance,147.615,147.015,,,,,,,,,,,775183,,,,,,,,,,,,
5220,8,K7PFJ,Open,On-Air,,,,38.77259827,-104.99299622,Teller,CO,"Colorado Springs, Almagre Mountain",441.95,446.95,,,,7,310816,,,,,,,,,,,,,,,,,,
8178,8,AA0SP,Private,On-Air,,,,38.77249908,-104.99299622,El Paso,CO,"Colorado Springs, Almagre Mountain",147.78,147.18,,,,,,,100,,,,,,,,,,,,,,,,
17250,8,N0SZ,Open,On-Air,,,,38.77199936,-104.99299622,El Paso,CO,"Colorado Springs, Almagre Mountain",144.635,145.235,,,,7,310824,,,,,,,,,,,,,,,,,,
39,8,KB0SRJ,Open,On-Air,,,,38.70000076,-104.90000153,El Paso,CO,"Colorado Springs, ~2 mi ENE USAFA North Gate",144.665,145.265,,,,,,,,,,,,,,,,,,Open ↑,Open ↓,,,,
15582,8,KB0VJJ,Open,On-Air,,,,39.8865,-105.763,Grand,CO,"Winter Park, Winter Park",147.885,147.285,,,,,,,88.5,123,,,,,,,,,,,,,,,
10034,31,N0NEB,Open,On-Air,,,,42.11700058,-102.87000275,Box Butte,NE,Alliance,146.115,146.715,,,,,,,103.5,103.5,,,,,,,,,,,,,,,
15122,31,N7UVW,Open,On-Air,,,,40.19670105,-100.625,Frontier,NE,McCook,449.5,444.5,,,,,,,151.4,,,,,,,,,,,,,,,,
15136,31,N7UVW,Open,On-Air,,,,40.1967,-100.625,Red Willow,NE,McCook,449.8,444.8,,,,,,,162.2,,,,,,,,,,,,,,,,
3756,8,WA4CCC,Open,On-Air,,,,39.9473,-105.795,Grand,CO,Winter Park,442.45,447.45,,,,,,,103.5,,,,,,,,,,,,,,,,
18131,8,WC3W,Open,On-Air,,,,40.2392,-105.847,Clear Creek,CO,Grand Lake,444.425,449.425,,,,,,,103.5,103.5,,,,,,,45202,,,,,,,,
8214,8,,Open,Other,,,,38.9797,-105.357,Park,CO,Lake George,444.7,449.7,,,,,,,107.2,,,,,,,,,,,,,,,,
15098,20,K0WPM,Open,On-Air,,,,38.46969986,-101.75299835,Greeley,KS,Tribune,447.175,442.175,,,,,,,156.7,,,,,,,,,,,,,,,,
17395,56,KD7JNQ,Open,Other,,,,42.0625,-104.18399811,Goshen,WY,Torrington,443.325,448.325,,,,,,,151.4,,,,,,,,,,,,,,,,
195,8,ND0Q,Open,Off-Air,,,,38.39250183,-104.55500031,Pueblo,CO,"Pueblo, Baculite Mesa",222.66,224.26,,,,,,,88.5,,,,,,,,,,,,,,,,
4,56,K7UWR,Open,Off-Air,,,,41.30979919,-105.45500183,Albany,WY,"Laramie, Pilot Hill",52.03,53.03,,,,,,,,,,,,,,,,,,,,,,,
66,8,WB0WDF,Open,On-Air,,,,38.7467,-105.178,Teller,CO,Cripple Creek,442.4,447.4,,,,,,,67,,,,,,,,,,,,,,,,
65,8,NX0G,Open,On-Air,,,,38.7466,-105.178,Teller,CO,Cripple Creek,147.615,147.015,,,,,,,107.2,,,,,,,,,,,,,,,,
64,8,WB0WDF,Open,On-Air,,,,38.7466011,-105.1780014,Teller,CO,Cripple Creek,144.86,145.46,,,,,,,67,,,,,,,,,,,,,,,,
7203,8,WB0WDF,Open,Testing,,,,38.7466,-105.178,Teller,CO,Cripple Creek,223.34,224.94,,,,,,,67,,,,,,,,,,,,,,,,
67,8,WB0WDF,Open,Testing,,,,38.7466,-105.178,Teller,CO,Cripple Creek,1267.7,1287.7,,,,,,,67,,,,,,,,,,,,,,,,
193,8,W0PHC,Open,On-Air,,,,38.36240005,-104.55999756,Pueblo,CO,"Pueblo, Baculite Mesa",146.19,146.79,,,,,,,88.5,,,,,,,,,,,,,,,,
198,8,W0PHC,Open,On-Air,,,,38.36240005,-104.55999756,Pueblo,CO,Pueblo,442.95,447.95,,,,0,,,88.5,,,,,,,,,,,,,,,,
3907,20,KB0DZB,Open,Off-Air,,,,39.8321991,-100.53399658,Decatur,KS,Oberlin,144.59,145.19,,,,,,,,,,,,,,,,,,,,,,,
15899,8,K7PFJ,Open,On-Air,,,,40.0861,-105.939,Clear Creek,CO,"Granby, Mt Chauncey",441.875,446.875,,,,,,,,,,,,,,,,,,,,,,,
145,8,KA0YDW,Open,Other,,,,40.0861,-105.939,Grand,CO,Granby,146.22,146.82,,,,,,,123,,,,,,,,,,,,,,,,
170,8,KC0CVU,Open,On-Air,,,,39.0489,-105.512,Park,CO,"Lake George, Badger Mountain",147.96,147.36,,,,,,,107.2,107.2,,,,3854,,,,,,,,,,,
169,8,NX0G,Open,On-Air,,,,39.04940033,-105.51300049,Park,CO,"Lake George, Badger Mountain",146.085,146.685,,,,,,,107.2,107.2,,,,,,,,,,,,,,,
18386,8,W0CTS,Open,On-Air,,,,38.12810135,-102.53199768,Prowers,CO,Lamar,444.2,449.2,,,,1,311409,,162.2,162.2,,,,,,,,,,,,,,,
11023,31,N0IQ,Open,On-Air,,,,41.1403,-100.76,Lincoln,NE,North Platte,147.93,147.33,,,,,,,123,,,,857936,7627,,,,,,,,,,,
11022,31,N0IQ,Open,On-Air,,,,41.14030075,-100.76000214,Lincoln,NE,North Platte,449.4,444.4,,,,,,,123,,,,857936,7627,,,,,,,,,,,
11026,31,N0UGO,Open,On-Air,,,,41.1403,-100.76,Lincoln,NE,North Platte,146.34,146.94,,,,,,,123,,,,751985,7349,,,,,,,,,,,
11024,31,N0UGO,Open,Off-Air,,,,41.1403,-100.76,Lincoln,NE,North Platte,447.25,442.25,,,,,,,123,,,,751985,7349,,,,,,,,,,,
171,8,N0LAR,Open,On-Air,,,,38.08720016,-102.62000275,Prowers,CO,Lamar,444.5,449.5,,,,,,,123,123,,,37784,3774,,,,,,,,,,,
9,56,KC7SNO,Open,On-Air,,,,41.31140137,-105.59100342,Albany,WY,"Laramie, Beacon Hill",146.22,146.82,,,,,,,114.8,,,,,,,,,,,,,,,,
8173,8,NE0Z,Private,On-Air,,,,38.30690002,-104.62000275,Pueblo,CO,"Pueblo, CSU",147.6,147,,,,,,,,,,,,,,,,,,,,,,,
167,8,KC0ITF,Private,On-Air,,,,37.99950027,-103.52899933,Otero,CO,"La Junta, North La Junta",147.96,147.36,,,,,,,,123,,,,,,,,,11360,Open ↑,Open ↓,,,,
3794,8,N0LAR,Open,On-Air,,,,38.03689957,-102.59999847,Prowers,CO,Lamar,146.01,146.61,,,,,,,123,123,,,37784,3774,,,,,,,,,,,
192,8,K0ST,Open,On-Air,,,,38.25439835,-104.60900116,Pueblo,CO,"Pueblo, Pueblo",146.055,146.655,,,,,,,123,,,,,,,,,,,,,,,,
8530,8,KF0KR,Private,Off-Air,,,,38.25439835,-104.60900116,Pueblo,CO,"Pueblo, Pueblo",442.7,447.7,,,,1,310805,,210.7,210.7,,,,7389,,,29228,,,,,,,,
189,8,N0PWZ,Open,On-Air,,,,38.25439835,-104.60900116,El Paso,CO,Palmer Divide,444.725,449.725,,,,,,,100,,,,,3043,,,,,,,,,,,
7994,8,K0JSC,Open,On-Air,,,,38.3030014,-104.73400116,Pueblo,CO,Pueblo West,443.975,448.975,,,,,,,100,100,,,363976,7301,,,28368,,,,,,,,
10785,8,K0JSC,Open,Off-Air,,,,38.23070145,-104.61100006,Pueblo,CO,Pueblo,441.9875,446.9875,,,,6,310821,,,,,,,,,,,,,,,,,,
9527,8,K0JSC,Open,On-Air,,,,38.23049927,-104.61100006,Pueblo,CO,"Pueblo, Metro",442.275,447.275,,,,,,,100,100,,,,,,,,,,,,,,,
3747,8,KJ0T,Open,Off-Air,,,,38.23059845,-104.61100006,Pueblo,CO,Pueblo,147.84,147.24,,,,,,,103.5,,,,,,,,,,,,,,,,
191,8,W0PHC,Open,On-Air,,,,38.2521019,-104.66200256,Pueblo,CO,Pueblo,144.515,145.115,,,,,,,88.5,,,,,,,,,,,,,,,,
24,8,KB0VJJ,Open,On-Air,,,,39.4439,-105.969,Summit,CO,"Breckenridge, Bald Mountain",147.99,147.39,,,,,,,88.5,123,,,,,,,,,,,,,,,
16780,8,N0SZ,Open,On-Air,,,,39.459,-105.979,Fremont,CO,"Breckenridge, Baldy",440.0875,445.0875,,,,7,310830,,,,,,,,,,,,,,,,,,
4100,20,K0ECT,Open,On-Air,,,,38.78499985,-100.92099762,Logan,KS,Elkader,449.3,444.3,,,,,,,141.3,141.3,,,,,,,,,,,,,,,
194,8,W0PHC,Open,On-Air,,,,38.20700073,-104.70700073,Pueblo,CO,"Pueblo, 12 Mile Hill",146.28,146.88,,,,0,,,88.5,,,,,,,,,,,,,,,,
23,8,WB0QMR,Open,On-Air,,,,39.4817,-106.038,Summit,CO,Breckenridge,146.1,146.7,,,,,,,107.2,,,,,3972,,,,,,,,,,,
4086,20,K0ECT,Open,On-Air,,,,38.17499924,-101.76100159,Hamilton,KS,Syracuse,449,444,,,,,,,141.3,141.3,,,,,,,,,,,,,,,
15436,56,N7UW,Open,On-Air,,,,41.09719849,-105.97699738,Albany,WY,"Laramie, Jelm Mountain",147.615,147.015,,,,,,,146.2,,,,82070,,,,,,,Open ↑,Open ↓,,,,
15538,56,AE7AF,Open,On-Air,,,,42.0544014,-104.95300293,Platte,WY,Wheatland,223.08,224.68,,,,,,,,,,,,,,,,,,,,,,,
16476,56,WA7SNU,Open,On-Air,,,,42.0544014,-104.95300293,Platte,WY,Wheatland,444.625,449.625,,,,,,,151.4,,,,,,,,,,,,,,,,
33,8,WB0WDF,Open,On-Air,,,,38.5386,-105.349,Fremont,CO,"Canon City, eightmile Mountain",444,449,,,,,,,67,67,,,,,,,,,,,,,,,
12698,8,N0SZ,Open,On-Air,,,,39.0469,-105.87,Park,CO,"Fairplay, Badger",441.7625,446.7625,,,,0,,,,,,,,,,,,,,,,,,,
7185,8,K0JSC,Open,On-Air,,,,38.43009949,-105.23200226,Fremont,CO,"Canon City, Colorado",442.975,447.975,,,,,,,100,100,,,363976,7301,,,28368,,,,,,,,
278,8,KB0TUC,Open,On-Air,,,,38.45389938,-105.28600311,Fremont,CO,"Canon City, Fremont Peak",902.7,927.7,,,,,,,,,,,,,,,,,,,,,,114,
7184,8,K0JSC,Open,On-Air,,,,38.4542,-105.29,Fremont,CO,"Canon City, Fremont Peak",441.7375,446.7375,,,,7,,,,,,,,,,,,,,,,,,,
8879,8,K0JSC,Open,On-Air,,,,38.4542,-105.29,Fremont,CO,"Canon City, Fremont Peak",442.25,447.25,,,,,,,100,100,,,363976,7301,,,28368,,,,,,,,
29,8,WB0WDF,Open,On-Air,,,,38.4542,-105.29,Fremont,CO,"Canon City, Fremont Peak",51.33,53.03,,,,,,,88.5,88.5,,,,,,,,,,,,,,,
30,8,WD0EKR,Open,On-Air,,,,38.4542,-105.29,Fremont,CO,"Canon City, Fremont Peak",144.89,145.49,,,,,,,103.5,103.5,,,,,,,,,,,,,,,
31,8,WD0EKR,Open,On-Air,,,,38.4542,-105.29,Fremont,CO,"Canon City, Fremont Peak",222.36,223.96,,,,,,,103.5,103.5,,,,,,,,,,,,,,,
32,8,WD0EKR,Open,On-Air,,,,38.4542,-105.29,Fremont,CO,"Canon City, Fremont Peak",442.75,447.75,,,,,,,103.5,103.5,,,,3081,,,,,,,,,,,
5369,8,K0JSC,Open,On-Air,,,,38.0340004,-104.48899841,Pueblo,CO,"Pueblo, Cedarwood",444.975,449.975,,,,,,,100,100,,,363976,7301,,,28368,,,,,,,,
5336,8,AA0BF,Open,On-Air,,,,39.21,-106.087,Park,CO,"Fairplay, Sacramento Mountain",442.125,447.125,,,,,,,103.5,103.5,,,,,,,45840,,,,,,,,
3940,20,WA0OQA,Open,On-Air,,,,38.4846,-100.979,Scott,KS,Scott City,146.1,146.7,,,,,,,141.3,141.3,,,,,,,48589,,,Open ↑,Open ↓,,,,
166,8,KB0VJJ,Open,On-Air,,,,40.0589,-106.388,Grand,CO,"Kremmling, Santoy Peak",147.675,147.075,,,,,,,88.5,123,,,,,,,,,,,,,,,
6463,20,W0MI,Open,Off-Air,,,,38.48089981,-100.9240036,Scott,KS,"Scott City, K-Link",449.95,444.95,,,,,,,100,100,,,,,,,,,,,,,,,
172,8,KB0VJJ,Open,On-Air,,,,39.28139877,-106.18599701,Lake,CO,"Leadville, Mosquito Pass",144.845,145.445,,,,,,,88.5,,,,,,,,,,,,,,,,
16783,8,N0SZ,Open,On-Air,,,,39.2653,-106.182,Lake,CO,"Leadville, Mosquito Pass",440.05,445.05,,,,7,310852,,,,,,,,,,,,,,,,,,
9840,8,WZ0N,Open,Off-Air,,,,38.88330078,-105.93299866,Park,CO,Hartsel,443.575,448.575,,,,,,,103.5,103.5,,,,,,,,,,,,,,,
3947,20,KB0CKE,Open,On-Air,,,,37.98059845,-101.75299835,Hamilton,KS,Syracuse,146.175,146.775,,,,,,,,,,,,,,,,,,,,,,,
244,8,KB0VJJ,Open,On-Air,,,,40.6494,-106.382,Jackson,CO,"Walden, Peterson Ridge",144.56,145.16,,,,,,,88.5,123,,,,,,,,,,,,,,,
256,8,K0RV,Open,On-Air,,,,39.6061,-106.356,Eagle,CO,"Vail, Bald Mountain",146.01,146.61,,,,,,,107.2,,,,,,,,,,,,,,,,
242,8,N0AFO,Open,Off-Air,,,,39.6403,-106.374,Eagle,CO,Vail,223.2,224.8,,,,,,,,,,,,,,,,,,,,,,,
243,8,N0AFO,Open,Off-Air,,,,39.6403,-106.374,Eagle,CO,Vail,444.9,449.9,,,,,,,107.2,107.2,,,,,,,,,,,,,,,
16781,8,N0SZ,Open,On-Air,,,,39.6348,-106.447,Eagle,CO,Vail,440.075,445.075,,,,7,310851,,,,,,,,,,,,,,,,,,
10827,8,N0ZSN,Open,On-Air,,,,39.2508,-106.293,Lake,CO,"Leadville, Quail Mountain",147.84,147.24,,,,,,,156.7,156.7,,,,,,,,,,,,,,,
241,8,KB0VJJ,Open,On-Air,,,,39.6554,-106.457,Eagle,CO,Vail,147.945,147.345,,,,,,,88.5,123,,,,,,,,,,,,,,,
3956,20,N0KOM,Open,On-Air,,,,39.573,-99.986,Norton,KS,"Lenora, K-Link",146.28,146.88,,,,,,,162.2,162.2,,,,,,,49527,,,,,,,,
12643,31,W0FLO,Open,Off-Air,,,,42.72890091,-103.11100006,Dawes,NE,"Chadron, Nebraska National Forest",147.96,147.36,,,,,,,123,123,,,,,,,,,,,,,,,
247,8,W0PHC,Open,On-Air,,,,37.77190018,-104.45600128,Huerfano,CO,"Walsenburg, N Rattlesnake Butte",146.13,146.73,,,,,,,88.5,,,,,,,,,,,,,,,,
245,8,ND0Q,Open,Off-Air,,,,38.04109955,-105.18499756,Custer,CO,"Walsenburg, Deer Peak",222.72,224.32,,,,,,,88.5,,,,,,,,,,,,,,,,
197,8,W0PHC,Open,Off-Air,,,,38.04109955,-105.18499756,Pueblo,CO,Pueblo,442.175,447.175,,,,,,,88.5,,,,,,,,,,,,,,,,
12982,31,KD0AN,Open,On-Air,,,,40.2771,-99.7767,Furnas,NE,Edison,146.145,146.745,,,,,,,,,,,882742,,,,,,,,,,,,
11357,31,W0FLO,Open,On-Air,,,,42.82649994,-102.98999786,Dawes,NE,Chadron,145.62,145.62,,,,,,,100,100,,,,3936,,,,,,,,,,,
17082,31,,Open,On-Air,,,,42.82939911,-103,Dawes,NE,Chadron,446.3,446.3,,,,,,,,,,,,,,,,,,,,,,,
7189,8,KB0TUC,Open,On-Air,,,,38.1347,-105.465,Custer,CO,Westcliffe,147.66,147.06,,,,,,,77,77,,,,,,,,,,,,,,,
248,8,KB0TUC,Open,On-Air,,,,38.1347,-105.465,Custer,CO,Westcliffe,443.15,448.15,,,,,,,103.5,103.5,,,,,,,,,,,,,,,
7192,8,KB0TUC,Open,On-Air,,,,38.1347,-105.465,Custer,CO,Westcliffe,902.775,927.775,,,,,,,,,,,,,,,,,,,,,,116,116
15584,8,K0JSC,Open,On-Air,,,,38.1347,-105.466,Custer,CO,Westcliffe,443.325,448.325,,,,,,,100,100,,,,,,,,,,,,,,,
8218,8,ND0Q,Open,Off-Air,,,,38.1347,-105.466,Pueblo,CO,"Westcliffe, Deer Peak",894.1,919.1,,,,,,,88.5,,,,,,,,,,,,,,,,
3967,20,N0OMC,Open,On-Air,,,,37.93579865,-101.26399994,Kearney,KS,Lakin,146.385,146.985,,,,,,,156.7,156.7,,,,,,,,,,,,,,,
9844,8,KD0QPG,Open,On-Air,,,,38.5347,-105.999,Chaffee,CO,"Salida, Methodist Mountain",441.975,446.975,,,,,,,,,,,,,,,,,,,,KD0QPG (B) Gateway Repeater,,,
12697,8,N0SZ,Open,On-Air,,,,38.53469849,-105.99900055,Chaffee,CO,"Salida, Methodist Mountain",441.8125,446.8125,,,,7,310825,,,,,,,,,,,,,,,,,,
12983,31,N0VL,Open,On-Air,,,,40.78070068,-99.74210358,Dawson,NE,Lexington,146.25,146.85,,,,,,,123,123,,,,,,,,,,,,,,,
184,8,W0LSD,Open,On-Air,,,,38.7129,-106.2,Chaffee,CO,Nathrop,146.145,146.745,,,,,,,100,,,,,,,,,,,,,,,,
4046,20,K0ECT,Open,On-Air,,,,38.164,-100.801,Finney,KS,"Garden City, Tennis",447.5,442.5,,,,,,,141.3,141.3,,,,3885,,,,,,,,,,,
11236,20,N0NM,Open,On-Air,,,,39.26570129,-99.83360291,Graham,KS,"Hill City, K-Link",448.7,443.7,,,,,,,162.2,,,,,,,,46425,,,,,,,,
204,8,KB0VJJ,Open,On-Air,,,,38.4596,-106.011,Chaffee,CO,"Salida, Methodist Mountain",147.885,147.285,,,,,,,88.5,123,,,,,,,,,,,,,,,
203,8,KC0CVU,Open,On-Air,,,,38.4596,-106.011,Chaffee,CO,"Salida, Methodist Mountain",144.695,145.295,,,,,,,107.2,,,,,,,,,,,,,,,,
18425,8,WA6IFI,Open,On-Air,,,,38.44670105,-106.01000214,Chaffee,CO,"Salida, Methodist Mountain",902.025,927.8625,,,,,,,,,,,,,,,,,,,,,,,
13510,8,K0JSC,Open,On-Air,,,,38.4463,-106.011,Chaffee,CO,"Salida, Methodist Mountain",444.975,449.975,,,,,,,100,100,,,363976,7301,,,28368,,,,,,,,
205,8,KC0CVU,Open,On-Air,,,,38.4528,-106.018,Chaffee,CO,"Salida, Methodist Mountain",444.65,449.65,,,,,,,107.2,,,,,,,,,,,,,,,,
3811,8,WZ0N,Open,On-Air,,,,38.4528,-106.018,Chaffee,CO,"Salida, Methodist Mountain",444.925,449.925,,,,,,,103.5,103.5,,,,,,,,,,,,,,,
18345,8,W0PHC,Open,Off-Air,,,,37.77199936,-105.02200317,Huerfano,CO,"Walsenburg, Badito Cone",442.6,447.6,,,,,,,88.5,88.5,,,,,,,,,,,,,,,
237,8,KD0H,Open,On-Air,,,,40.485,-106.831,Routt,CO,Steamboat Springs,147.81,147.21,,,,,,,107.2,107.2,,,,,,,,,,,,,,,
15579,8,KB0VJJ,Open,On-Air,,,,40.48500061,-106.83200073,Routt,CO,Steamboat Springs,147.765,147.165,,,,,,,88.5,123,,,,,,,,,,,,,,,
9770,8,KB0VJJ,Open,On-Air,,,,40.48500061,-106.83200073,Routt,CO,Steamboat Springs,444.625,449.625,,,,,,,123,123,,,,,,,,,,,,,,,
8174,8,KZ0DEM,Open,Other,,,,37.4083,-102.614,Baca,CO,Springfield,147.69,147.09,,,,,,,118.8,118.8,,,,,,,,,,,,,,,
6093,8,KZ0DEM,Open,Off-Air,,,,37.40829849,-102.61399841,Baca,CO,Springfield,147.93,147.33,,,,,,,118.8,118.8,,,97142,7142,,,,,,,,,,,
4588,8,KZ0DEM,Open,On-Air,,,,37.4083,-102.614,Baca,CO,Springfield,444.2,449.2,,,,,,,118.8,118.8,,,97142,7142,,,,,,,,,,,
3792,8,KZ0DEM,Open,Off-Air,,,,37.36999893,-102.85900116,Las Animas,CO,"Pritchett, Tator Butte",146.04,146.64,,,,,,,100,100,,,,,,,,,,,,,,,
10023,20,N0KOM,Open,On-Air,,,,39.66400146,-99.57700348,Phillips,KS,"Logan, KS-DMR",449.475,444.475,,,,1,310597,,,,,,,,,,,,,,,,,,
3959,20,WA0OQA,Open,On-Air,,,,37.9717,-100.873,Finney,KS,Garden City,146.31,146.91,,,,,,,141.3,141.3,,,,,,,48588,,,,,,,,
17522,8,KZ0DEM,Open,Other,,,,37.37469864,-102.4469986,Baca,CO,Vilas,441.7625,446.7625,,,,7,310841,,,,,,,,,,,,,,,,,,
16404,56,KG7OMT,Open,On-Air,,,,42.84999847,-104.61699677,Niobrara,WY,"Lusk, 77 Hill",147.93,147.33,,,,,,,103.5,,,,,,,,,,,,,,,,
18580,8,K0SLV,Open,On-Air,,,,37.58418274,-106.13030243,Rio Grande,CO,Monte Vista,444.625,449.625,,,,,,,94.8,,,,,,,,,,,,,,,,
14200,8,N0KM,Open,On-Air,,,,37.7531,-106.109,Rio Grande,CO,Center,146.04,146.64,,,,,,,77,77,,,,,,,28781,,,,,,,,
16645,8,N0KM,Open,On-Air,,,,37.75,-106.115,Saguache,CO,Center,442.1,447.1,,,,,,,77,,,,,,,,,,,,,,,,
13485,8,N0ZSN,Open,On-Air,,,,37.34069824,-105.02400208,Las Animas,CO,"La Veta, Cordova Pass",444.75,449.75,,,,,,,100,100,,,363976,7301,,,28368,,,,,,,,
168,8,N0JPX,Open,On-Air,,,,37.50500107,-105.00700378,Huerfano,CO,La Veta,144.755,145.355,,,,,,,100,,,,,3974,,,,,,,,,,,
15079,35,W5SF,Open,On-Air,,,,36.90999985,-106.58000183,Rio Arriba,NM,"Chama, Overlook Mtn",147.68,147.08,,,,,,,162.2,,,,,,,,,,,,,,,,
174,35,KF5PFO,Open,On-Air,,,,36.64690018,-105.96700287,Taos,NM,"Tres Piedras, San Antonio Mountain",146.16,146.76,,,,,,,67,,,,,,,,,,,,,,,,
15616,35,NM5EM,Open,Off-Air,,,,36.64699936,-105.96700287,Taos,NM,"Tres Piedras, San Antonio Mtn.",144.575,145.175,,,,,,,141.3,,,,,,,,,,,,,,,,
15618,35,KF5PFO,Open,On-Air,,,,36.75999832,-105.30999756,Taos,NM,"Red River, Valle Vidal",144.65,145.25,,,,,,,123,,,,,,,,,,,,,,,,
63,8,WA0JS,Open,Off-Air,,,,37.8492,-106.926,Mineral,CO,Creede,146.325,146.925,,,,,,,,,,,,,,,,,,,,,,,
11288,35,NM5ML,Open,On-Air,,,,36.59780121,-105.44499969,Taos,NM,"Taos, Ski Valley",147.74,147.14,,,,,,,67,,,,,,,,,,,,,,,,
14923,8,N0PKT,Open,On-Air,,,,37.7933,-107.055,Mineral,CO,"Creede, Bristol Head",444.525,449.525,,,,,,,100,100,,,,,,,43265,,,,,,,,
188,8,N0JSP,Open,On-Air,,,,37.193,-107.1,Archuleta,CO,"Pagosa Springs, Oakbrush Hill",146.01,146.61,,,,,,,123,,,,,,,,,,,,,,,,
15635,35,NM5EM,Open,On-Air,,,,36.57799911,-105.19799805,Colfax,NM,"Eagle Nest, Touch Me Not",147.64,147.04,,,,,,,141.3,,,,,,,,,,,,,,,,
15624,35,NM5SJ,Open,On-Air,,,,36.9336,-106.999,Rio Arriba,NM,Dulce,144.83,145.43,,,,,,,136.5,,,,,,,,,,,,,,,,
8086,8,KD0RDI,Open,On-Air,,,,37.14569855,-104.57099915,Las Animas,CO,"Trinidad, Raton Pass",441.775,446.775,,,,,,,,,,,,,,,,,,,,KD0RDI (B),,,
16739,8,KD0MRC,Open,On-Air,,,,38.50630188,-106.34500122,Chaffee,CO,Maysville,144.725,145.325,,,,,,,100,,,,,,,,,,,,,,,,
8180,8,K0BV,Open,Off-Air,,,,37.16949844,-104.50099945,Las Animas,CO,"Trinidad, Raton Pass",147.975,147.375,,,,,,,100,100,,,,,,,,,,,,,,,
13499,8,KG5JL,Open,On-Air,,,,37.16949844,-104.50099945,Las Animas,CO,"Trinidad, Raton Pass",442.375,447.375,,,,,,,100,,,,,,,,,,,Open ↑,Open ↓,,,,
240,8,KC0CVU,Open,Off-Air,,,,37.16939926,-104.5,Las Animas,CO,"Trinidad, Raton Pass",444.6,449.6,,,,,,,107.2,,,,,,,,,,,,,,,,
6805,35,KD0RDI,Open,On-Air,,,,36.99250031,-104.47399902,Colfax,NM,"Raton, Raton Pass",441.775,446.775,,,,,,,,,,,,,,,,,,,,KD0RDI (B) Repeater,,,
239,8,WA6IFI,Open,On-Air,,,,36.99739838,-104.46700287,Las Animas,CO,"Trinidad, Raton Pass",144.83,145.43,,,,,,,107.2,,,,,,,,,,,,,,,,
16113,35,N5GDR,Open,On-Air,,,,36.50999832,-104.91000366,Colfax,NM,Maxwell,144.61,145.21,,,,,,,110.9,110.9,,,,,,,46298,,,,,,,,
15606,35,KF5PFO,Open,On-Air,,,,36.24700165,-105.65499878,Taos,NM,"Taos, Picuris Peak",51.5,51.5,,,,,,,100,,,,,,,,,,,,,,,,
15605,35,KF5PFO,Open,On-Air,,,,36.24700165,-105.65499878,Taos,NM,"Taos, Picuris Peak",222.8,224.4,,,,,,,225.7,,,,,,,,,,,,,,,,
15612,35,KF5PFO,Open,Off-Air,,,,36.24620056,-105.65399933,Taos,NM,"Taos, Picuris Peak",444.875,449.875,,,,,,,123,,,,,,,,,,,,,,,,
15212,8,KB0YNA,Open,On-Air,,,,38.6125,-106.543,Gunnison,CO,"Gunnison, W Mountain or Tenderfoot Mountain",442.65,447.65,,,,,,,151.4,151.4,,,,,,,,,,,,,,,
15923,35,KD5PX,Open,On-Air,,,,36.19889832,-105.88899994,Rio Arriba,NM,"Dixon, Cerro Abajo",147.78,147.18,,,,,,,100,100,,,,,,,,,,,,,,,
16607,8,KB5ITS,Open,On-Air,,,,38.03,-107.315,Hinsdale,CO,"Lake City, Hill 71",146.535,147.135,,,,,,,123,,,,,,,,,,,,,,,,
15632,35,NM5EM,Open,Off-Air,,,,36.2071991,-106.31900024,Rio Arriba,NM,"Abiquiu, Cerro Pelon",147.64,147.04,,,,,,,141.3,,,,,,,,,,,,,,,,
161,8,K5GF,Open,Other,,,,38.5458,-106.925,Gunnison,CO,Gunnison,444.95,449.95,,,,,,,,,,,,,,,,,,,,,,,
160,8,W0VTL,Open,On-Air,,,,38.5458,-106.925,Gunnison,CO,Gunnison,147.72,147.12,,,,,,,,,,,,,,,,,,,,,,,
209,8,KB5ITS,Open,On-Air,,,,37.79330063,-107.6289978,San Juan,CO,"Silverton, Kendall Mountain",147.975,147.375,,,,,,,156.7,,,,,,,,,,,,,,,,
8177,8,KB5ITS,Open,On-Air,,,,37.115,-107.633,La Plata,CO,"Ignacio, Spring Creek",147.75,147.15,,,,,,,100,,,,,,,,,,,,,,,,
210,8,KB5ITS,Open,On-Air,,,,37.81190109,-107.66400146,San Juan,CO,Silverton,442.525,447.525,,,,,,,127.3,,,,,,,,,,,,,,,,
16605,8,KB5ITS,Open,On-Air,,,,37.8119,-107.665,San Juan,CO,"Silverton, Buffalo Boy",144.725,145.325,,,,,,,127.3,,,,,,,,,,,,,,,,
16624,8,KB5ITS,Open,On-Air,,,,37.8119,-107.665,San Juan,CO,"Silverton, Hazelton",449,444,,,,,,,67,,,,,,,,,,,,,,,,
114,8,KB0VJJ,Open,On-Air,,,,37.35,-107.767,La Plata,CO,"Durango, Missionary Ridge",147.945,147.345,,,,,,,88.5,123,,,,,,,,,,,,,,,
116,8,K0EP,Open,On-Air,,,,37.3828,-107.778,La Plata,CO,"Durango, Missionary Ridge",146.1,146.7,,,,,,,100,100,,,,,,,,,,,,,,,
16782,8,N0SZ,Open,On-Air,,,,37.3669,-107.785,La Plata,CO,"Durango, Missionary Ridge",440.1375,445.1375,,,,7,310854,,,,,,,,,,,,,,,,,,
16604,8,KB5ITS,Open,On-Air,,,,38.02280045,-107.67099762,Ouray,CO,"Ouray, Engineer Mountain",147.87,147.27,,,,,,,127.3,,,,,,,,,,,,,,,,
15644,35,KB5ITS,Open,On-Air,,,,36.8,-107.62,San Juan,NM,"Navajo Dam, Navajo Lake",147.96,147.36,,,,,,,100,,,,,,,,,,,,,,,,
208,8,KB5ITT,Open,On-Air,,,,37.6992,-107.806,San Juan,CO,"Silverton, Engineer Mountain",147.87,147.27,,,,,,,127.3,,,,,,,,,,,,,,,,
115,8,KC5EVE,Open,On-Air,,,,37.2753,-107.879,La Plata,CO,Durango,443.625,448.625,,,,,,,131.8,131.8,,,,,,,,,,,,,,,
11546,8,K0EP,Open,On-Air,,,,37.27529907,-107.87999725,La Plata,CO,Durango,444.85,449.85,,,,,,,100,100,,,,,,,,,,,,,,,
9407,35,KA5BIW,Open,On-Air,,,,35.89199829,-106.28500366,Los Alamos,NM,Los Alamos,222.44,224.04,,,,,,,100,100,,,,,,,,,,,,,,,
15608,35,KA5BIW,Open,On-Air,,,,35.89199829,-106.28500366,Los Alamos,NM,Los Alamos,447,442,,,,,,,100,,,,,,,,,,,,,,,,
5181,35,NM5WR,Open,On-Air,,,,35.88809967,-106.30699921,Los Alamos,NM,Los Alamos,447.425,442.425,,,,,,,,,,,,,,,,,,,,NM5WR (B),,,
16629,35,KC2HSO,Open,On-Air,,,,35.88000107,-106.3030014,Los Alamos,NM,Los Alamos,144.265,144.265,,,,,,,203.5,,,,,8039,,,,,,,,,,,
16602,35,KE8AVN,Open,On-Air,,,,35.88,-106.303,Los Alamos,NM,Los Alamos,447.925,442.925,,,,1,,,,,,,,,,,,,,,,,,,
12228,35,WD9CMS,Open,On-Air,,,,35.88000107,-106.3030014,Los Alamos,NM,Los Alamos,902.9,927.9,,,,,,,,,,,,,,,,,,,,,293,,
11545,8,KB5ITS,Open,On-Air,,,,37.2622,-107.906,La Plata,CO,"Durango, Smelter Mountain",147.735,147.135,,,,,,,100,100,,,,,,,,,,,,,,,
196,35,KB5RX,Open,On-Air,,,,35.88399887,-106.38200378,Los Alamos,NM,"Los Alamos, Pajarito Mountain",222.34,223.94,,,,,,,,,,,,,,,,,,,,,,,
15733,35,NM5BB,Open,On-Air,,,,35.88669968,-106.39499664,Los Alamos,NM,"Los Alamos, Pajarito Mountain",447.225,442.225,,,,7,313505,,,,,,,,,,,,,,,,,,
18232,35,NM5EC,Open,On-Air,,,,35.88669968,-106.39499664,Los Alamos,NM,"Los Alamos, Pajarito Mountain",144.59,145.19,,,,,,,,,,,,,,,,,,,,NM5EC (C) Repeater,,,
118,35,W5SF,Open,On-Air,,,,35.8877,-106.4,Los Alamos,NM,"Los Alamos, Pajarito Mountain",144.59,145.19,,,,,,,,,,,,,,,,,,,,W5SF (C) Repeater,,,
16667,35,NM5SJ,Open,On-Air,,,,36.95,-107.85,San Juan,NM,"Nebo, Cedar Hill",147.66,147.06,,,,,,,100,,,,,,,,,,,,,,,,
17998,8,AD0RM,Open,On-Air,,,,38.18,-107.79,Ouray,CO,"Ridgway, On top of Log Hill",442.8,447.8,,,,1,,,,,,,,,,,,,,,,,,,
11289,35,NM5ML,Open,On-Air,,,,35.98429871,-104.90100098,Mora,NM,"Wagon Mound, Turkey Mountain",147.8,147.2,,,,,,,67,,,,,,,,,,,,,,,,
15621,35,NM5EM,Open,Off-Air,,,,35.984,-104.901,Mora,NM,"Wagon Mound, Turkey Mtn",144.77,145.37,,,,,,,141.3,,,,,,,,,,,,,,,,
15631,35,NM5EM,Open,On-Air,,,,35.78530121,-105.78199768,Santa Fe,NM,"Santa Fe, Tesuque Peak",147.62,147.02,,,,,,,141.3,,,,,,,,,,,,,,,,
155,35,KB5ZQE,Open,On-Air,,,,35.78499985,-105.78099823,Santa Fe,NM,"Santa Fe, Tesuque Peak",447.825,442.825,,,,,,,131.8,,,,,,,,,,,,,,,,
153,35,W5SF,Open,On-Air,,,,35.78499985,-105.78099823,Santa Fe,NM,"Santa Fe, Tesuque Peak",146.22,146.82,,,,,,,162.2,,,,,,,,,,,,,,,,
15615,35,NM5EM,Open,Off-Air,,,,36.02220154,-106.95800018,Sandoval,NM,"Cuba, Eureka Mesa",144.575,145.175,,,,,,,141.3,,,,,,,,,,,,,,,,
15213,8,KB0YNA,Open,On-Air,,,,38.38750076,-107.6740036,Montrose,CO,"Montrose, Waterdog Peak",443.65,448.65,,,,,,,,151.4,,,,,,,,,,,,,,,
69,8,WA4HND,Open,On-Air,,,,38.3875,-107.674,Montrose,CO,"Montrose, Waterdog Peak",442.2,447.2,,,,,,,107.2,107.2,,,,3710,,,,,,,,,,,
113,8,K0EP,Open,On-Air,,,,37.41529846,-108.01200104,La Plata,CO,"Durango, Eagle Pass",146.07,146.67,,,,,,,100,100,,,,,,,,,,,,,,,
15622,35,W5HO,Open,Off-Air,,,,35.86729813,-106.63800049,Santa Fe,NM,La Cueva,144.81,145.41,,,,,,,100,,,,,,,,,,,,,,,,
8169,8,KB0VIU,Open,On-Air,,,,37.3,-108.028,La Plata,CO,Hesperus,144.77,145.37,,,,,,,100,100,,,,,,,,,,,,,,,
11429,35,KF5VBD,Closed,On-Air,,,,36.65,-107.791,San Juan,NM,"Bloomfield, Harris Mesa",1272.3,1292.3,,,,,,,,,,,,,,,,,,,,KF5VBD (A) Gateway Repeater,,,
254,8,KB0YNA,Open,On-Air,,,,37.991,-107.972,San Miguel,CO,"Telluride, Gray Head",444.7,449.7,,,,,,,107.2,107.2,,,,3710,,,,,,,,,,,
74,35,N5BOP,Open,Off-Air,,,,36.76110077,-103.83399963,Union,NM,Des Moines,449.8,444.8,,,,,,,77,,,,,,,,,,,,,,,,
15638,35,NM5EM,Open,On-Air,,,,36.76110077,-103.83399963,Union,NM,"Des Moines, Sierra Grande",147.775,147.175,,,,,,,141.3,,,,,,,,,,,,,,,,
17323,35,,Open,On-Air,,,,35.68700027,-105.93800354,Bernalillo,NM,Santa Fe,144.59,145.19,,,,,,,162.2,,,,,,,,,,,,,,,,
13769,35,W5SF,Open,On-Air,,,,35.687,-105.938,Santa Fe,NM,Santa Fe,144.61,145.21,,,,,,,,,,,,,,,,,,,,W5SF (C) Gateway Repeater,,,
13768,35,W5SF,Open,On-Air,,,,35.68700027,-105.93800354,Santa Fe,NM,Santa Fe,449.575,444.575,,,,,,,,,,,,,,,,,,,,W5SF (B) Gateway Repeater,,,
18015,35,WR7HLN,Open,On-Air,,,,35.67869949,-105.99199677,Bernalillo,NM,Santa Fe,448.15,443.15,,,,1,310992,,,,,,,,,,,,,,,,,,
154,35,W5SF,Open,On-Air,,,,35.6593,-105.945,Santa Fe,NM,"Santa Fe, St Vincent Hospital",147.8,147.2,,,,,,,162.2,,,,,,,,,,,,,,,,
15629,35,KB5ITS,Open,On-Air,,,,36.8222,-107.993,San Juan,NM,"Aztec, Tank Mtn",146.28,146.88,,,,,,,100,,,,,,,,,,,,,,,,
12413,35,N5UBJ,Open,On-Air,,,,36.8222,-107.993,San Juan,NM,Aztec,447.25,442.25,,,,1,313502,,,,,,,,,,,,,,,,,,
18459,8,KB5ITS,Open,On-Air,,,,37.36460114,-108.14800262,Montezuma,CO,"Mancos, Caviness",144.725,145.325,,,,,,,,,,,,,,,,,,,,,,,
15896,8,KB5ITS,Open,On-Air,,,,37.36,-108.15,Montezuma,CO,"Mancos, Caviness Mountain",447.375,442.375,,,,,,,100,,,,,,,,,,,,,,,,
10216,35,K9GAJ,Open,On-Air,,,,35.651,-105.992,Santa Fe,NM,Santa Fe,444.275,449.275,,,,,,,146.2,,,,,3939,,,,,,,,,,,
16280,35,KF5VBE,Closed,On-Air,,,,36.7823,-107.988,San Juan,NM,Aztec,1271.1,1291.1,,,,,,,,,,,,,,,,,,,,KF5VBE (A) Repeater,,,
13566,35,KF5SGT,Open,On-Air,,,,35.64799881,-105.98500061,Santa Fe,NM,Santa Fe,442.775,447.775,,,,,,,100,,,,,7326,,,,,,,,,,,
18465,8,KB5ITS,Open,On-Air,,,,38.41740036,-107.84600067,Montrose,CO,"Montrose, Raspberry",443.825,448.825,,,,,,,100,,,,,,,,,,,,,,,,
18461,35,KB5ITS,Open,On-Air,,,,36.80630112,-108.0019989,Taos,NM,"Aztec, Hottel Hill",146.01,146.61,,,,,,,100,,,,,,,,,,,,,,,,
11428,35,KF5VBE,Open,On-Air,,,,36.7817,-107.99,San Juan,NM,Farmington,144.515,145.115,,,,,,,,,,,,,,,,,,,,KF5VBE (C) Gateway Repeater,,,
16636,35,KB5ITS,Open,On-Air,,,,36.7111,-107.985,San Juan,NM,Bloomfield,443.65,448.65,,,,,,,127.3,,,,,,,,,,,,,,,,
260,8,K0VQ,Open,On-Air,,,,39.1761,-106.829,Pitkin,CO,"Aspen, Aspen Mountain",442.05,447.05,,,,,,,136.5,136.5,,,,,,,,,,,,,,,
12442,8,KC0UUX,Open,On-Air,,,,38.4783,-107.876,Montrose,CO,Montrose,146.31,146.91,,,,,,,107.2,107.2,,,,,,,,,,,,,,,
7953,8,KD5OPD,Open,On-Air,,,,38.4783,-107.876,Montrose,CO,Montrose,146.19,146.79,,,,,,,107.2,107.2,,,,,,,,,,,,,,,
101,35,N9PGQ,Open,Off-Air,,,,35.59109879,-105.73200226,Santa Fe,NM,La Cueva,52.2,53.2,,,,,,,107.2,,,,,,,,,,,,,,,,
102,35,N9PGQ,Open,Other,,,,35.59109879,-105.73200226,Santa Fe,NM,La Cueva,146.24,146.84,,,,,,,107.2,,,,,,,,,,,,,,,,
8168,8,KB5ITS,Open,On-Air,,,,37.32600021,-108.2480011,Montezuma,CO,"Mancos, Menefee Mountain",144.725,145.325,,,,,,,100,,,,,,,,,,,,,,,,
15895,8,N5UBJ,Open,On-Air,,,,37.34500122,-108.28900146,Montezuma,CO,"Mancos, Caviness Mountain",441.7375,446.7375,,,,6,310826,,,,,,,,,,,,,,,,,,
211,8,K0CL,Open,On-Air,,,,39.2131,-106.937,Pitkin,CO,Snowmass Village,146.07,146.67,,,,,,,107.2,,,,,,,,,,,,,,,,
9767,35,NM5SC,Open,On-Air,,,,35.69670105,-106.85900116,Sandoval,NM,"San Ysidro, Pajarito Peak",448.1,443.1,,,,,,,100,,,,,,,,27748,,,,,,,,
8179,8,KI0MR,Open,On-Air,,,,38.8683,-107.592,Delta,CO,Paonia,147.93,147.33,,,,,,,107.2,,,,,,,,,,,,,,,,
87,35,K5WY,Open,Other,,,,36.7281,-108.218,San Juan,NM,Farmington,444,449,,,,,,,100,,,,,,,,,,,,,,,,
15650,35,KF5VBF,Open,On-Air,,,,36.7281,-108.219,San Juan,NM,Farmington,449.15,444.15,,,,,,,,,,,,,,,,,,,,KF5VBF (B) Repeater,,,
12412,35,N5UBJ,Open,On-Air,,,,36.7281,-108.219,San Juan,NM,Farmington,447.325,442.325,,,,1,313501,,,,,,,,,,,,,,,,,,
16279,35,KF5VBF,Closed,On-Air,,,,36.7083,-108.226,San Juan,NM,"Farmington, Farmington Bluffs",1271.7,1291.7,,,,,,,,,,,,,,,,,,,,KF5VBF (A) Repeater,,,
16606,8,KB5ITS,Open,On-Air,,,,37.4739,-108.505,Montezuma,CO,"Cortez, Goodman",144.59,145.19,,,,,,,100,,,,,,,,,,,,,,,,
16623,8,KB5ITS,Open,On-Air,,,,37.4739,-108.505,Montezuma,CO,"Dolores, Summit Ridge",442.275,447.275,,,,,,,100,,,,,,,,,,,,,,,,
16603,35,K5YEJ,Open,On-Air,,,,35.59930038,-107.09600067,Sandoval,NM,"San Luis, Cabezon",448,443,,,,,,,100,,,,,,,,,,,,,,,,
117,35,WA5IHL,Closed,On-Air,,,,35.40399933,-105.19300079,San Miguel,NM,"Las Vegas, Mesa Apache",449.375,444.375,,,,,,,100,,,,,,,,,,,,,,,,
3745,8,KC0QXX,Open,Other,,,,38.9016,-107.926,Delta,CO,"Cedaredge, Cedar Mesa",147.795,147.195,,,,,,,107.2,,,,,,,,,,,,,,,,
3749,8,W0ALC,Open,On-Air,,,,38.90159988,-107.9260025,Delta,CO,Cedaredge,147.96,147.36,,,,,,,100,,,,,,,,,,,,,,,,
3760,8,W0ALC,Open,Other,,,,38.9016,-107.926,Delta,CO,Cedaredge,444.825,449.825,,,,,,,100,,,,,,,,,,,,,,,,
61,8,KD5LWU,Open,On-Air,,,,37.3489,-108.585,Montezuma,CO,"Cortez, Downtown",146.19,146.79,,,,,,,127.3,127.3,,,24336,,,,29317,,,,,,,,
62,8,KD5LWU,Open,Off-Air,,,,37.34889984,-108.58499908,Montezuma,CO,Cortez,444.175,449.175,,,,,,,127.3,,,,24336,,,,,,,,,,,,
6009,8,K0VQ,Open,On-Air,,,,39.4247,-107.097,Garfield,CO,"Carbondale, Missouri Heights",442.15,447.15,,,,,,,136.5,,,,8150,,,,,,,,,,,,
14763,35,NM5SV,Open,On-Air,,,,35.33599854,-106.44100189,Sandoval,NM,"Placitas, Sandia Peak",448.4,443.4,,,,,,,100,,,,,,,,,,,,,,,,
9768,35,NM5SC,Open,On-Air,,,,35.30749893,-106.45700073,Sandoval,NM,"Placitas, La Madera",147.68,147.08,,,,,,,100,,,,,,,,28176,,,,,,,,
35,8,K0ELK,Open,On-Air,,,,39.4,-107.315,Garfield,CO,"Carbondale, Four Mile Ridge",444.725,449.725,,,,,,,179.9,,,,,3722,,,28434,,,,,,,,
259,8,K0SNO,Open,On-Air,,,,39.4,-107.315,Garfield,CO,"Carbondale, Four Mile Ridge",147.99,147.39,,,,,,,107.2,,,,,,,,,,,,,,,,
3755,8,,Open,Other,,,,38.9944,-107.973,Delta,CO,"Cedaredge, Grand Mesa",442.35,447.35,,,,,,,107.2,,,,,,,,,,,,,,,,
149,8,KB0VJJ,Open,On-Air,,,,39.06669998,-107.93599701,Mesa,CO,"Grand Junction, Grand Mesa",144.755,145.355,,,,,,,88.5,123,,,,,,,,,,,,,,,
8763,8,KB0YNA,Open,On-Air,,,,39.0666,-107.937,Mesa,CO,"Grand Junction, Grand Mesa",444.65,449.65,,,,,,,151.4,151.4,,,,8162,,,,,,,,,,,
129,8,KB0VJJ,Open,On-Air,,,,39.4264,-107.38,Garfield,CO,"Glenwood Springs, Sunlight Peak",146.25,146.85,,,,,,,88.5,123,,,,,,,,,,,,,,,
130,8,KI0G,Open,On-Air,,,,39.42639923,-107.37999725,Garfield,CO,"Glenwood Springs, Sunlight Peak",146.28,146.88,,,,,,,107.2,,,,,,,,,,,,,,,,
132,8,KI0G,Open,On-Air,,,,39.4264,-107.38,Garfield,CO,"Glenwood Springs, Sunlight Peak",442.1,447.1,,,,,,,107.2,,,,,,,,,,,,,,,,
255,8,N0XLI,Open,On-Air,,,,39.4264,-107.38,Garfield,CO,"Glenwood Springs, Sunlight Peak",444.6,449.6,,,,,,,107.2,,,,,,,,,,,,,,,,
11724,35,WA6CCB,Closed,Off-Air,,,,35.21829987,-106.4509964,Bernalillo,NM,"Albuquerque, Sandia Peak",448.75,443.75,,,,,,,100,,,,,,,,,,,,,,,,
4208,35,WB5IUZ,Open,Off-Air,,,,35.21670151,-106.44999695,Bernalillo,NM,"Albuquerque, Sandia Crest",50.7,51.7,,,,,,,156.7,,,,,,,,,,,,,,,,
151,35,WR7HLN,Open,On-Air,,,,35.2167,-106.45,Bernalillo,NM,"Albuquerque, Sandia Crest",448.3,443.3,,,,1,310792,,,,,,,,,,,,,,,,,,
3112,35,KC5IPK,Open,On-Air,,,,35.2744,-106.737,Sandoval,NM,Rio Rancho,447.75,442.75,,,,,,,162.2,,,,214956,7855,,,,,,,,,,,
141,35,NM5RR,Open,On-Air,,,,35.2743988,-106.73699951,Sandoval,NM,"Rio Rancho, Rainbow",448,443,,,,,,,100,,,,,,,,27750,,,,,,,,
12414,35,KA8JMW,Open,On-Air,,,,35.21350098,-106.44999695,Bernalillo,NM,"Albuquerque, Sandia Crest",447.9,442.9,,,,7,313503,,,,,,,,,,,,,,,,,,
9295,35,W5MPZ,Open,On-Air,,,,35.21030045,-106.44999695,Bernalillo,NM,"Albuquerque, Sandia Crest",448.825,443.8,,,,,,,,,,,,,,,,,,,,W5MPZ (B) Repeater,,,
16498,35,N5QD,Open,On-Air,,,,35.2378006,-106.60700226,Sandoval,NM,Corrales,448.2,443.2,,,,1,313513,,,,,,,,,,,,,,,,,,
16499,35,KG5SLG,Open,Off-Air,,,,35.23279953,-106.66300201,Sandoval,NM,"Rio Rancho, NM 528 and Corrales Rd",447.4,442.4,,,,4,,,,,,,,,,,,,,,,,,,
18120,35,NM5F,Open,On-Air,,,,35.23279953,-106.66300201,Sandoval,NM,Rio Rancho,448.7,443.7,,,,,,,100,,,,27580,,,,27578,,,,,,,,
3113,35,K6LIE,Open,On-Air,,,,35.1967,-106.51,Bernalillo,NM,"Albuquerque, Northeast Heights area",222.88,224.48,,,,,,,100,,,,,3285,,,,,,,,,,,
142,35,K5CPU,Open,On-Air,,,,35.225,-106.66,Sandoval,NM,"Rio Rancho, Intel Corp",449.7,444.7,,,,,,,100,,,,,,,,,,,,,,,,
152,35,W5AOX,Open,Off-Air,,,,35.1631012,-106.34799957,Bernalillo,NM,Sandia Park,223.34,224.94,,,,,,,,,,,3061,,,,,,,,,,,,
15613,35,K5BIQ,Open,On-Air,,,,35.1735,-106.51,Bernalillo,NM,"Albuquerque, BCFD Fire Station 35",144.53,145.13,,,,,,,100,100,,,,,,,,,,,,,,,
18214,35,WB5NJU,Open,On-Air,,,,36.90100098,-103.00299835,Union,NM,Kenton,147.99,147.39,,,,,,,88.5,,,,,,,,,,,,,,,,
16283,35,KC0QIZ,Open,On-Air,,,,35.16609955,-106.54299927,Bernalillo,NM,Albuquerque,448.85,443.85,,,,,,,103.5,,,,881226,3818,,,,,,,,,,,
10214,35,NM5HD,Open,On-Air,,,,35.19760132,-106.71499634,Sandoval,NM,Rio Rancho,144.77,145.37,,,,,,,162.2,,,,,7706,,,,,,,,,,,
131,8,K0VQ,Open,Off-Air,,,,39.5506,-107.324,Garfield,CO,"Glenwood Springs, Three Mile Ridge",147.9,147.3,,,,,,,107.2,,,,266359,,,,,,,,,,,,
8181,8,KI0G,Closed,Other,,,,39.55049896,-107.32499695,Garfield,CO,Glenwood Springs,222.42,224.02,,,,,,,,,,,,,,,,,,,,,,,
8192,8,KI0G,Closed,Other,,,,39.5505,-107.325,Garfield,CO,Glenwood Springs,442.6,447.6,,,,,,,,,,,,,,,,,,,,,,,
13637,8,WA4HND,Open,On-Air,,,,39.55049896,-107.32499695,Garfield,CO,"Glenwood Springs, Lookout Mountain",444.85,449.85,,,,,,,131.8,131.8,,,,,,,,,,,,,,,
22,35,K5LXP,Open,On-Air,,,,35.1306,-106.498,Bernalillo,NM,Albuquerque,147.92,147.32,,,,,,,100,,,,,,,,,,,,,,,,
15432,35,KB5UGU,Open,On-Air,,,,35.1629982,-106.70999908,Bernalillo,NM,Albuquerque,222.3,223.9,,,,,,,,,,,87120,,,,,,,,,,,,
36,8,KB0SW,Open,Off-Air,,,,39.2406,-107.961,Mesa,CO,Collbran,444.5,449.5,,,,,,,107.2,,,,,,,,,,,,,,,,
15626,35,KD5MHQ,Open,On-Air,,,,35.109,-106.542,Bernalillo,NM,Albuquerque,146.14,146.74,,,,,,,146.2,,,,,,,,,,,,,,,,
17679,35,KA5BIW,Open,Other,,,,35.09590149,-106.52500153,Bernalillo,NM,Albuquerque,222.78,224.38,,,,,,,100,,,,,,,,,,,,,,,,
15944,35,W5MHG,Open,On-Air,,,,35.0946,-106.551,Bernalillo,NM,Albuquerque,147.465,147.465,,,,,,,88.5,,,,465010,,,,28239,,,,,,,,
16118,35,N5GU,Open,On-Air,,,,35.07920074,-106.48899841,Bernalillo,NM,"Albuquerque, Southeast",449.6,444.6,,,,1,3135092,,,,,,,,,,,,,,,,,,
173,35,NM5ML,Open,On-Air,,,,35.05310059,-106.35099792,Bernalillo,NM,"Tijeras, Cedro Peak",147.94,147.34,,,,,,,67,,,,,,,,,,,,,,,,
15614,35,K5BIQ,Open,On-Air,,,,35.053,-106.352,Bernalillo,NM,"Tijeras, Cedro Peak",144.55,145.15,,,,,,,100,100,,,,,,,,,,,,,,,
127,8,KB0YNA,Open,On-Air,,,,38.5767,-108.647,Mesa,CO,"Delta, Uncompahgre Butte",444.4,449.4,,,,,,,131.8,131.8,,,,3710,,,,,,,,,,,
16270,35,K5PRN,Open,On-Air,,,,35.08890152,-106.61799622,Bernalillo,NM,"Albuquerque, UNM Campus",447.525,442.525,,,,,,,100,,,,,,,,,,,,,,,,
15611,35,KC5ZXW,Open,Off-Air,,,,35.06679916,-106.51599884,Bernalillo,NM,Albuquerque,902.65,927.65,,,,,,,151.4,,,,,,,,,,,,,,,,
16721,8,W0BX,Open,On-Air,,,,39.0889,-108.227,Mesa,CO,"Grand Junction, Grand Mesa",441.9125,446.9125,,,,1,310868,,,,,,,,,,,,,,,,,,
16271,35,KC5ZXW,Open,On-Air,,,,35.06290054,-106.51499939,Bernalillo,NM,"Albuquerque, Southeast",449.1,444.1,,,,,,,100,,,,,,,,,,,,,,,,
17186,35,K5FIQ,Open,On-Air,,,,35.0844,-106.65,Bernalillo,NM,"Albuquerque, Northern Sandia Mountain Top",447.45,442.45,,,,,,,67,67,,,,,,,,,,,,,,,
16953,35,KE5XE,Open,Other,,,,35.08440018,-106.65000153,Bernalillo,NM,Albuquerque,438.5,443.5,,,,,,,123,,,,,,,,,,,,,,,,
16939,35,W5SCA,Open,Other,,,,35.08440018,-106.65000153,Bernalillo,NM,"Albuquerque, Sandia Crest",145.01,145.01,,,,,,,,,,,,,,,,,,,,,,,
17322,35,WA5IHL,Open,On-Air,,,,35.08440018,-106.65000153,Bernalillo,NM,"Albuquerque, Sandia Mnts",144.69,145.29,,,,,,,100,,,,,,,,,,,,,,,,
40,35,K5FIQ,Open,On-Air,,,,35.0578,-106.587,Bernalillo,NM,"Albuquerque, Op Ctr",444.8,449.8,,,,,,,67,,,,,,,,,,,,,,,,
7531,35,W5URR,Open,On-Air,,,,35.0578,-106.587,Bernalillo,NM,"Albuquerque, Op Center",444.45,449.45,,,,,,,,,,,,,,,,,,,,W5URR (B),,,
15759,35,K5BIQ,Open,On-Air,,,,35.067,-106.701,Bernalillo,NM,"Albuquerque, West Mesa",447.05,442.05,,,,,,,100,100,,,,,,,28828,,,,,,,,
200,8,N0SWE,Open,Off-Air,,,,39.4745,-107.772,Garfield,CO,Rifle,146.16,146.76,,,,,,,107.2,,,,243117,,,,,,,,,,,,
17,35,K5CQH,Open,On-Air,,,,34.98500061,-106.34500122,Bernalillo,NM,"Tijeras, Raven Road",146.12,146.72,,,,,,,100,127.3,,,880130,,,,,,,,,,,,
6939,35,KF5ERC,Open,Off-Air,,,,34.98099899,-106.3259964,Bernalillo,NM,Albuquerque,146.32,146.92,,,,,,,67,,,,714941,,,,,,,,,,,,
15732,35,WA5IHL,Open,On-Air,,,,35.06000137,-106.76999664,Bernalillo,NM,Albuquerque,447.25,442.25,,,,1,313506,,,,,,,,,,,,,,,,,,
96,35,KE5FYL,Open,On-Air,,,,35.25299835,-107.59700012,Cibola,NM,"Grants, La Mosca Peak",449.95,444.95,,,,,,,100,88.5,,,,,,,,,,,,,,,
18016,35,WR7HLN,Open,On-Air,,,,35.25289917,-107.59700012,Bernalillo,NM,"Grants, La Mosca Peak (Mount Taylor)",448.35,443.35,,,,1,310793,,,,,,,,,,,,,,,,,,
5349,35,NM5EM,Open,On-Air,,,,35.25249863,-107.59700012,Cibola,NM,"Grants, Mt Taylor",146.38,146.98,,,,,,,141.3,141.3,,,,,,,,,,,,,,,
253,8,WA4HND,Open,On-Air,,,,39.4519,-108.052,Garfield,CO,"Parachute, Mount Callahan",444.8,449.8,,,,,,,107.2,,,,,,,,,,,,,,,,
11166,35,KB5VPZ,Open,On-Air,,,,34.8415,-106.131,Torrance,NM,"McIntosh, McIntosh Post office west",442.275,447.275,,,,,,,71.9,71.9,,,943044,,,,,,,,,,,,
261,8,W0GJT,Open,On-Air,,,,39.0639,-108.55,Mesa,CO,"Grand Junction, 9 Mile, Hwy 141, Unaweep",146.22,146.82,,,,,,,107.2,,,,,,,,43554,,,,,,,,
8175,8,K0SSI,Open,On-Air,,,,39.0639,-108.551,Mesa,CO,Grand Junction,147.705,147.105,,,,,,,,,,,,,,,,,,,,,,,
8206,8,KB0SW,Closed,On-Air,,,,39.0639,-108.551,Mesa,CO,Grand Junction,444,449,,,,,,,,107.2,,,,,,,,,,,,,,,
3757,8,KC0ARV,Open,Other,,,,39.0638,-108.551,Mesa,CO,Grand Junction,442.5,447.5,,,,,,,114.8,,,,,,,,,,,,,,,,
11792,8,KD0RED,Open,On-Air,,,,39.0639,-108.551,Mesa,CO,Grand Junction,441.775,446.775,,,,,,,,,,,,,,,,,,,,KD0RED (B) Gateway Repeater,,,
11793,8,KD0SMZ,Open,On-Air,,,,39.06389999,-108.5510025,Mesa,CO,Grand Junction,444.775,449.775,,,,,,,173.8,88.5,,,7572,7573,,,,,,,,,,,
8167,8,KE0TY,Open,Other,,,,39.0639,-108.551,Mesa,CO,Grand Junction,144.62,145.22,,,,,,,107.2,,,,,,,,,,,,,,,,
15581,8,KB0VJJ,Open,On-Air,,,,39.052,-108.565,Mesa,CO,"Grand Junction, Grand Mesa",146.755,147.355,,,,,,,88.5,123,,,,,,,,,,,,,,,
15696,35,AB1Q,Open,Off-Air,,,,34.91,-106.7,Bernalillo,NM,"Albuquerque, Isleta Pueblo",447.15,442.15,,,,,,,100,,,,,,,,,,,,,,,,
15633,35,AB1Q,Open,On-Air,,,,34.90499878,-106.70600128,Bernalillo,NM,"Isleta Pueblo, 1505 Hwy 314",147.64,147.04,,,,,,,67,,,,,,,,,,,,,,,,
147,8,W0RRZ,Open,On-Air,,,,39.1173,-108.522,Mesa,CO,"Grand Junction, GJT",144.575,145.175,,,,,,,107.2,,,,,3161,,,,,,,,,,,
15625,35,K5URR,Open,On-Air,,,,35.18880081,-107.59999847,Bernalillo,NM,"Grants, MW Ridge",146.04,146.64,,,,,,,67,67,,,,,,,,,,,,,,,
15634,35,NM5EM,Open,On-Air,,,,34.9387,-104.682,Guadalupe,NM,"Santa Rosa, Moon Ranch",147.64,147.04,,,,,,,141.3,,,,,,,,,,,,,,,,
18392,8,,Open,On-Air,,,,38.97999954,-108.73999786,Mesa,CO,Glade Park,444.2,449.2,,,,,,,107.2,,,,,,,,,,,,,,,,
25,35,WA5VJY,Open,Off-Air,,,,34.8061,-106.535,Bernalillo,NM,Albuquerque,222.22,223.82,,,,,,,,,,,,,,,,,,,,,,,
15577,8,KB0VJJ,Open,On-Air,,,,40.51520157,-107.54599762,Moffat,CO,Craig,146.37,146.97,,,,,,,88.5,123,,,,,,,,,,,,,,,
3740,8,WD0HAM,Open,Other,,,,40.5152,-107.546,Moffat,CO,Craig,144.665,145.265,,,,,,,107.2,,,,,,,,,,,,,,,,
17249,8,N0SZ,Open,On-Air,,,,40.0875,-108.805,Rio Blanco,CO,"Rangely, Cathedral Bluffs",440.2625,445.2625,,,,7,310154,,,,,,,,,,,,,,,,,,
13042,49,K7QEQ,Open,On-Air,,,,38.5286,-109.322,Grand,UT,"Moab, Bald Mesa",146.16,146.76,,,,,,,88.5,,,,,,,,,,,,,,,,
52,49,K7QEQ,Open,On-Air,,,,38.5286,-109.325,Grand,UT,"Moab, Bald Mesa",444.1,449.1,,,,,,,107.2,107.2,,,,,,,,,,,,,,,
182,49,W7BYU,Open,Other,,,,40.3564,-109.146,Uintah,UT,Vernal,444.7,449.7,,,,,,,136.5,,,,,,,,,,,,,,,,
281,49,W7BYU,Open,Off-Air,,,,40.355,-109.148,Duchesne,UT,Roosevelt,146.32,146.92,,,,,,,136.5,,,,458695,,,,,,,,,,,,
13408,49,W7BAR,Open,Other,,,,40.1069,-109.378,Uintah,UT,"Vernal, Uintah County EOC",444.9,449.9,,,,,,,136.5,,,,,7705,,,,,,,,,,,
18460,49,KB5ITS,Open,On-Air,,,,37.83940125,-109.46299744,Wayne,UT,"Monticello, Abajo Peak",442.275,447.275,,,,,,,100,,,,,,,,,,,,,,,,
15548,56,KD7SU,Open,Other,,,,41.79109955,-107.23899841,Carbon,WY,Rawlins,443.3,448.3,,,,,,,100,,,,,,,,,,,,,,,,
5791,56,N7RON,Open,On-Air,,,,41.7911,-107.239,Carbon,WY,Rawlins,146.1,146.7,,,,,,,162.2,,,,,7045,,,,,,,,,,,
15551,56,N7RON,Open,Other,,,,41.79109955,-107.23899841,Carbon,WY,Rawlins,444.8,449.8,,,,,,,146.2,,,,,,,,,,,,,,,,
13858,56,WY7EOC,Closed,On-Air,,,,41.79109955,-107.23899841,Carbon,WY,Rawlins,440.05,445.05,,,,11,315609,,,,,,,,,,,,,,,,,,
13041,49,W7BYU,Open,On-Air,,,,40.2222,-110.104,Duchesne,UT,"Myton, Flat Top",144.89,145.49,,,,,,,136.5,,,,,,,,,,,,,,,,
15319,49,WX7Y,Open,On-Air,,,,39.6447,-110.348,Carbon,UT,"Sunny Side, Bruin Peak",144.575,145.175,,,,,,,,,,,,,,,,,,,,,,,
12433,56,K7PLA,Open,On-Air,,,,42.736,-106.309,Natrona,WY,"Casper, Casper Mountain",144.86,145.46,,,,,,,110.9,110.9,,,,,,,,,,,,,,,
6,56,W7VNJ,Open,On-Air,,,,42.75249863,-106.31400299,Natrona,WY,"Casper, Casper Mountain",146.34,146.94,,,,,,,123,123,,,,,,,,,,,,,,,
15311,20,WA0OQA,Open,On-Air,,,,38.1028,-100.464,Finney,KS,Garden City,51.17,52.87,,,,,,,141.3,141.3,,,,,,,,,,,,,,,
4075,20,K0HAM,Open,On-Air,,,,38.631,-99.99,Ness,KS,"Ransom, K-Link",448.575,443.575,,,,,,,162.2,162.2,,,,,,,,,,,,,,,
4110,20,K0ECT,Open,On-Air,,,,37.403,-101.333,Grant,KS,"Ulysses, Wagon Bed Springs",449.525,444.525,,,,,,,141.3,141.3,,,,,,,,,,,,,,,
4098,20,K0ECT,Open,On-Air,,,,37.6344986,-100.46399689,Gray,KS,Montezuma,449.25,444.25,,,,,,,141.3,141.3,,,,,,,,,,,,,,,
3979,20,K0ECT,Open,On-Air,,,,37.5814,-101.355,Grant,KS,Ulysses,147.66,147.06,,,,,,,,,,,,,,,,,,,,,,,
4107,20,K0ECT,Open,On-Air,,,,38.0533,-99.8996,Hodgeman,KS,Jetmore,449.5,444.5,,,,,,,141.3,141.3,,,,,,,,,,,,,,,
18554,20,W0QS,Open,On-Air,,,,37.1753006,-101.34960175,Graham,KS,Hugoton,146.01,146.61,,,,,,,123,123,,,,,,,,,,,,,,,
3993,20,KE0KIY,Open,On-Air,,,,38.84109879,-99.38279724,Ellis,KS,Hays,147.78,147.18,,,,,,,100,100,,,,,,,,,,,,,,,
4076,20,KE0KIY,Open,On-Air,,,,38.9425,-99.3557,Ellis,KS,Hays,448.6,443.6,,,,,,,100,,,,,,,,,,,Open ↑,Open ↓,,,,
11673,20,AA0HJ,Open,On-Air,,,,39.908,-99.397,Phillips,KS,Phillipsburg,448.275,443.275,,,,,,,100,,,,,,,,,,,,,,,,
8551,20,K0USY,Open,On-Air,,,,38.9034,-99.3436,Ellis,KS,"Hays, KS-DMR",449.75,444.75,,,,1,312003,,,,,,,,,,,,,,,,,,
17688,20,KY0J,Open,On-Air,,,,37.7524,-100.077,Ford,KS,Dodge City,448.35,443.35,,,,,,,123,123,,,6891,,,,27140,,,,,,,,
6210,20,KD0ARW,Open,On-Air,,,,39.7560997,-99.3239975,Phillips,KS,Phillipsburg,447.725,442.725,,,,,,,,,,,,3682,,,,,,,,,,,
13687,20,N0KOM,Open,Off-Air,,,,39.448,-99.2746,Rooks,KS,"Stockton, K-Link",146.19,146.79,,,,,,,162.2,,,,,,,,45746,,,,,,,,
3986,20,AA0HJ,Open,On-Air,,,,39.75830078,-99.31970215,Phillips,KS,Phillipsburg,147.72,147.12,,,,,,,,,,,,,,,,,,,,,,,
3975,20,N7JYS,Open,On-Air,,,,38.9344,-99.3155,Ellis,KS,Hays,147.645,147.045,,,,7,312024,,131.8,131.8,,,,3917,,,,,,Open ↑,Open ↓,,293,,
13278,20,N7JYS,Open,On-Air,,,,38.9343,-99.3155,Ellis,KS,Hays,222.68,224.28,,,,,,,131.8,131.8,,,,,,,2351,,,,,,,,
4042,20,N7JYS,Open,On-Air,,,,38.934,-99.315,Ellis,KS,"Hays, K-Link",447.45,442.45,,,,,,,162.2,162.2,,,,,,,42940,,,,,,,,
4123,20,N0ECQ,Open,On-Air,,,,38.8792,-99.3268,Ellis,KS,Hays,449.825,444.825,,,,,,,114.8,114.8,,,,,,,,,,,,,,,
11669,20,K0HAM,Open,On-Air,,,,37.766,-100.035,Ford,KS,"Dodge City, K-Link",448.675,443.675,,,,,,,162.2,162.2,,,,,,,46012,,,,,,,,
3974,20,K0ECT,Open,On-Air,,,,37.7528,-100.017,Ford,KS,Dodge City,147.63,147.03,,,,,,,123,,,,,,,,,,,,,,,,
4041,20,K0ECT,Open,On-Air,,,,37.75279999,-100.01699829,Ford,KS,Dodge City,447.375,442.375,,,,,,,123,,,,,,,,,,,,,,,,
17220,20,K0USY,Open,On-Air,,,,38.8982,-99.272,Ellis,KS,"Hays, KS-DMR",449.9875,444.9875,,,,1,312034,,,,,,,,,,,,,,,,,,
3996,20,WK0DX,Open,On-Air,,,,37.29330063,-100.63999939,Meade,KS,Plains,147.78,147.18,,,,,,,,,,,,,,,,,,,,,,,
11458,20,WK0DX,Open,On-Air,,,,37.2603,-100.593,Meade,KS,Plains,448.5,443.5,,,,,,,141.3,,,,,,,,,,,,,,,,
3949,20,W0KKS,Open,On-Air,,,,37.0597,-100.93,Seward,KS,Liberal,146.205,146.805,,,,,,,103.5,103.5,,,,,,,,,,,,,,,
4064,20,K0ECT,Open,On-Air,,,,37.059,-100.93,Seward,KS,Liberal,448.1,443.1,,,,,,,141.3,,,,,,,,,,,,,,,,
4114,20,K0ECT,Open,On-Air,,,,37.5312,-100.017,Ford,KS,Dodge City,449.55,444.55,,,,,,,141.3,,,,,,,,,,,,,,,,
3790,40,,Open,On-Air,,,,36.7294,-102.513,Cimarron,OK,Boise City,147.95,147.35,,,,,,,88.5,88.5,,,,,,,,,,,,,,,
8731,20,N7JYS,Open,On-Air,,,,38.875,-98.867,Russell,KS,Russell,447.475,442.475,,,,7,312023,,131.8,131.8,,,,,,,,,,Open ↑,Open ↓,,293,,
4057,20,KC0HFA,Open,On-Air,,,,38.8953,-98.8598,Russell,KS,Russell,447.85,442.85,,,,,,,141.3,141.3,,,,,,,,,,,,,,,
16627,20,KB0SJR,Open,On-Air,,,,38.8827,-98.8595,Russell,KS,Russell,447,442,,,,1,312025,,,,,,,,,,,,,,,,,,
4419,40,N5DFQ,Open,On-Air,,,,36.6758,-101.547,Texas,OK,Guymon,449.975,444.975,,,,,,,88.5,,,,,,,,,,,,,,,,
4418,40,N5DFQ,Open,On-Air,,,,36.68280029,-101.48200226,Texas,OK,Guymon,147.75,147.15,,,,,,,88.5,,,,,,,,,,,,,,,,
4101,20,KE0PTS,Open,On-Air,,,,38.3052,-99.0244,Barton,KS,Pawnee Rock,146.235,146.835,,,,,,,100,100,,,,,,,,,,Open ↑,Open ↓,,,,
3891,20,AB0UO,Open,On-Air,,,,38.951,-98.761,Russell,KS,Russell,147.885,147.285,,,,,,,162.2,162.2,,,,,,,,,,,,,,,
3890,20,AB0UO,Open,On-Air,,,,38.95100021,-98.76100159,Russell,KS,"Russell, K-Link",449.95,444.95,,,,,,,162.2,162.2,,,,,,,,,,,,,,,
4411,40,N5AKN,Open,Other,,,,36.907,-100.539,Beaver,OK,Forgan,147.99,147.39,,,,,,,,,,,,,,,,,,,,,,,
16225,20,KE0PTS,Open,On-Air,,,,38.2653,-98.9809,Barton,KS,Pawnee Rock,449.325,444.325,,,,1,312032,,,,,,,,,,,,,Open ↑,Open ↓,,,,
4014,20,NZ0M,Open,On-Air,,,,39.4679985,-98.69300079,Osborne,KS,"Osborne, K-Link",147.975,147.375,,,,,,,162.2,,,,,,,,,,,,,,,,
90,31,KA0RCZ,Open,On-Air,,,,40.6993,-99.0817,Buffalo,NE,Kearney,449.85,444.85,,,,,,,74.4,74.4,,,,,,,,,,,,,,,
14688,31,KD0PBW,Open,On-Air,,,,40.6993,-99.0817,Buffalo,NE,"Kearney, County Courthouse",147.63,147.03,,,,,,,,,,,,,,,,,,,,KD0PBW (C) Repeater,,,
14669,31,KC0WZL,Open,On-Air,,,,40.7216,-99.0932,Buffalo,NE,"Kearney, Kearney Water Tower",146.4,147,,,,,,,123,,,,,,,,,,,,,,,,
3925,20,N0LL,Open,On-Air,,,,39.799,-98.673,Smith,KS,Smith Center,146.01,146.61,,,,,,,,,,,,,,,,,,,,,,,
16226,20,KE0PTS,Open,On-Air,,,,38.51810074,-98.77809906,Barton,KS,"Hoisington, Beaver",449.925,444.925,,,,,,,100,100,,,771574,,,,46495,,,Open ↑,Open ↓,,,,
16444,20,N7JYS,Open,On-Air,,,,38.6056,-98.6975,Barton,KS,Hoisington,222.4,224,,,,,,,131.8,,,,,,,,45989,,,,,,,,
4284,20,K0HAM,Open,On-Air,,,,38.606,-98.697,Barton,KS,"Hoisington, K-Link",147.735,147.135,,,,,,,88.5,88.5,,,,,,,,,,,,,,,
16212,20,KE0PTS,Open,On-Air,,,,38.36259842,-98.76409912,Barton,KS,Great Bend,449.1,444.1,,,,,,,100,100,,,,,,,,,40777,Open ↑,Open ↓,,,,
383,48,K5IS,Open,Other,,,,36.4,-100.803,Ochiltree,TX,Perryton,146.04,146.64,,,,,,,88.5,,,,,,,,,,,,,,,,
11484,48,KC5WBK,Open,On-Air,,,,36.19839859,-101.19200134,Hansford,TX,Spearman,448.2,443.2,,,,,,,88.5,,,,,,,,,,,,,,,,
596,48,N5DFQ,Open,Other,,,,36.19839859,-101.19200134,Hansford,TX,Spearman,147.64,147.04,,,,,,,88.5,,,,,,,,,,,,,,,,
994,48,N5DFQ,Open,Other,,,,36.1984,-101.192,Hansford,TX,Spearman,447,442,,,,,,,88.5,,,,,,,,,,,,,,,,
6211,20,KB0VFV,Open,On-Air,,,,37.61399841,-99.10299683,Kiowa,KS,Haviland,449.125,444.125,,,,,,,156.7,156.7,,,,,,,,,,,,,,,
16524,20,KE0PTS,Open,On-Air,,,,38.40359879,-98.72920227,Barton,KS,Great Bend,447.075,442.075,,,,1,312021,,,,,,,,,,,,,,,,,,
3945,20,KI0NN,Open,On-Air,,,,38.406,-98.722,Barton,KS,Great Bend,146.16,146.76,,,,,,,103.5,103.5,,,,,,,,,,,,,,,
17042,35,K5EMO,Open,On-Air,,,,35.1542,-107.854,Cibola,NM,"Grants, 515 West High Street",449.975,444.975,,,,,,,67,67,,,707790,,,,,,,,,,,,
10215,35,KE5FYL,Open,On-Air,,,,35.1473,-107.851,Cibola,NM,Grants,147.78,147.18,,,,,,,,,,,,,,,,,,Open ↑,Open ↓,,,,
15885,35,NM5ML,Open,On-Air,,,,35.1473,-107.851,Cibola,NM,"Grants, La Mosca",449.8,444.8,,,,,,,67,,,,,,,,,,,,,,,,
17003,35,KE5FYL,Open,On-Air,,,,35.1325,-107.889,Cibola,NM,"Grants, Rogers Rock",449.65,444.65,,,,1,313508,,,,,,,,,,,,,,,KE5FYL (B) Repeater,,,
45,35,KC5OUR,Open,On-Air,,,,34.6628,-106.776,Valencia,NM,Belen,146.1,146.7,,,,,,,100,,,,,,,,,,,,,,,,
13539,35,KC5WDV,Open,On-Air,,,,35.90309906,-108.77200317,McKinley,NM,"Gallup, Deza Bluffs",443.2,448.2,,,,,,,100,,,,,,,,,,,,,,,,
89,35,NM5ML,Open,On-Air,,,,35.9031,-108.772,McKinley,NM,"Gallup, Deza Bluffs",147.82,147.22,,,,,,,67,,,,,,,,,,,,,,,,
178,35,WA5EMA,Open,Other,,,,35.1717,-103.724,Quay,NM,Tucumcari,223.38,224.98,,,,,,,,,,,,,,,,,,,,,,,
15643,35,K5DST,Open,On-Air,,,,35.3653,-103.411,Quay,NM,"Logan, Ute Lake",147.94,147.34,,,,,,,131.8,,,,,,,,,,,,,,,,
16750,35,K7LEN,Open,Off-Air,,,,35.68059921,-109.0530014,McKinley,NM,Window Rock,144.69,145.29,,,,,,,123,,,,,,,,,,,,,,,,
17731,35,KD7LEN,Open,Other,,,,35.6806,-109.053,McKinley,NM,Window Rock,447,442,,,,,,,100,,,,,,,,,,,,,,,,
10213,35,NM5EM,Open,On-Air,,,,34.2444,-105.791,Lincoln,NM,"Corona, Gallinas Peak",144.915,145.515,,,,,,,141.3,,,,,,,,,,,,,,,,
100,49,KD7HLL,Open,On-Air,,,,37.26929855,-109.95700073,San Juan,UT,Mexican Hat,444.9,449.9,,,,,,,123,,,,,,,,,,,,,,,,
218,49,W7WAC,Open,On-Air,,,,37.03419876,-110.8690033,San Juan,UT,"Page (AZ), Navajo Mountain",146.36,146.96,,,,,,,100,,,,,,,,,,,,,,,,
11827,49,WA7VHF,Open,On-Air,,,,37.034,-110.869,San Juan,UT,"Page, Navajo Mountain",443.6,448.6,,,,,,,100,,,,,,,,,,,,,,,,
4237,49,K7YI,Open,Off-Air,,,,39.185,-110.605,Carbon,UT,"Price, Cedar Mountain",443.075,448.075,,,,,,,,,,,,,,,,,,,,K7YI (B),,,
18204,4,NR7G,Open,On-Air,,,,34.90999985,-109.33200073,Apache,AZ,"St Johns, Red Sky Ranch",444.625,449.625,,,,,,,136.5,,,,,,,,,,,,,,,,
272,49,WX7Y,Open,Other,,,,39.2096,-111.142,Emery,UT,"Castle Dale, Horn Mountain",442.7,447.7,,,,,,,123,,,,,,,,,,,,,,,,
18470,49,AE7TA,Open,On-Air,,,,39.32099915,-111.09400177,Cache,UT,"Logan, Sedgwick Peak",444.375,449.375,,,,,,,,,,,,,,,,,,,,,,,
11163,49,KF7YIX,Open,On-Air,,,,39.321,-111.094,Washington,UT,"Torquerville, Hurricane Mesa",1279.25,1299.25,,,,,,,,,,,,,,,,,,,,KF7YIX (A) Gateway Repeater,,,
10058,49,K7GX,Open,On-Air,,,,39.61109924,-110.81199646,Carbon,UT,"Price, Wood Hill",147.8,147.2,,,,,,,88.5,,,,64264,3270,,,,,,,,,,,
10061,49,K7GX,Open,Other,,,,39.6111,-110.812,Carbon,UT,"Price, Wood Hill",443.3,448.3,,,,,,,,,,,64264,3270,,,,,,,,,,,
2764,49,W7CEU,Open,Other,,,,39.6119,-110.812,Carbon,UT,"Price, Wood Hill",222.9,224.5,,,,,,,88.5,,,,,,,,,,,,,,,,
2765,49,W7CEU,Open,Other,,,,39.61190033,-110.81199646,Carbon,UT,"Price, Wood Hill",443.3,448.3,,,,,,,88.5,,,,,,,,,,,,,,,,
13123,56,KE7UUJ,Open,On-Air,,,,41.5875,-109.203,Sweetwater,WY,"Rock Springs, Aspen Mountain",146.055,146.655,,,,,,,107.2,107.2,,,865361,,,,,,,Open ↑,Open ↓,,,,
12934,56,KF7OBL,Open,On-Air,,,,41.58750153,-109.20300293,Sweetwater,WY,Rock Springs,147.9,147.3,,,,1,315604,,,,,,,,,,,,,,,,,,
13028,56,KF7OBL,Open,On-Air,,,,41.5875,-109.203,Sweetwater,WY,Rock Springs,443.875,448.875,,,,1,,,123,,,,,,,,,,,,,,,,
11520,56,AD0BN,Open,Testing,,,,41.5011,-109.464,Sweetwater,WY,"Green River, Green River High School",449.775,444.775,,,,12,,,123,123,,,,,,,,,,,,,,,
14977,49,AD7ZW,Open,On-Air,,,,40.3597,-110.284,Duchesne,UT,Altamont,147.88,147.28,,,,,,,107.2,107.2,,,458414,3205,,,,,,,,,,,
14219,56,WY7BV,Open,Off-Air,,,,41.0827,-110.233,Uinta,WY,"Mountain View, Hickey Mtn",145.235,144.635,,,,,,,100,,,,,,,,,,,,,,,,
3623,56,N7HYF,Private,On-Air,,,,42.5761,-108.726,Fremont,WY,"Lander, Limestone Mountain",444.9,449.9,,,,,,,,,,,,,,,,,,,,,,261,261
1,56,N7HYF,Open,On-Air,,,,42.83309937,-108.73000336,Fremont,WY,Lander,52.03,53.03,,,,,,,,,,,,,,,,,,,,,,261,
121,49,KG7DSO,Open,On-Air,,,,40.3549,-110.799,Uintah,UT,"Vernal, Tabby Mountain",147.94,147.34,,,,,,,136.5,,,,,,,,,,,,,,,,
3542,56,W7VNJ,Open,On-Air,,,,42.84859848,-106.30799866,Natrona,WY,Casper,147.88,147.28,,,,,,,,,,,,,,,,,,Open ↑,Open ↓,,,32,
15537,56,KC7MJI,Open,Other,,,,42.8666,-106.313,Natrona,WY,Casper,147.945,147.345,,,,,,,,,,,,,,,,,,,,,,,
15529,56,N7GT,Open,Other,,,,42.86660004,-106.31300354,Natrona,WY,Casper,146.31,146.91,,,,,,,,,,,,,,,,,,,,,,,
8686,56,W7VNJ,Open,Off-Air,,,,42.8666,-106.313,Natrona,WY,Casper,51.98,52.98,,,,,,,141.3,,,,,,,,,,,,,,,,
15489,56,WY7EOC,Closed,On-Air,,,,42.86660004,-106.31300354,Natrona,WY,"Casper, Casper Mountain",444.9875,449.9875,,,,11,315606,,,,,,,,,,,,,,,,,,
235,49,WA7GIE,Open,On-Air,,,,40.7056,-110.883,Duchesne,UT,"Roosevelt, Mirror Lake",147.98,147.38,,,,,,,100,,,,,,,,,,,,,,,,
18385,56,KA0NDS,Open,Other,,,,43.02470016,-108.3809967,Fremont,WY,Riverton,147.34,147.94,,,,1,315614,,,,,,,,,,,,,,,,,,
17302,56,KG7LRK,Open,Off-Air,,,,43.0247,-108.381,Washakie,WY,"Riverton, Griffy site",446.67,147.555,,,,,,,,,,,161145,,,,,,,,,KG7LRK (C) Hot Spot 24/7,,,
13102,56,N7HYF,Open,On-Air,,,,43.025,-108.38,Fremont,WY,"Riverton, Griffy Hill",444.975,449.975,,,,,,,127.3,,,,,,,,,,,,,,,,
17470,56,N7ERH,Open,Other,,,,41.79249954,-110.53700256,,WY,"Kemmerer, Qualey Ridge",444.3,449.3,,,,,,,127.3,,,,,,,,,,,,,,,,
14394,56,KF7EHE,Open,Off-Air,,,,41.7924,-110.538,Lincoln,WY,"Kemmerer, Dempsey Ridge",444.075,449.075,,,,,,,,123,,,,,,,,,,,,,,,
13103,56,N7DMO,Open,On-Air,,,,43.0387,-108.438,Fremont,WY,"Riverton, Griffy Hill",446.67,441.67,,,,,,,,,,,161145,,,,,,,Open ↑,Open ↓,N7DMO (B),,,
18377,56,W7BEQ,Open,Other,,,,43.2358017,-108.11000061,Fremont,WY,Shoshoni,441.825,446.825,,,,11,311109,,,,,,,,,,,,,,,,,,
271,49,WX7Y,Open,Other,,,,39.6567,-111.199,Carbon,UT,"Scofield, Boardinghouse Rdge",223.38,224.98,,,,,,,88.5,,,,,,,,,,,,,,,,
190,49,W7DHH,Open,On-Air,,,,39.3367,-111.451,Sanpete,UT,"Ephraim, Horseshoe",146.06,146.66,,,,,,,100,,,,,3576,,,,,,,,,,,
10229,49,WB7REL,Open,On-Air,,,,39.3367,-111.451,Sanpete,UT,"Indianola, Indianola Peak",146.12,146.72,,,,,,,100,,,,,3576,,,,,,,,,,,
14748,49,KB7BSK,Open,Other,,,,39.1936,-111.692,Sanpete,UT,Sterling,144.55,145.15,,,,,,,,,,,,,,,,,,,,KB7BSK (C),,,
14749,49,KB7BSK,Open,Other,,,,39.1936,-111.692,Utah,UT,Sterling,442.95,447.95,,,,,,,,,,,,,,,,,,,,KB7BSK (B),,,
6704,49,WB7REL,Open,On-Air,,,,39.1942,-111.692,Sanpete,UT,"Starling, Sterling",144.69,145.29,,,,,,,131.8,,,,,,,,,,,,,,,,
257,49,WB7REL,Open,On-Air,,,,39.1942,-111.692,Sanpete,UT,Sterling,442.85,447.85,,,,,,,131.8,,,,,,,,,,,,,,,,
106,49,WB7REL,Open,On-Air,,,,38.5367012,-112.07299805,Sevier,UT,"Monroe, Monroe Peak",146.26,146.86,,,,,,,100,,,,,,,,,,,,,,,,
148,49,N7NKK,Open,On-Air,,,,38.0202,-112.217,Garfield,UT,"Panguitch, Mount Dutton",147.76,147.16,,,,,,,100,,,,,,,,,,,,,,,,
15286,49,N7RVS,Open,Other,,,,39.1552,-111.818,Sanpete,UT,"Gunnison, N7RVS QTH",442.35,447.35,,,,,,,88.5,,,,,,,,,,,,,,,,
11816,49,WA7VHF,Open,On-Air,,,,38.7725,-112.084,Sevier,UT,"Richfield, Monroe Peak",146.24,146.84,,,,,,,100,,,,,,,,,,,,,,,,
6495,49,W6DZL,Open,On-Air,,,,37.4005,-112.3,Garfield,UT,Bryce Canyon,144.75,145.35,,,,,,,123,,,,,,,,,,,,,,,,
1490,48,N5LTZ,Open,On-Air,,,,35.8656,-101.973,Moore,TX,Dumas,449.35,444.35,,,,,,,88.5,,,,,,,,,,,,,,,,
14523,48,KD5ROK,Open,On-Air,,,,35.8654,-101.973,Moore,TX,Dumas,448.0125,443.0125,,,,14,,,,,,,,,,,,,,,,,,,
14414,48,KE5CJ,Open,On-Air,,,,35.827,-101.443,Hutchinson,TX,Stinnett,448.4375,443.4375,,,,14,,,,,,,,,,,,,,,,,,,
13604,48,W5WDR,Open,On-Air,,,,35.82699966,-101.44300079,Hutchinson,TX,Stinnett,449.8,444.8,,,,,,,,,,,,,,,,,21379,Open ↑,Open ↓,,,,
5483,49,N6EZO,Open,On-Air,,,,40.1302,-111.579,Utah,UT,Mapleton,146.2,146.8,,,,,,,100,,,,,,,,,,,,,,,,
11316,49,KC7WST,Open,On-Air,,,,40.015,-111.65,Utah,UT,Woodland Hills,448.8,449.8,,,,1,314901,,,,,,,,,,,,,,,,,,
283,49,WD7N,Open,On-Air,,,,40.1619,-111.603,Utah,UT,Springville,442.475,447.475,,,,,,,186.2,,,,,,,,,,,,,,,,
258,49,WB7REL,Open,Off-Air,,,,40.053,-111.674,Sevier,UT,"Salina, Beesting Peak",444.3,449.3,,,,,,,88.5,,,,,,,,,,,,,,,,
5505,49,NV7V,Open,On-Air,,,,40.0369,-111.721,Utah,UT,Payson,442,447,,,,,,,100,100,,,,,,,,,,,,,,,
222,49,WA7FFM,Open,On-Air,,,,40.248,-111.666,Utah,UT,"Provo, UVRMC",444.85,449.85,,,,,,,146.2,,,,,,,,,,,,,,,,
220,49,WA7FFM,Open,Other,,,,40.08919907,-111.8219986,Utah,UT,"Goshen, West Mountain",443.95,448.95,,,,,,,,,,,,,,,,,,,,,,,
282,49,N7IMF,Closed,On-Air,,,,40.3151,-111.696,Utah,UT,Orem,223.28,224.88,,,,,,,156.7,,,,,,,,,,,,,,,,
7950,49,KD7RBR,Open,On-Air,,,,40.2983,-111.719,Utah,UT,"Orem, Point of the Mountain",442.6,447.6,,,,,,,162.2,,,,,,,,,,,,,,,,
11817,49,K8BKT,Open,On-Air,,,,40.3641,-111.739,Utah,UT,Pleasant Grove,444.775,449.775,,,,,,,,,,,,,,,,,,,,,,,
15285,49,KB7YOT,Open,Other,,,,40.3641,-111.739,Utah,UT,Pleasant Grove,222.28,223.88,,,,,,,156.7,,,,,,,,,,,,,,,,
17113,49,K7UVA,Open,On-Air,,,,40.5329,-111.641,Utah,UT,"Alpine, Silver Lake Flat",443.225,448.225,,,,,,,100,,,,,,,,,,,,,,,,
15291,49,NT3ST,Open,On-Air,,,,40.38589859,-111.78299713,Utah,UT,"American Fork, KD7BBC QTH",442.975,447.975,,,,,,,,,,,,,,,,,,,,NT3ST (B),,,
13920,49,KX7VC,Open,On-Air,,,,40.4335,-111.79,Utah,UT,"Highland, KX7VC QTH",442.725,447.725,,,,,,,167.9,167.9,,,,,,,,,,,,,,,
18479,49,KE7NHU,Open,On-Air,,,,40.29299927,-111.88400269,Utah,UT,"Saratoga, Lake Mountain",442.425,447.425,,,,1,310237,,100,100,,,,,,,,,,,,,,,
17980,49,KI7USB,Open,On-Air,,,,40.3894,-111.849,Utah,UT,"Lehi, City Offices",443.925,448.925,,,,,,,100,,,,,,,,,,,,,,,,
70,49,K7UCS,Closed,On-Air,,,,40.26150131,-111.9280014,Utah,UT,"Provo, Lake Mountain",444.675,449.675,,,,,,,173.8,,,,,,,,,,,,,,,,
6812,49,KA7EGC,Open,Off-Air,,,,40.2617,-111.928,Utah,UT,"Provo, Lake Mountain",442.875,447.875,,,,,,,100,,,,,,,,,,,,,,,,
231,49,WA7GIE,Open,On-Air,,,,40.2617,-111.928,Utah,UT,"Provo, Lake Mountain",444.475,449.475,,,,,,,100,,,,,5620,,,,,,,,,,,
14332,49,KC7WSU,Open,Off-Air,,,,40.3916,-111.851,Utah,UT,Lehi,442.05,447.05,,,,1,,,,,,,,,,,,,,,,,,,
13090,49,KG7QWU,Open,On-Air,,,,40.3916,-111.851,Utah,UT,Lehi,443.875,448.875,,,,,,,,,,,,,,,,,,Open ↑,Open ↓,,,,
232,49,WA7GIE,Open,On-Air,,,,40.855,-111.48,Summit,UT,"Coalville, Lewis Peak",147.96,147.36,,,,,,,100,,,,,,,,,,,,,,,,
233,49,WA7GIE,Closed,On-Air,,,,40.85499954,-111.48000336,Summit,UT,"Coalville, Lewis Peak",443.65,448.65,,,,,,,,,,,,,,,,,,,,,,,
234,49,WA7GIE,Open,On-Air,,,,40.85499954,-111.48000336,Summit,UT,"Coalville, Lewis Peak",444.55,449.55,,,,,,,100,,,,,,,,,,,,,,,,
263,49,WB7TSQ,Open,Other,,,,40.85499954,-111.48000336,Summit,UT,"Coalville, Lewis Peak",443.9,448.9,,,,,,,,,,,,,,,,,,,,,,,
213,49,W7SP,Open,On-Air,,,,40.2822,-111.936,Utah,UT,"Provo, Lake Mountain",146.16,146.76,,,,,,,,,,,703269,3352,,,,,,,,,,,
219,49,W7WJC,Open,On-Air,,,,40.2825,-111.937,Utah,UT,"Provo, Lake Mountain",222.82,224.42,,,,,,,156.7,,,,,,,,,,,,,,,,
15101,49,K7UVA,Open,On-Air,,,,40.28290176,-111.93699646,Utah,UT,"Orem, Lake Mountain",146.18,146.78,,,,,,,100,,,,762028,,,,,,,,,,,,
16449,49,K7UVA,Open,On-Air,,,,40.2829,-111.937,Utah,UT,"Orem, Lake Mountain",222.96,224.56,,,,,,,100,,,,762028,,,,,,,,,,,,
68,49,K7UCS,Closed,Off-Air,,,,40.2831,-111.938,Utah,UT,"Provo, Lake Mountain",443.325,448.325,,,,,,,103.5,,,,,,,,,,,,,,,,
270,49,WX7Y,Open,On-Air,,,,40.2824,-111.949,Salt Lake,UT,"Draper, Lake Mountain",147.68,147.08,,,,,,,77,,,,64264,3270,,,,,,,,,,,
12981,31,W0EJL,Open,On-Air,,,,41.7817,-99.1332,Garfield,NE,Burwell,147.69,147.09,,,,,,,,,,,,,,,,,,,,,,,
18390,46,K0HS,Open,On-Air,,,,43.22800064,-103.47399902,Fall River,SD,"Hot Springs, City library/HSARC club house",449.7,444.7,,,,,,,146.2,146.2,,,,,,,,,,,,,,,
16145,31,NI0P,Open,On-Air,,,,40.8205986,-98.60009766,Hall,NE,Wood River,449.7,444.7,,,,,,,167.9,,,,,,,,,,,,,NI0P (B) Repeater,,,
8144,46,W0FUI,Open,On-Air,,,,43.4251,-103.484,Fall River,SD,Hot Springs,146.475,146.475,,,,,,,146.2,146.2,,,,7976,,,,,,,,,,,
3647,46,K0HS,Open,On-Air,,,,43.44250107,-103.45300293,Fall River,SD,"Hot Springs, Battle Mountain",146.1,146.7,,,,,,,146.2,146.2,,,,,,,,,,,,,,,
610,48,WA5CSF,Open,Off-Air,,,,35.667,-101.397,Hutchinson,TX,Borger,147.66,147.06,,,,,,,,,,,387265,,,,,,,,,,,,
10988,48,W5WDR,Open,On-Air,,,,35.6425,-101.395,Hutchinson,TX,Borger,147.6,147,,,,,,,88.5,88.5,,,,,,,,,21339,Open ↑,Open ↓,,,,
4351,40,W5HFZ,Open,Other,,,,36.8356,-99.6304,Harper,OK,Buffalo,51.11,52.81,,,,,,,131.8,,,,,,,,,,,,,,,,
4354,40,W5HFZ,Open,Other,,,,36.8406,-99.6268,Harper,OK,Buffalo,447.075,442.075,,,,,,,131.8,,,,,,,,,,,,,,,,
4352,40,W5HFZ,Open,Other,,,,36.83,-99.63,Harper,OK,Buffalo,144.53,145.13,,,,,,,131.8,,,,,,,,,,,,,,,,
4353,40,W5GPR,Open,Other,,,,36.7774,-99.6263,Harper,OK,Buffalo,147.72,147.12,,,,,,,203.5,,,,,,,,,,,,,,,,
542,48,W5WX,Open,On-Air,,,,35.3748,-101.883,Potter,TX,"Amarillo, KVII Tower (ABC 7)",146.34,146.94,,,,,,,,,,,,,,,,,,Open ↑,Open ↓,,,,
11215,48,KD5ROK,Open,On-Air,,,,35.4678,-101.348,Hutchinson,TX,"Borger, NW Well Field",145.53125,146.13125,,,,14,314848,,,,,,,,,,,,,,,,,,
1334,48,N5LTZ,Closed,Other,,,,35.9128,-100.382,Hemphill,TX,Canadian,448.75,443.75,,,,,,,,,,,,,,,,,,,,,,,
1500,48,N5LTZ,Open,On-Air,,,,35.5362,-100.96,Gray,TX,Pampa,449.4,444.4,,,,,,,88.5,,,,,,,,,,,,,,,,
518,48,W5TSV,Open,On-Air,,,,35.5083,-101.027,Gray,TX,Pampa,146.3,146.9,,,,,,,,,,,,,,,,,,,,,,,
88,35,KB5ZFA,Open,On-Air,,,,34.4717,-104.245,Debaca,NM,Fort Sumner,147.74,147.14,,,,,,,100,,,,,,,,,,,,,,,,
1454,48,N5LTZ,Open,On-Air,,,,35.23910141,-101.84700012,Potter,TX,Amarillo,449.2,444.2,,,,,,,88.5,88.5,,,,,,,,,,,,,,,
3052,48,KA3IDN,Open,On-Air,,,,35.2418,-101.813,Potter,TX,Amarillo,902.1625,927.1625,,,,,,,151.4,,,,361016,,,,,,,,,,,,
11383,48,KA3IDN,Open,On-Air,,,,35.222,-101.831,Potter,TX,Amarillo,449.9625,444.9625,,,,14,314812,,,,,,,,,,,,,,,,,,
14702,48,N5LUL,Open,On-Air,,,,35.222,-101.831,Potter,TX,Amarillo,446.65,441.65,,,,,,,127.3,,,,,,,,,,,,,,,,
13605,48,W5JTC,Open,On-Air,,,,35.222,-101.831,Potter,TX,Amarillo,449.3,444.3,,,,,,,,,,,,,,,,,21379,Open ↑,Open ↓,,,,
11328,48,WR9B,Open,On-Air,,,,35.222,-101.831,Randall,TX,Amarillo,446.375,441.375,,,,,,,88.5,,,,,,,,,,,,,,,,
534,48,N5LTZ,Open,Other,,,,35.22,-101.83,Randall,TX,Amarillo,146.32,146.92,,,,,,,,,,,,,,,,,,,,,,,
1260,48,N5LTZ,Closed,Other,,,,35.22000122,-101.83000183,Potter,TX,Amarillo,448.5,443.5,,,,,,,,,,,,,,,,,,,,,,,
438,48,N5ZLU,Open,On-Air,,,,35.22,-101.83,Randall,TX,Amarillo,146.14,146.74,,,,,,,88.5,,,,,,,,,,,,,,,,
395,48,W5WX,Open,On-Air,,,,35.1739,-101.954,Randall,TX,Amarillo,147.94,147.34,,,,,,,,,,,,,,,,,,Open ↑,Open ↓,,,,
1523,48,W5WX,Open,On-Air,,,,35.1739,-101.954,Randall,TX,Amarillo,449.475,444.475,,,,,,,,,,,,,,,,,,Open ↑,Open ↓,,,,
18004,48,,Open,On-Air,,,,35.1733,-101.863,Randall,TX,Amarillo,446.25,441.25,,,,,,,,,,,343516,,,,,,,,,,,,
217,48,KA5KQH,Open,Other,,,,35.6295,-100.547,Roberts,TX,Miami,144.51,145.11,,,,,,,88.5,,,,,,,,,,,,,,,,
1301,48,N5LTZ,Open,On-Air,,,,35.0001,-101.951,Randall,TX,Canyon,448.65,443.65,,,,,,,88.5,,,,,,,,,,,,,,,,
4578,40,W5GPR,Open,Other,,,,36.43450165,-99.51609802,Woodward,OK,"Woodward, airport",146.13,146.73,,,,,,,203.5,,,,,,,,,,,,,,,,
8917,48,KE5NCA,Open,On-Air,,,,35.0764,-100.893,Donley,TX,Clarendon,449.275,444.275,,,,,,,127.3,,,,,,,,,,,,,,,,
1512,48,N5LTZ,Closed,Other,,,,34.6826,-102.609,Parmer,TX,Black,449.425,444.425,,,,,,,,,,,,,,,,,,,,,,,
1549,48,N5LTZ,Open,On-Air,,,,34.7928,-101.547,Armstrong,TX,Wayside,449.575,444.575,,,,,,,88.5,,,,,,,,,,,,,,,,
4579,40,N5DFQ,Open,Off-Air,,,,36.43360138,-99.39040375,Woodward,OK,Woodward,447.2,442.2,,,,,,,88.5,,,,,,,,,,,,,,,,
4356,40,W5ALZ,Open,On-Air,,,,36.434,-99.39,Woodward,OK,Woodward,447.05,442.05,,,,,,,103.5,,,,,,,,,,,,,,,,
4538,40,K5GUD,Open,Other,,,,36.276,-99.3379,Woodward,OK,Sharon,147.915,147.315,,,,,,,,,,,,,,,,,,,,K5GUD (C) Repeater,,,
4537,40,K5GSM,Open,On-Air,,,,36.27,-99.33,Woodward,OK,Woodward,147.6,147,,,,,,,103.5,,,,,,,,,,,,,,,,
4536,40,K5GUD,Open,Off-Air,,,,36.27,-99.33,Woodward,OK,Sharon,146.025,146.625,,,,,,,88.5,,,,,,,,,,,,,,,,
4539,40,N5WO,Open,Other,,,,36.27,-99.33,Woodward,OK,Sharon,147.96,147.36,,,,,,,88.5,,,,,,,,,,,,,,,,
17812,48,KW5KW,Open,On-Air,,,,34.5509,-102.312,Castro,TX,"Dimmitt, White house on east side of road",449.7,444.7,,,,,,,110.9,110.9,,,,,,,,,,,,,,,
4458,40,K5GUD,Open,Other,,,,36.4351,-99.2048,Woodward,OK,Mooreland,449.275,444.275,,,,,,,,,,,,,,,,,,,,K5GUD (B),,,
