ID,StateID,Callsign,Use,Status,SquelchTone,DigitalTone,Digital,Location.Latitude,Location.Longitude,Location.County,Location.State,Location.Local,Frequency.Input,Frequency.Output,VOIP.AllStar,VOIP.EchoLink,VOIP.IRLP,VOIP.Wires.ID,VOIP,Digital.P25,Digital.YSF,Digital.DMR.ColorCode,Digital.DMR.ID,Digital.DStar.Node,SquelchTone.Input,SquelchTone.Output,Digital.DMR,Digital.DStar,Digital.YSF.GroupID.Input,Digital.YSF.GroupID.Output,VOIP.Wires,VOIP.IRLP.NodeID,VOIP.AllStar.NodeID,VOIP.EchoLink.NodeID,DigitalTone.Input,DigitalTone.Output,Digital.P25.NAC
18892,8,KE0VH,Open,On-Air,,,,39.661294,-104.860203,Arapahoe,CO,"Aurora, 225 and Parker Road",443.4,448.4,,,,46361,,,,,,,,,,,,,,,,,,,
17676,8,N0KEG,Open,Other,,,,39.58069992,-104.8769989,Arapahoe,CO,Centennial,147.915,147.315,,,,,,,,1,310759,N0KEG (C) Repeater,,,,,,,,,,,,,
8207,8,WR0AEN,Open,On-Air,,,,39.69670105,-104.80999756,Arapahoe,CO,Aurora,444.15,449.15,,,,,,,,,,WR0AEN (B),136.5,,,,,,,,,,,,
8202,8,N0ZUQ,Open,On-Air,,,,39.72940063,-104.83200073,Arapahoe,CO,Aurora,443.4,448.4,,,,,,,,,,,94.8,,,,,,,,,,,,
8199,8,W0BG,Open,On-Air,,,,39.72940063,-104.83200073,Arapahoe,CO,Aurora,443.275,448.275,,,,,,,,,,,156.7,,,,,,,,,,,,
8743,8,W9SL,Open,On-Air,,,,39.72940063,-104.83200073,Arapahoe,CO,Aurora,444.95,449.95,,,,,,,,,,,77,77,,,,,,,,,,,
16032,8,WN7ANT,Open,On-Air,,,,39.72940063,-104.83200073,Arapahoe,CO,Aurora,443.825,448.825,,,,30584,,,,,,,,,,,Open ↑,Open ↓,,,,,,,
92,8,KB0UDD,Open,On-Air,,,,39.72940063,-104.83100128,Denver,CO,"Aurora, Smokey Hill",443.5,448.5,,,,,,,,,,,100,,,,,,,,,,,,
8741,8,N0OBA,Open,On-Air,,,,39.62799835,-104.75800323,Arapahoe,CO,Aurora,144.59,145.19,,,,,,,,,,,131.8,131.8,,,,,,,,,,,
8196,8,K0FEZ,Open,On-Air,,,,39.73759842,-104.98500061,Denver,CO,Denver,442.925,447.925,,,,,,,,,,,100,100,,,,,,,,,,,
8195,8,WB0TPT,Open,On-Air,,,,39.73759842,-104.98500061,Denver,CO,Denver,442.9,447.9,,,,,,,,,,,,,,,,,,,,,,,
8212,8,WR0AEN,Open,On-Air,,,,39.73759842,-104.98500061,Denver,CO,Denver,444.65,449.65,,,,,,,,,,WR0AEN (B),136.5,,,,,,,,,,,,
8213,8,WR0AEN,Open,On-Air,,,,39.73759842,-104.98500061,Denver,CO,Denver,444.675,449.675,,,,,,,,,,WR0AEN (B),136.5,,,,,,,7708,,,,,
75,8,KE0SJ,Open,On-Air,,,,39.73920059,-104.98400116,Jefferson,CO,"Boulder, Blue Mountain",144.875,145.475,,,,,,,,,,,100,,,,,,,,,,,,
79,8,N0JXN,Open,On-Air,,,,39.73920059,-104.98400116,Denver,CO,Denver,146.115,146.715,,,,,,,,,,,123,123,,,,,,,,,,,
91,8,N5EHP,Open,On-Air,,,,39.73920059,-104.98400116,Denver,CO,Denver,443.075,448.075,,,,,,,,,,,123,,,,,,,,,,,,
93,8,W0KIZ,Open,On-Air,,,,39.73920059,-104.98400116,Denver,CO,Denver,443.55,448.55,,,,,,,,,,,82.5,,,,,,,,,,,,
274,8,WQ8M,Open,On-Air,,,,39.55799866,-104.79399872,Douglas,CO,Parker,443.7,448.7,,,,,,,,,,,146.2,,,,,,,,,,,,
5,8,KB0UDD,Open,On-Air,,,,39.6072998,-104.74099731,Arapahoe,CO,"Aurora, Smoky Hill",144.8,145.4,,,,,,,,,,,100,,,,,,,,,,,,
12216,8,W0JRL,Open,On-Air,,,,39.75519943,-104.98699951,Denver,CO,"Denver, Broadway Plaza Lofts",442.175,447.175,,,,,,,,,,,100,100,,,,,,,29997,201712,,,
8189,8,N0ESQ,Open,On-Air,,,,39.49420166,-104.83599854,Douglas,CO,"Parker, Hess Reservoir",442.525,447.525,,,,,,,,,,,203.5,146.2,,,,,,,,,,,
18248,8,K0PRA,Open,On-Air,,,,39.51860046,-104.76100159,Arapahoe,CO,Parker,442.225,447.225,,,,40895,,,,,,,,,,,Open ↑,Open ↓,,,,,,,
17696,8,N0KEG,Open,Other,,,,39.51860046,-104.76100159,Douglas,CO,Parker,443.05,448.05,,,,,,,,1,310374,,,,,,,,,,,,,,
8204,8,N0ELY,Open,On-Air,,,,39.70460129,-105.1230011,Jefferson,CO,Lakewood,443.75,448.75,,,,,,,,,,,100,100,,,,,,,,,,,
9765,8,WE0FUN,Open,On-Air,,,,39.79669952,-104.7480011,Denver,CO,"Denver, Green Valley Ranch",443.15,448.15,,,,,,,,,,,141.3,141.3,,,,,,,29436,24340,,,
85,8,W0TX,Open,On-Air,,,,39.68220139,-105.14299774,Jefferson,CO,"Lakewood, Green Mountain",147.93,147.33,,,,,,,,,,,100,,,,,,,,,,,,
267,8,W0TX,Open,On-Air,,,,39.68220139,-105.14299774,Jefferson,CO,"Lakewood, Green Mountain",222.78,224.38,,,,,,,,,,,100,100,,,,,,,,,,,
8215,8,W0TX,Open,On-Air,,,,39.68220139,-105.14299774,Jefferson,CO,"Lakewood, Green Mtn",444.775,449.775,,,,,,,,,,,,,,,Open ↑,Open ↓,,,,,,,
5805,8,W0TX,Open,On-Air,,,,39.71620178,-105.12999725,Jefferson,CO,"Lakewood, St Anthony Medical Campus",442.825,447.825,,,,,,,,,,,,,,,,,,,,,73,,
9775,8,KD0SSP,Open,On-Air,,,,39.75049973,-105.1230011,Jefferson,CO,"Lakewood, Moffat Treatment Plant",147.81,147.21,,,,,,,,,,,100,100,,,,,,3241,,,,,
17349,8,KD0SSP,Open,On-Air,,,,39.75059891,-105.1230011,Jefferson,CO,"Lakewood, Moffat Treatment Plant",443.35,448.35,,,,,,,,,,,225.7,,,,Open ↑,Open ↓,,,,,,,
8208,8,N1UPS,Open,On-Air,,,,39.83670044,-105.03700256,Adams,CO,Westminster,444.3,449.3,,,,,,,,,,,100,,,,,,,3699,,43699,,,
105,8,W0TX,Open,On-Air,,,,39.70080185,-105.1780014,Jefferson,CO,"Lakewood, Green Mountain",51.39,53.09,,,,,,,,,,,107.2,,,,,,,,,,,,
80,8,N0PUF,Open,On-Air,,,,39.50419998,-105.12799835,Jefferson,CO,"Centennial, Warren Mountain",146.28,146.88,,,,,,,,,,,100,,,,,,,,,,,,
273,8,N0PUF,Open,On-Air,,,,39.50419998,-105.12799835,Jefferson,CO,"Centennial, Warren Mountain",444.6,449.6,,,,,,,,,,,100,,,,Open ↑,Open ↓,,3345,,690473,,,
17457,8,KI0HC,Open,On-Air,,,,39.59999847,-105.20999908,Jefferson,CO,"Indian Hills, Chief Mtn",902.025,927.9375,,,,,,,,,,,,,,,,,,,,,,,293
17292,8,K0PRA,Open,On-Air,,,,39.44910049,-104.70300293,Douglas,CO,Parker,440.075,445.075,,,,,,,,1,310844,,,,,,,,,,,,,,
10513,8,N6LXX,Open,On-Air,,,,39.67340088,-105.21800232,Jefferson,CO,"Morrison, Mt. Morrison",442.875,447.875,,,,,,,,,,,107.2,107.2,,,,,,,29913,,,,
10514,8,N6LXX,Open,On-Air,,,,39.67340088,-105.21800232,Jefferson,CO,"Morrison, Mt. Morrison",52.67,53.17,,,,,,,,,,,107.2,,,,,,,,29883,,,,
185,8,K0ML,Open,On-Air,,,,39.88560104,-104.98699951,Adams,CO,Northglenn,147.645,147.045,,,,,,,,,,,123,,,,,,,,,,,,
3753,8,WA2YZT,Open,On-Air,,,,39.73049927,-105.23200226,Jefferson,CO,"Golden, Lookout",441.8375,446.8375,,,,,,,,7,310802,,,,,,,,,,,,,,
10939,8,N0SZ,Open,On-Air,,,,39.73070145,-105.23300171,Jefferson,CO,"Golden, Lookout Mountain",144.77,145.37,,,,,,,,7,310808,,,,,,,,,,,,,,
7170,8,N0PYY,Open,On-Air,,,,39.75550079,-105.22100067,Jefferson,CO,Golden,902.7875,927.7875,,,,,,,,,,,156.7,,,,,,,,,,,,
143,8,N0PYY,Open,On-Air,,,,39.75559998,-105.22100067,Jefferson,CO,Golden,443.125,448.125,,,,,,,,,,,107.2,,,,,,,,,,,,
137,8,W0GV,Open,On-Air,,,,39.75559998,-105.22100067,Jefferson,CO,Golden,443.975,448.975,,,,,,,,,,,123,,,,,,,,42845,,,,
14732,8,KI0HC,Open,On-Air,,,,39.53910065,-104.56900024,Douglas,CO,Parker,902.025,927.7375,,,,,,,,,,,100,100,,,,,,,,,,,293
18156,8,W0SKY,Open,On-Air,,,,39.73329926,-105.23699951,Jefferson,CO,"Golden, Lookout Mountain",902.0375,927.975,,,,,,,,,,,67,67,,,,,,,40195,,,,
139,8,KE0VH,Open,On-Air,,,,39.73300171,-105.23899841,Jefferson,CO,"Golden, Lookout Mountain",444.625,449.625,,,,,,,,,,,141.3,141.3,,,Open ↑,Open ↓,,,,,,,
14273,8,KB0VGD,Open,On-Air,,,,39.7845993,-105.21600342,Jefferson,CO,"Golden, Table Mountain",441.975,446.975,,,,,,,,2,310811,,,,,,,,,,,,,,
60,8,N0OWY,Open,On-Air,,,,39.47029877,-105.19799805,Jefferson,CO,"Conifer, Critchell Mountain",442.5,447.5,,,,,,,,,,,88.5,88.5,,,,,,,,,,,
11473,8,K0PRA,Open,On-Air,,,,39.39350128,-104.67500305,Douglas,CO,Franktown,441.85,446.85,,,,,,,,,,K0PRA (B) Repeater,,,,,,,,,,,,,
26,8,W0LMA,Open,On-Air,,,,39.92060089,-105.08599854,Boulder,CO,Broomfield,443.925,448.925,,,,,,,,,,,131.8,,,,,,,,,,,,
266,8,W0WYX,Open,On-Air,,,,39.92060089,-105.08599854,Boulder,CO,Broomfield,444.825,449.825,,,,,,,,,,,103.5,,,,,,,,,,,,
73,8,KE4GUQ,Open,On-Air,,,,39.63330078,-105.31700134,Jefferson,CO,Evergreen,144.74,145.34,,,,,,,,,,,103.5,127.3,,,,,,3350,,,,,
10932,8,N0SZ,Open,On-Air,,,,39.63330078,-105.31700134,Clear Creek,CO,"Evergreen, Squaw Mountain",144.575,145.175,,,,,,,,7,310810,,,,,,,,,,,,,,
265,8,KI0GO,Open,On-Air,,,,39.77719879,-105.32800293,Jefferson,CO,"Golden, Guy Hill",444.75,449.75,,,,,,,,,,,103.5,103.5,,,,,,,,,,,
134,8,N0POH,Open,On-Air,,,,39.77719879,-105.32800293,Jefferson,CO,"Golden, Guy Hill",223.14,224.74,,,,,,,,,,,88.5,88.5,,,,,,,,,,,
71,8,WT0C,Open,On-Air,,,,39.77719879,-105.32800293,Jefferson,CO,"Golden, Guy Hill",144.62,145.22,,,,,,,,,,,103.5,103.5,,,,,,,,,,,293
136,8,K0IBM,Open,On-Air,,,,39.77719879,-105.32900238,Jefferson,CO,"Golden, Guy Hill",443.85,448.85,,,,,,,,,,,88.5,88.5,,,,,,,,,,,
86,8,N0MHU,Open,On-Air,,,,39.77719879,-105.32900238,Jefferson,CO,"Golden, Guy Hill",222.4,224,,,,,,,,,,,103.5,103.5,,,,,,,,,,,
133,8,W0CBI,Open,On-Air,,,,39.77719879,-105.32900238,Jefferson,CO,"Golden, Guy Hill",147.75,147.15,,,,,,,,,,,100,100,,,,,,,,,,,
112,8,W0TX,Open,On-Air,,,,39.75249863,-105.35800171,Jefferson,CO,"Golden, Centennial Cone",443.625,448.625,,,,,,,,,,,100,100,,,,,,,,,,,
82,8,K0FEZ,Open,On-Air,,,,39.75249863,-105.35900116,Denver,CO,"Golden, Centennial Cone",146.385,146.985,,,,,,,,,,,100,100,,,,,,3346,,,,,
138,8,KE0SJ,Open,On-Air,,,,39.75249863,-105.35900116,Jefferson,CO,"Golden, Centennial Cone",444.525,449.525,,,,,,,,,,,,,,,,,,,,,,,
140,8,KE0SJ,Open,On-Air,,,,39.75249863,-105.35900116,Jefferson,CO,"Golden, Centennial Cone",144.68,145.28,,,,,,,,,,,100,,,,,,,,,,,,
77,8,N0PUF,Open,On-Air,,,,39.75249863,-105.35900116,Jefferson,CO,"Golden, Centennial Cone",146.04,146.64,,,,,,,,,,,100,,,,,,,,,,,,
59,8,N0ARA,Open,On-Air,,,,39.51480103,-105.35299683,Jefferson,CO,"Critchell, Critchell Mountain",147.72,147.12,,,,,,,,,,,88.5,88.5,,,,,,,,,,,
7165,8,W0TX,Open,On-Air,,,,39.76570129,-105.36599731,Jefferson,CO,"Denver, Centennial Cone",441.7875,446.7875,,,,,,,,1,310804,,,,,,,,,,,,,,
9702,8,KI0HC,Open,On-Air,,,,39.76580048,-105.36599731,Jefferson,CO,"Golden, Centennial Cone",902.025,927.8375,,,,,,,,,,,,100,,,,,,,,,205,,293
9771,8,KE0SJ,Open,On-Air,,,,40.00719833,-104.71600342,Adams,CO,Lochbuie,442.625,447.625,,,,,,,,,,,100,,,,,,,,,,,,
8739,8,AC0KC,Open,On-Air,,,,40.02759933,-104.78900146,Weld,CO,Fort Lupton,442.3,447.3,,,,,,,,,,,107.2,,,,,,,3887,,405804,,,
7193,8,N0ESQ,Open,On-Air,,,,39.26480103,-105.11399841,Douglas,CO,"Castle Rock, Devils Head",441.925,446.925,,,,,,,,8,310817,,,,,,,,,,,,,,
8190,8,N0ESQ,Open,On-Air,,,,39.26480103,-105.11399841,Douglas,CO,"Castle Rock, Devils Head (Pike National Forest)",442.525,447.525,,,,,,,,,,,146.2,146.2,,,,,,,,,,,
9580,8,AC0KQ,Open,On-Air,,,,39.71889877,-105.44000244,Clear Creek,CO,"Evergreen, Saddleback Mountain",442.85,447.85,,,,,,,,,,,141.3,141.3,,,,,,,29571,,,,
8216,8,K0EB,Open,On-Air,,,,40.02019882,-104.64199829,Weld,CO,Hudson,444.925,449.925,,,,,,,,,,,114.8,114.8,,,,,,8035,,448035,,,
10,8,W0DK,Open,On-Air,,,,39.97800064,-105.27500153,Boulder,CO,"Boulder, Table Mesa",443.9,448.9,,,,,,,,,,,100,,,,,,,,,,,,
18534,8,W0BTV,Open,On-Air,,,,39.97848511,-105.27445221,Boulder,CO,Boulder,1243,423,,,,,,,,,,,,,,,,,,,,,,,
13,8,W0DK,Open,On-Air,,,,39.97829819,-105.27500153,Boulder,CO,Boulder,146.01,146.61,,,,,,,,,,,100,,,,,,,7007,,,,,
14,8,W0DK,Open,On-Air,,,,39.97750092,-105.27899933,Boulder,CO,"Boulder, Table Mountain",146.1,146.7,,,,,,,,,,,100,,,,,,,,,,,,
8183,8,AC0KC,Open,On-Air,,,,40.08470154,-104.81300354,Weld,CO,Fort Lupton,223.36,224.96,,,,,,,,,,,,,,,,,,,,,,,
8250,8,WR0AEN,Open,On-Air,,,,39.6731987,-105.48000336,Clear Creek,CO,"Idaho Springs, Squaw Mountain",444,449,,,,,,,,,,,136.5,136.5,,,,,,,,,,,
84,8,N0PYY,Open,On-Air,,,,39.67810059,-105.48699951,Clear Creek,CO,"Evergreen, Squaw Mountain",147.9,147.3,,,,,,,,,,,103.5,103.5,,,,,,,,,,,
94,8,W0CFI,Open,On-Air,,,,39.67739868,-105.48799896,Denver,CO,"Idaho Springs, Squaw Mountain",443.675,448.675,,,,,,,,,,,100,100,,,,,,,,,,,
16,8,W0IA,Open,On-Air,,,,40.05559921,-105.15699768,Boulder,CO,"Boulder, Gunbarrel Hill",146.16,146.76,,,,,,,,,,,100,,,,,,,,,,,,
78,8,KB0UDD,Open,On-Air,,,,39.6794014,-105.49199677,Clear Creek,CO,"Idaho Springs, Squaw Mountain",146.07,146.67,,,,,,,,,,,100,100,,,,,,,,,,,
107,8,W0CRA,Open,On-Air,,,,39.6794014,-105.49199677,Clear Creek,CO,"Idaho Springs, Squaw Mountain",144.545,145.145,,,,,,,,,,,107.2,107.2,,,,,,,,,,,
264,8,W0CRA,Open,On-Air,,,,39.6794014,-105.49199677,Clear Creek,CO,"Idaho Springs, Squaw Mountain",442.575,447.575,,,,,,,,,,,107.2,107.2,,,,,,3291,,347088,,,
76,8,W0TX,Open,On-Air,,,,39.6794014,-105.49199677,Jefferson,CO,"Idaho Springs, Centennial Cone",144.89,145.49,,,,,,,,,,,100,100,,,,,,,,,,,
98,8,W0TX,Open,On-Air,,,,39.6794014,-105.49199677,Clear Creek,CO,"Idaho Springs, Squaw Mountain",444.35,449.35,,,,,,,,,,,100,100,,,,,,,,4140,,,
99,8,K1DUN,Open,On-Air,,,,39.6794014,-105.49299622,Clear Creek,CO,"Idaho Springs, Squaw Mountain",444.45,449.45,,,,,,,,,,,103.5,127.3,,,,,,,,,,,
8197,8,N0SZ,Open,On-Air,,,,39.67969894,-105.49299622,Clear Creek,CO,"Idaho Springs, Squaw Mountain",443.225,448.225,,,,,,,,,,,141.3,141.3,,,,,,,,,,,
7190,8,N0SZ,Open,On-Air,,,,39.67979813,-105.49299622,Clear Creek,CO,"Idaho Springs, Squaw Mountain",441.9375,446.9375,,,,,,,,7,310801,,,,,,,,,,,,,,
81,8,W0WYX,Open,On-Air,,,,39.67979813,-105.49299622,Clear Creek,CO,"Idaho Springs, Squaw Mountain",146.34,146.94,,,,,,,,,,,103.5,103.5,,,,,,,,,,,
21,8,K0DK,Open,On-Air,,,,40.01499939,-105.26999664,Boulder,CO,Boulder,444.4,449.4,,,,,,,,,,,91.5,,,,,,,,,,,,
11,8,W0IA,Open,On-Air,,,,40.01499939,-105.26999664,Boulder,CO,Boulder,444.55,449.55,,,,,,,,,,,100,,,,,,,,,217336,,,
8220,8,KC0DS,Open,On-Air,,,,40.03720093,-105.23000336,Boulder,CO,Boulder,1263.8625,1283.8625,,,,,,,,,,KC0DS (A) Repeater,,,,,,,,,,,,,
8171,8,KC0DS,Open,On-Air,,,,40.03720093,-105.23000336,Boulder,CO,Boulder,144.7875,145.3875,,,,,,,,,,KC0DS (C),,,,,,,,,,,,,
8186,8,KC0DS,Open,On-Air,,,,40.01499939,-105.27100372,Boulder,CO,Boulder,441.8625,446.8625,,,,,,,,,,KC0DS (B),,,,,,,,,,,,,
8185,8,N0SZ,Open,On-Air,,,,40.01499939,-105.27100372,Boulder,CO,"Boulder, Mount Thorodin",441.8,446.8,,,,,,,,7,310800,,,,,,,,,,,,,,
8221,8,W0DK,Open,On-Air,,,,40.01499939,-105.27100372,Boulder,CO,Boulder,1279.5,1299.5,,,,,,,,,,W0DK (A) DVAP 24/7,,,,,,,,,,,,,
72,8,KB0VJJ,Open,On-Air,,,,39.88750076,-105.4260025,Gilpin,CO,"Boulder, Thorodin Mountain",144.71,145.31,,,,,,,,,,,88.5,123,,,,,,,,,,,
97,8,N0SZ,Open,On-Air,,,,39.88750076,-105.4260025,Gilpin,CO,"Denver, Thorodin Mountain",444.225,449.225,,,,,,,,,,,141.3,141.3,,,,,,,,,,,
83,8,W0CRA,Open,On-Air,,,,39.17549896,-105.03399658,Douglas,CO,"Larkspur, Westcreek",147.825,147.225,,,,,,,,,,,107.2,107.2,,,,,,3990,,347086,,,
16547,8,W0CRA,Open,On-Air,,,,39.17549896,-105.03399658,Douglas,CO,"Larkspur, Westcreek",443.425,448.425,,,,,,,,,,,107.2,107.2,,,,,,,,,,,
95,8,WG0N,Open,On-Air,,,,39.74250031,-105.51399994,Denver,CO,"Idaho Springs, Squaw Mountain",444.05,449.05,,,,,,,,,,,107.2,107.2,,,,,,,,,,,
15,8,K0DK,Open,On-Air,,,,40.05709839,-105.24299622,Boulder,CO,Boulder,146.13,146.73,,,,,,,,,,,91.5,91.5,,,,,,,,115482,,,
7,8,AB0PC,Open,On-Air,,,,39.4056015,-105.47299957,Park,CO,"Bailey, Dick Mountain",146.295,146.895,,,,,,,,,,,100,100,,,,,,,45835,,,,
8740,8,N0XLF,Open,On-Air,,,,39.13600159,-104.92700195,Douglas,CO,"Palmer Lake, Monument Hill",147.675,147.075,,,,,,,,,,,131.8,131.8,,,,,,,,10079,,,
15900,8,N0SZ,Open,On-Air,,,,39.15250015,-105.16400146,Douglas,CO,Westcreek,441.875,446.875,,,,,,,,6,310846,,,,,,,,,,,,,,
201,8,W0RM,Open,Other,,,,39.91719818,-105.50099945,Gilpin,CO,Rollinsville,223,224.6,,,,,,,,,,,100,,,,,,,,,,,,
176,8,N0EPA,Open,On-Air,,,,40.16719818,-105.10099792,Boulder,CO,Longmont,443.525,448.525,,,,,,,,,,,151.4,,,,,,,,,223853,,,
175,8,W0ENO,Open,On-Air,,,,40.16719818,-105.10099792,Boulder,CO,Longmont,147.87,147.27,,,,,,,,,,,100,100,,,,,,,,,,,
177,8,W0ENO,Open,On-Air,,,,40.16719818,-105.10099792,Boulder,CO,Longmont,443.8,448.8,,,,,,,,,,,88.5,88.5,,,,,,,,8305,,,
183,8,K0NR,Open,On-Air,,,,39.09170151,-104.87200165,El Paso,CO,"Monument, Monument Hill",442.725,447.725,,,,,,,,,,,100,100,,,,,,,,,,,
19,8,N0SZ,Open,On-Air,,,,40.07220078,-105.35399628,Boulder,CO,"Boulder, Lee Hill",442.75,447.75,,,,,,,,,,,141.3,141.3,,,,,,3450,,,,,
5219,8,N0SZ,Open,On-Air,,,,40.07220078,-105.35399628,Boulder,CO,"Boulder, Lee Hill",441.9875,446.9875,,,,,,,,7,310813,,,,,,,,,,,,,,
8992,8,N0SZ,Open,On-Air,,,,40.07220078,-105.35399628,Boulder,CO,"Boulder, Lee Hill",440.05,445.05,,,,,,,,1,310852,,,,,,,,,,,,,,
8,8,W0CRA,Open,On-Air,,,,40.07220078,-105.35399628,Boulder,CO,"Boulder, Eldorado Mountain",144.86,145.46,,,,,,,,,,,107.2,107.2,,,,,,3990,,347086,,,
20,8,W0CRA,Open,On-Air,,,,40.07220078,-105.35399628,Boulder,CO,"Boulder, Eldorado Mountain",442.975,447.975,,,,,,,,,,,107.2,107.2,,,,,,,,,,,
18,8,W0IA,Open,On-Air,,,,40.07220078,-105.35399628,Boulder,CO,"Boulder, Lee Hill",222.42,224.02,,,,,,,,,,,,,,,,,,,,217336,,,
13368,8,W0JZ,Open,On-Air,,,,40.06330109,-105.41000366,Boulder,CO,Gold Hill,146.31,146.91,,,,,,,,,,,123,127.3,,,,,,,,,,,
18710,8,KE0VUW,Open,On-Air,,,,39.046,-104.8065,El Paso,CO,"Colorado Springs, Sun Hills Subdivision",441.8875,446.8875,,,,,,,,,,KE0VUW (B) Repeater,,,,,,,,,,,,,
17551,8,,Open,Other,,,,39.04850006,-104.7009964,El Paso,CO,Black Forest,443.95,448.95,,,,,,,,,,(B) Repeater,,,,,Open ↑,Open ↓,,,,,,,
57,8,KB0SRJ,Open,On-Air,,,,39.03020096,-104.7990036,El Paso,CO,"Colorado Springs, ~2 mi ENE USAFA North Gate",443.8,448.8,,,,,,,,,,,100,,,,,,,,,,,,
157,8,KC0KWD,Open,On-Air,,,,40.26119995,-104.70600128,Weld,CO,LaSalle,147.6,147,,,,,,,,,,,100,,,,Open ↑,Open ↓,,3839,,,,,
158,8,KC0KWD,Open,On-Air,,,,40.26119995,-104.70600128,Weld,CO,Greeley,443.475,448.475,,,,,,,,,,,100,,,,,,,3839,,,,,
13294,8,KD0MDP,Open,On-Air,,,,39.04370117,-104.60800171,El Paso,CO,"Falcon, Black Forest",442.625,447.625,,,,,,,,,,,100,100,,,,,,7301,28299,363976,,,
249,8,KA0WUC,Open,Other,,,,38.9939003,-105.05599976,Teller,CO,Woodland Park,144.815,145.415,,,,,,,,,,,179.9,,,,,,,,,,,,
252,8,KA0WUC,Open,Other,,,,38.9939003,-105.05599976,Teller,CO,Woodland Park,444.025,449.025,,,,,,,,,,,141.3,,,,,,,,,,,,
250,8,NX0G,Open,On-Air,,,,38.9939003,-105.05599976,Teller,CO,Woodland Park,146.22,146.82,,,,,,,,,,,107.2,,,,,,,,,,,,
251,8,NX0G,Open,On-Air,,,,38.9939003,-105.05599976,Teller,CO,Woodland Park,443.65,448.65,,,,,,,,,,,107.2,,,,,,,,,,,,
8193,8,KA0WUC,Open,On-Air,,,,38.9939003,-105.05699921,Teller,CO,Woodland Park,442.675,447.675,,,,,,,,,,,179.9,179.9,,,,,,,,,,,
3750,8,KA0WUC,Open,On-Air,,,,38.99380112,-105.05699921,Teller,CO,Woodland Park,902.9,927.9,,,,,,,,,,,,,,,,,,,,,205,,
9503,8,KA4EPS,Open,On-Air,,,,38.9878006,-105.04399872,Teller,CO,"Woodland Park, Paradise Pines",444.325,449.325,,,,,,,,,,,103.5,103.5,,,,,,,27976,,,,
12167,8,WA0DE,Open,On-Air,,,,39.22669983,-104.08999634,Elbert,CO,Simla,147.705,147.105,,,,,,,,,,,107.2,107.2,,,,,,,,,,,
3756,8,WA4CCC,Open,On-Air,,,,39.94729996,-105.79499817,Grand,CO,Winter Park,442.45,447.45,,,,,,,,,,,103.5,,,,,,,,,,,,
8214,8,,Open,Other,,,,38.97969818,-105.35700226,Park,CO,Lake George,444.7,449.7,,,,,,,,,,,107.2,,,,,,,,,,,,
170,8,KC0CVU,Open,On-Air,,,,39.0489006,-105.51200104,Park,CO,"Lake George, Badger Mountain",147.96,147.36,,,,,,,,,,,107.2,107.2,,,,,,3854,,,,,
169,8,NX0G,Open,On-Air,,,,39.04940033,-105.51300049,Park,CO,"Lake George, Badger Mountain",146.085,146.685,,,,,,,,,,,107.2,107.2,,,,,,,,,,,
181,8,W0LRA,Open,On-Air,,,,40.39780045,-105.0739975,Larimer,CO,"Loveland, Namaqua Hill",444.575,449.575,,,,,,,,,,,100,,,,,,,,,,,,
159,8,K0OJ,Open,On-Air,,,,40.40370178,-104.70300293,Weld,CO,"Greeley, UNC",444.725,449.725,,,,,,,,,,,127.3,,,,,,,,,,,,
179,8,W0LRA,Open,On-Air,,,,40.39849854,-105.125,Larimer,CO,"Loveland, Namaqua Hill",147.795,147.195,,,,,,,,,,,100,,,,,,,,,,,,
156,8,W0UPS,Open,On-Air,,,,40.40359879,-104.69999695,Weld,CO,"Greeley, UNC",146.25,146.85,,,,,,,,,,,100,100,,,,,,,,,,,
18521,8,KB0VGD,Open,On-Air,,,,40.42331314,-104.70912933,Weld,CO,Greeley,440.1375,445.1375,,,,,,,,2,,,,,,,,,,,,,,,
8210,8,WR0AEN,Open,On-Air,,,,40.4233017,-104.70899963,Weld,CO,Greeley,444.325,449.325,,,,,,,,,,WR0AEN (B),136.5,,,,,,,,,,,,
3621,8,W0UPS,Open,On-Air,,,,40.44400024,-104.98899841,Larimer,CO,"Loveland, Budweiser Event Center",443.025,448.025,,,,,,,,,,,100,100,,,Open ↑,Open ↓,,,,,,,
8176,8,AA0L,Open,On-Air,,,,38.83969879,-104.80000305,El Paso,CO,Colorado Springs,147.735,147.135,,,,,,,,,,,100,,,,,,,,,,,,
46,8,,Open,On-Air,,,,38.83810043,-104.82099915,El Paso,CO,Colorado Springs,147.87,147.27,,,,,,,,,,,,,,,,,,,,,,,
43,8,K0IRP,Open,On-Air,,,,38.83810043,-104.82099915,El Paso,CO,Colorado Springs,146.31,146.91,,,,,,,,,,,151.4,151.4,,,,,,,,,,,
48,8,W0MOG,Open,On-Air,,,,38.83810043,-104.82099915,El Paso,CO,Colorado Springs,147.99,147.39,,,,,,,,,,,103.5,,,,,,,,,,,,
44,8,KB0SRJ,Open,On-Air,,,,38.84000015,-105.04000092,El Paso,CO,"Colorado Springs, Pikes Peak",146.37,146.97,,,,,,,,,,,100,,,,,,,,,,,,
54,8,KB0SRJ,Open,On-Air,,,,38.84000015,-105.04000092,El Paso,CO,"Colorado Springs, Pikes Peak",443.45,448.45,,,,,,,,,,,100,,,,,,,,,,,,
8211,8,,Closed,On-Air,,,,38.83390045,-104.82099915,El Paso,CO,Colorado Springs,444.575,449.575,,,,,,,,,,,,,,,,,,,,,,,
8200,8,AA0L,Open,On-Air,,,,38.83390045,-104.82099915,El Paso,CO,Colorado Springs,443.3,448.3,,,,,,,,,,,100,,,,,,,,,,,,
50,8,K0IRP,Open,On-Air,,,,38.83390045,-104.82099915,El Paso,CO,Colorado Springs,442.35,447.35,,,,,,,,,,,151.4,,,,,,,,,,,,
8182,8,KB0SRJ,Closed,Other,,,,38.83390045,-104.82099915,El Paso,CO,Colorado Springs,222.46,224.06,,,,,,,,,,,,,,,,,,,,,,,
49,8,KF0WF,Open,On-Air,,,,38.83390045,-104.82099915,El Paso,CO,Colorado Springs,442.025,447.025,,,,,,,,,,,123,,,,,,,,,,,,
8198,8,N0KG,Open,On-Air,,,,38.83390045,-104.82099915,El Paso,CO,"Colorado Springs, Broadmoor Area",443.25,448.25,,,,,,,,,,,123,,,,,,,,,,,,
51,8,NX0G,Open,On-Air,,,,38.83390045,-104.82099915,El Paso,CO,Colorado Springs,442.475,447.475,,,,,,,,,,,107.2,,,,,,,,,,,,
55,8,W0MOG,Open,Other,,,,38.83390045,-104.82099915,El Paso,CO,Colorado Springs,443.6,448.6,,,,,,,,,,,114.8,,,,,,,,,,,,
3537,8,W0MOG,Open,On-Air,,,,38.83390045,-104.82099915,Teller,CO,Colorado Springs,902.8,927.8,,,,,,,,,,,,,,,,,,,,,116,,
8191,8,WA6IFI,Open,On-Air,,,,38.83390045,-104.82099915,El Paso,CO,Colorado Springs,442.55,447.55,,,,,,,,,,,123,,,,,,,,,,,,
42,8,AD0TP,Open,On-Air,,,,38.83969879,-104.7437973,El Paso,CO,Colorado Springs,146.25,146.85,,,,,,,,,,,156.7,103.5,,,,,,,,,,,
119,8,N0FH,Open,On-Air,,,,40.36009979,-105.4509964,Larimer,CO,Estes Park,146.085,146.685,,,,,,,,,,,123,123,,,,,,7268,,625757,,,
24,8,KB0VJJ,Open,On-Air,,,,39.44390106,-105.96900177,Summit,CO,"Breckenridge, Bald Mountain",147.99,147.39,,,,,,,,,,,88.5,123,,,,,,,,,,,
16780,8,N0SZ,Open,On-Air,,,,39.45899963,-105.97899628,Fremont,CO,"Breckenridge, Baldy",440.0875,445.0875,,,,,,,,7,310830,,,,,,,,,,,,,,
17813,8,N0WAR,Open,On-Air,,,,40.36059952,-105.51999664,Larimer,CO,"Estes Park, Prospect Mtn",147.84,147.24,,,,,,,,2,310853,,,,,,,,,,,,,,
8194,8,W7RF,Open,On-Air,,,,40.49599838,-105.07900238,Larimer,CO,Fort Collins,442.725,447.725,,,,,,,,,,,131.8,,,,,,,,,,,,
56,8,KA0TTF,Open,On-Air,,,,38.77999878,-104.84999847,El Paso,CO,"Colorado Springs, Fillmore Hill",443.725,448.725,,,,,,,,,,,123,,,,,,,,,,,,
5220,8,K7PFJ,Open,On-Air,,,,38.77259827,-104.99299622,Teller,CO,"Colorado Springs, Almagre Mountain",441.95,446.95,,,,,,,,7,310816,,,,,,,,,,,,,,
58,8,WA6IFI,Open,On-Air,,,,38.77259827,-104.99299622,Teller,CO,"Colorado Springs, Almagre Mountain",902.025,927.725,,,,,,,,,,,,,,,,,,,,,114,,293
8178,8,AA0SP,Private,On-Air,,,,38.77249908,-104.99299622,El Paso,CO,"Colorado Springs, Almagre Mountain",147.78,147.18,,,,,,,,,,,100,,,,,,,,,,,,
120,8,N0FH,Open,On-Air,,,,40.37720108,-105.52100372,Larimer,CO,Estes Park,444.8,449.8,,,,,,,,,,,123,,,,,,,7268,,625757,,,
17250,8,N0SZ,Open,On-Air,,,,38.77199936,-104.99299622,El Paso,CO,"Colorado Springs, Almagre Mountain",144.635,145.235,,,,,,,,7,310824,,,,,,,,,,,,,,
13581,8,K0RTS,Open,On-Air,,,,39.27830124,-103.5,Lincoln,CO,"Genoa, Limon",441.7375,446.7375,,,,,,,,8,310829,,,,,,,,,,,,,,
18718,8,KC0VJD,Open,Testing,,,,39.374653,-103.8021,Lincoln,CO,"Limon, Cedar Point",442.6,447.65,,,,,,,,,,,103.5,,,,,,,,,,,,
9583,8,K0UPS,Open,On-Air,,,,39.37030029,-103.8010025,Elbert,CO,Cedar Point,444.25,449.25,,,,,,,,,,,123,123,,,,,,3349,,3349,,,
276,8,KC0RBT,Open,On-Air,,,,40.51530075,-105.14700317,Larimer,CO,Fort Collins,442.45,447.45,,,,,,,,,,,123,123,,,,,,,,447450,,,
8505,8,N0AOL,Open,On-Air,,,,40.51530075,-105.14700317,Larimer,CO,Fort Collins,441.7375,446.7375,,,,,,,,2,310803,,,,,,,,,,,,,,
23,8,WB0QMR,Open,On-Air,,,,39.4817009,-106.03800201,Summit,CO,Breckenridge,146.1,146.7,,,,,,,,,,,107.2,,,,,,,3972,,,,,
37,8,KB0VJJ,Open,On-Air,,,,38.74520111,-104.86199951,El Paso,CO,"Colorado Springs, Cheyenne Mountain",144.53,145.13,,,,,,,,,,,88.5,123,,,,,,,,,,,
8087,8,KC0CVU,Open,On-Air,,,,38.74509811,-104.86199951,El Paso,CO,"Colorado Springs, Cheyenne Mountain",441.9125,446.9125,,,,,,,,,,KC0CVU (B) Repeater,,,,,,,,,,,,,
12355,8,N0SZ,Open,On-Air,,,,38.74509811,-104.86199951,El Paso,CO,"Colorado Springs, Cheyenne Mountain",440.0625,445.0625,,,,,,,,1,310857,,,,,,,,,,,,,,
8158,8,KC0CVU,Open,On-Air,,,,38.74499893,-104.86199951,El Paso,CO,"Colorado Springs, Cheyenne Mountain",51.43,53.13,,,,,,,,,,,107.2,107.2,,,,,,,,,,,
7171,8,KC0CVU,Open,On-Air,,,,38.74499893,-104.86199951,Teller,CO,"Colorado Springs, Cheyenne Mountain",902.85,927.85,,,,,,,,,,,,,,,,,,,,,114,,
8088,8,KC0CVU,Open,Testing,,,,38.74449921,-104.86199951,El Paso,CO,"Colorado Springs, Cheyenne Mountain",144.785,145.385,,,,,,,,,,KC0CVU (C) Repeater,,,,,,,,,,,,,
12562,8,W0DMR,Open,On-Air,,,,40.54460144,-104.94400024,Larimer,CO,"Fort Collins, Timnath",147.99,147.39,,,,,,,,2,310822,,,,,,,,,,,,,,
41,8,KC0CVU,Open,On-Air,,,,38.73720169,-104.8809967,El Paso,CO,"Colorado Springs, Cheyenne Mountain",146.16,146.76,,,,,,,,,,,107.2,107.2,,,,,,,,,,,
53,8,KC0CVU,Open,On-Air,,,,38.73720169,-104.8809967,El Paso,CO,"Colorado Springs, Cheyenne Mountain",443.1,448.1,,,,,,,,,,,107.2,107.2,,,,,,,,,,,
269,8,KC0CVU,Open,On-Air,,,,38.73720169,-104.8809967,El Paso,CO,"Colorado Springs, Cheyenne Mountain",443,448,,,,,,,,,,,107.2,,,,,,,,,,,,
47,8,KC0CVU,Open,On-Air,,,,38.73720169,-104.87999725,El Paso,CO,"Colorado Springs, Cheyenne Mountain",147.945,147.345,,,,,,,,,,,107.2,107.2,,,,,,3854,,,,,
38,8,W0CRA,Open,On-Air,,,,38.73720169,-104.87999725,El Paso,CO,"Colorado Springs, Cheyenne Mountain",144.56,145.16,,,,,,,,,,,107.2,107.2,,,,,,3990,,347086,,,
15899,8,K7PFJ,Open,On-Air,,,,40.08610153,-105.93900299,Clear Creek,CO,"Granby, Mt Chauncey",441.875,446.875,,,,,,,,7,310838,,,,,,,,,,,,,,
145,8,KA0YDW,Open,Other,,,,40.08610153,-105.93900299,Grand,CO,Granby,146.22,146.82,,,,,,,,,,,123,,,,,,,,,,,,
8715,8,K7PFJ,Open,On-Air,,,,40.53879929,-105.17900085,Larimer,CO,"Fort Collins, Horsetooth Mountain",441.75,446.75,,,,,,,,7,310814,,,,,,,,,,,,,,
14274,8,KB0VGD,Open,On-Air,,,,40.53879929,-105.17900085,Larimer,CO,"Fort Collins, Horsetooth Mountain",144.665,145.265,,,,,,,,2,310831,,,,,,,,,,,,,,
66,8,WB0WDF,Open,On-Air,,,,38.74670029,-105.1780014,Teller,CO,Cripple Creek,442.4,447.4,,,,,,,,,,,67,,,,,,,,,,,,
65,8,NX0G,Open,On-Air,,,,38.7466011,-105.1780014,Teller,CO,Cripple Creek,147.615,147.015,,,,,,,,,,,107.2,,,,,,,,,,,,
64,8,WB0WDF,Open,On-Air,,,,38.7466011,-105.1780014,Teller,CO,Cripple Creek,144.86,145.46,,,,,,,,,,,67,,,,,,,,,,,,
123,8,W0UPS,Open,On-Air,,,,40.53969955,-105.19599915,Larimer,CO,"Fort Collins, Horsetooth Mountain",144.515,145.115,,,,,,,,,,,100,100,,,,,,,,4236,,,
126,8,W0UPS,Open,On-Air,,,,40.53969955,-105.19599915,Larimer,CO,"Fort Collins, Horsetooth Mountain",442.275,447.275,,,,,,,,,,,100,100,,,,,,,,,,,
275,8,W0UPS,Open,On-Air,,,,40.53969955,-105.19599915,Larimer,CO,"Fort Collins, Horsetooth Mountain",222.92,224.52,,,,,,,,,,,100,100,,,,,,,,,,,
125,8,W0QEY,Open,On-Air,,,,40.57080078,-105.07700348,Larimer,CO,"Fort Collins, CSU Durward Hall",147.96,147.36,,,,,,,,,,,100,100,,,,,,,,,,,
8188,8,N6RFI,Open,On-Air,,,,40.58100128,-104.90599823,Weld,CO,"Severance, Cactus Hill",442.2,447.2,,,,,,,,,,,82.5,,,,,,,,,,,,
18131,8,WC3W,Open,On-Air,,,,40.23920059,-105.84700012,Clear Creek,CO,Grand Lake,444.425,449.425,,,,,,,,,,,103.5,103.5,,,,,,,45202,,,,
39,8,KB0SRJ,Open,On-Air,,,,38.70000076,-104.90000153,El Paso,CO,"Colorado Springs, ~2 mi ENE USAFA North Gate",144.665,145.265,,,,,,,,,,,100,,,,Open ↑,Open ↓,,,,,,,
18416,8,W0QEY,Open,On-Air,,,,40.57759857,-105.09300232,Larimer,CO,"Fort Collins, CSU Durward Hall",441.7625,446.7625,,,,,,,,8,,,,,,,,,,,,,,,
18417,8,W0QEY,Open,On-Air,,,,40.57759857,-105.09300232,Larimer,CO,"Fort Collins, CSU Durward Hall",441.7625,446.7625,,,,,,,,8,,,,,,,,,,,,,,,
8901,8,W0QEY,Open,On-Air,,,,40.57770157,-105.09300232,Larimer,CO,"Fort Collins, CSU Durward Hall",441.8125,446.8125,,,,,,,,,,W0QEY (B) Repeater,,,,,,,,,,,,,
10995,8,W0DMR,Open,On-Air,,,,40.59379959,-104.9260025,Larimer,CO,"Fort Collins, Timnath",441.775,446.775,,,,,,,,2,310806,,,,,,,,,,,,,,
124,8,W0QEY,Open,On-Air,,,,40.58530045,-105.08399963,Larimer,CO,"Fort Collins, CSU Durward Hall",444.85,449.85,,,,,,,,,,,100,100,,,,,,,,,,,
3592,8,W0QEY,Open,On-Air,,,,40.58530045,-105.08399963,Larimer,CO,"Fort Collins, CSU Durward Hall",902.95,927.95,,,,,,,,,,,100,100,,,,,,,,,,,
12698,8,N0SZ,Open,On-Air,,,,39.0469017,-105.87000275,Park,CO,"Fairplay, Badger",441.7625,446.7625,,,,,,,,7,310827,,,,,,,,,,,,,,
5336,8,AA0BF,Open,On-Air,,,,39.20999908,-106.08699799,Park,CO,"Fairplay, Sacramento Mountain",442.125,447.125,,,,,,,,,,,103.5,103.5,,,,,,,45840,,,,
5853,8,W0UPS,Open,On-Air,,,,40.61109924,-105.3239975,Larimer,CO,"Fort Collins, Buckhorn Mountain",442.7,447.7,,,,,,,,,,,100,100,,,,,,,,,,,
18424,8,KI0HC,Open,On-Air,,,,40.61669922,-105.32800293,Larimer,CO,"Fort Collins, Buckhorn Mountain",902.025,927.875,,,,,,,,,,,,,,,,,,,,,,,293
18418,8,N0SZ,Open,On-Air,,,,40.61700058,-105.32700348,Larimer,CO,"Fort Collins, Buckhorn Mountain",440.2,445.2,,,,,,,,7,,,,,,,,,,,,,,,
246,8,W0UPS,Open,On-Air,,,,40.61700058,-105.32700348,Larimer,CO,"Fort Collins, Buckhorn Mountain",146.025,146.625,,,,,,,,,,,100,100,,,,,,,,,,,
3660,8,W0UPS,Open,On-Air,,,,40.61700058,-105.32700348,Larimer,CO,"Fort Collins, Buckhorn Mountain",223.24,224.84,,,,,,,,,,,100,100,,,,,,,,,,,
10783,8,W0FT,Open,On-Air,,,,40.25030136,-103.80000305,Morgan,CO,"Fort Morgan, Fort Morgan EOC",443.2,448.2,,,,,,,,7,310812,,,,,,,,,,,,,,
172,8,KB0VJJ,Open,On-Air,,,,39.28139877,-106.18599701,Lake,CO,"Leadville, Mosquito Pass",144.845,145.445,,,,,,,,,,,88.5,,,,,,,,,,,,
16783,8,N0SZ,Open,On-Air,,,,39.26530075,-106.18199921,Lake,CO,"Leadville, Mosquito Pass",440.05,445.05,,,,,,,,7,310852,,,,,,,,,,,,,,
8251,8,WB7UPS,Open,On-Air,,,,40.70389938,-105.00900269,Larimer,CO,Wellington,443.325,448.325,,,,,,,,,,,110.9,,,,,,,,,,,,
9840,8,WZ0N,Open,On-Air,,,,38.88330078,-105.93299866,Park,CO,Hartsel,443.575,448.575,,,,,,,,,,,103.5,103.5,,,,,,,,,,,
256,8,K0RV,Open,On-Air,,,,39.60609818,-106.35600281,Eagle,CO,"Vail, Bald Mountain",146.01,146.61,,,,,,,,,,,107.2,,,,,,,,,,,,
242,8,N0AFO,Open,On-Air,,,,39.64030075,-106.37400055,Eagle,CO,Vail,223.2,224.8,,,,,,,,,,,,,,,,,,,,,,,
243,8,N0AFO,Open,On-Air,,,,39.64030075,-106.37400055,Eagle,CO,Vail,444.9,449.9,,,,,,,,,,,107.2,107.2,,,,,,,,,,,
10827,8,N0ZSN,Open,On-Air,,,,39.25080109,-106.29299927,Lake,CO,"Leadville, Quail Mountain",147.84,147.24,,,,,,,,,,,156.7,156.7,,,,,,,,,,,
128,8,KE0AE,Open,On-Air,,,,39.26879883,-103.48799896,Lincoln,CO,Genoa,147.66,147.06,,,,,,,,,,,103.5,,,,,,,,42740,,,,
33,8,WB0WDF,Open,On-Air,,,,38.53860092,-105.34899902,Fremont,CO,"Canon City, eightmile Mountain",444,449,,,,,,,,,,,67,67,,,,,,,,,,,
16781,8,N0SZ,Open,On-Air,,,,39.63479996,-106.4469986,Eagle,CO,Vail,440.075,445.075,,,,,,,,7,310851,,,,,,,,,,,,,,
241,8,KB0VJJ,Open,On-Air,,,,39.65539932,-106.45700073,Eagle,CO,Vail,147.945,147.345,,,,,,,,,,,88.5,123,,,,,,,,,,,
166,8,KB0VJJ,Open,On-Air,,,,40.05889893,-106.38800049,Grand,CO,"Kremmling, Santoy Peak",147.675,147.075,,,,,,,,,,,88.5,123,,,,,,,,,,,
7395,8,N1FSX,Open,On-Air,,,,38.85200119,-103.69999695,Lincoln,CO,Punkin Center,444.9,449.9,,,,,,,,,,,107.2,,,,,,,,,,,,
278,8,KB0TUC,Open,On-Air,,,,38.45389938,-105.28600311,Fremont,CO,"Canon City, Fremont Peak",902.7,927.7,,,,,,,,,,,,,,,,,,,,,114,,
7184,8,K0JSC,Open,On-Air,,,,38.45420074,-105.29000092,Fremont,CO,"Canon City, Fremont Peak",441.7375,446.7375,,,,,,,,7,310815,,,,,,,,,,,,,,
8879,8,K0JSC,Open,On-Air,,,,38.45420074,-105.29000092,Fremont,CO,"Canon City, Fremont Peak",442.25,447.25,,,,,,,,,,,100,100,,,,,,7301,28368,363976,,,
29,8,WB0WDF,Open,On-Air,,,,38.45420074,-105.29000092,Fremont,CO,"Canon City, Fremont Peak",51.33,53.03,,,,,,,,,,,88.5,88.5,,,,,,,,,,,
30,8,WD0EKR,Open,On-Air,,,,38.45420074,-105.29000092,Fremont,CO,"Canon City, Fremont Peak",144.89,145.49,,,,,,,,,,,103.5,103.5,,,,,,,,,,,
31,8,WD0EKR,Open,On-Air,,,,38.45420074,-105.29000092,Fremont,CO,"Canon City, Fremont Peak",222.36,223.96,,,,,,,,,,,103.5,103.5,,,,,,,,,,,
32,8,WD0EKR,Open,On-Air,,,,38.45420074,-105.29000092,Fremont,CO,"Canon City, Fremont Peak",442.75,447.75,,,,,,,,,,,103.5,103.5,,,,,,3081,,,,,
7185,8,K0JSC,Open,On-Air,,,,38.43009949,-105.23200226,Fremont,CO,"Canon City, Colorado",442.975,447.975,,,,,,,,,,,100,100,,,,,,7301,28368,363976,,,
17059,8,KC0VJD,Open,On-Air,,,,39.05419922,-103.48000336,Lincoln,CO,Hugo,442,447,,,,30534,,,,,,,103.5,,,,Open ↑,Open ↓,,,,,,,
195,8,ND0Q,Open,On-Air,,,,38.39250183,-104.55500031,Pueblo,CO,"Pueblo, Baculite Mesa",222.66,224.26,,,,,,,,,,,88.5,,,,,,,,,,,,
17821,8,W1VAN,Open,On-Air,,,,40.80759811,-105.61699677,Larimer,CO,"Red Feather Lakes, Red Feather Lakes",442.6,447.6,,,,,,,,2,310869,,,,,,,,,,,,,,
193,8,W0PHC,Open,On-Air,,,,38.36240005,-104.55999756,Pueblo,CO,"Pueblo, Baculite Mesa",146.19,146.79,,,,,,,,,,,88.5,,,,,,,,,,,,
198,8,W0PHC,Open,On-Air,,,,38.36240005,-104.55999756,Pueblo,CO,"Pueblo, 12 Mile",442.95,447.95,,,,,,,,0,,,88.5,,,,,,,,,,,,
18346,8,NA0PW,Open,On-Air,,,,38.31610107,-104.7419967,Pueblo,CO,"Pueblo West, Liberty Point",442.45,447.45,,,,,,,,,,,123,123,,,,,,,,,,,
7994,8,K0JSC,Open,On-Air,,,,38.3030014,-104.73400116,Pueblo,CO,Pueblo West,443.975,448.975,,,,,,,,,,,100,100,,,,,,7301,28368,363976,,,
8173,8,NE0Z,Private,On-Air,,,,38.30690002,-104.62000275,Pueblo,CO,"Pueblo, CSU",147.6,147,,,,,,,,,,,,,,,,,,,,,,,
184,8,W0LSD,Open,On-Air,,,,38.71289825,-106.19999695,Chaffee,CO,Nathrop,146.145,146.745,,,,,,,,,,,100,,,,,,,,,,,,
34,56,N7JJY,Open,On-Air,,,,41.02740097,-104.78399658,Laramie,WY,"Cheyenne, Chalk Bluffs",444.3,449.3,,,,,,,,,,,131.8,,,,Open ↑,Open ↓,,,,,,,
16784,8,W0FT,Open,On-Air,,,,40.16049957,-103.21399689,Morgan,CO,Akron,443.175,448.175,,,,,,,,7,310833,,,,,,,,,,,,,,
2,8,KB0VJJ,Open,On-Air,,,,40.16059875,-103.21399689,Washington,CO,Akron,144.8,145.4,,,,,,,,,,,88.5,123,,,,,,,,,,,
9844,8,KD0QPG,Open,On-Air,,,,38.53469849,-105.99900055,Chaffee,CO,"Salida, Methodist Mountain",441.975,446.975,,,,,,,,,,KD0QPG (B) Gateway Repeater,,,,,,,,,,,,,
12697,8,N0SZ,Open,On-Air,,,,38.53469849,-105.99900055,Chaffee,CO,"Salida, Methodist Mountain",441.8125,446.8125,,,,,,,,7,310825,,,,,,,,,,,,,,
191,8,W0PHC,Open,On-Air,,,,38.2521019,-104.66200256,Pueblo,CO,Pueblo,144.515,145.115,,,,,,,,,,,88.5,,,,,,,,,,,,
18707,8,WB0SLW,Open,On-Air,,,,38.2544472,-104.6091409,Pueblo,CO,Pueblo,144.68,145.28,,,,,,,,,,,100,100,,,,,,,,,,,
192,8,K0ST,Open,On-Air,,,,38.25439835,-104.60900116,Pueblo,CO,"Pueblo, Pueblo",146.055,146.655,,,,,,,,,,,123,,,,,,,,,,,,
8530,8,KF0KR,Private,On-Air,,,,38.25439835,-104.60900116,Pueblo,CO,"Pueblo, Pueblo",442.7,447.7,,,,,,,,1,310805,,210.7,210.7,,,,,,7389,29228,,,,
189,8,N0PWZ,Open,On-Air,,,,38.25439835,-104.60900116,El Paso,CO,Palmer Divide,444.725,449.725,,,,,,,,,,,100,,,,,,,3043,,,,,
15672,56,K7PFJ,Open,On-Air,,,,41.06000137,-104.87999725,Laramie,WY,"Cheyenne, South",444.9375,449.9375,,,,,,,,7,315603,,,,,,,,,,,,,,
10785,8,K0JSC,Open,On-Air,,,,38.23070145,-104.61100006,Pueblo,CO,Pueblo,441.9875,446.9875,,,,,,,,6,310821,,,,,,,,,,,,,,
3747,8,KJ0T,Open,On-Air,,,,38.23059845,-104.61100006,Pueblo,CO,Pueblo,147.84,147.24,,,,,,,,,,,103.5,,,,,,,,,,,,
9527,8,K0JSC,Open,On-Air,,,,38.23049927,-104.61100006,Pueblo,CO,"Pueblo, Metro",442.275,447.275,,,,,,,,,,,100,100,,,,,,,,,,,
194,8,W0PHC,Open,On-Air,,,,38.20700073,-104.70700073,Pueblo,CO,"Pueblo, 12 Mile Hill",146.28,146.88,,,,,,,,0,,,88.5,,,,,,,,,,,,
204,8,KB0VJJ,Open,On-Air,,,,38.45959854,-106.01100159,Chaffee,CO,"Salida, Methodist Mountain",147.885,147.285,,,,,,,,,,,88.5,123,,,,,,,,,,,
203,8,KC0CVU,Open,On-Air,,,,38.45959854,-106.01100159,Chaffee,CO,"Salida, Methodist Mountain",144.695,145.295,,,,,,,,,,,107.2,,,,,,,,,,,,
205,8,KC0CVU,Open,On-Air,,,,38.45280075,-106.01799774,Chaffee,CO,"Salida, Methodist Mountain",444.65,449.65,,,,,,,,,,,107.2,,,,,,,,,,,,
3811,8,WZ0N,Open,On-Air,,,,38.45280075,-106.01799774,Chaffee,CO,"Salida, Methodist Mountain",444.925,449.925,,,,,,,,,,,103.5,103.5,,,,,,,,,,,
18425,8,WA6IFI,Open,On-Air,,,,38.44670105,-106.01000214,Chaffee,CO,"Salida, Methodist Mountain",902.025,927.8625,,,,,,,,,,,,,,,,,,,,,,,
13510,8,K0JSC,Open,On-Air,,,,38.44630051,-106.01100159,Chaffee,CO,"Salida, Methodist Mountain",444.975,449.975,,,,,,,,,,,100,100,,,,,,7301,28368,363976,,,
27,56,KC7SNO,Open,On-Air,,,,41.12390137,-104.81900024,Laramie,WY,"Cheyenne, Denver Hill",146.175,146.775,,,,,,,,,,,114.8,,,,,,,,,,,,
19,56,KB7SWR,Open,Off-Air,,,,41.13999939,-104.81999969,Laramie,WY,Cheyenne,144.635,145.235,,,,,,,,,,,131.8,,,,,,,,,,,,
26,56,KC7SNO,Open,On-Air,,,,41.13999939,-104.81999969,Laramie,WY,"Cheyenne, North Park",147.705,147.105,,,,,,,,,,,91.5,91.5,,,,,,,,,,,
10803,56,WY7EOC,Open,On-Air,,,,41.13999939,-104.81999969,Laramie,WY,Cheyenne,444.975,449.975,,,,,,,,11,315601,,,,,,,,,,,,,,
8991,56,KC7DHF,Open,On-Air,,,,41.15299988,-104.81800079,Laramie,WY,"Cheyenne, Old airport control tower",443.95,448.95,,,,,,,,15,315615,,,,,,,,,,,,,,
244,8,KB0VJJ,Open,On-Air,,,,40.6493988,-106.38200378,Jackson,CO,"Walden, Peterson Ridge",144.56,145.16,,,,,,,,,,,88.5,123,,,,,,,,,,,
20,56,KB7SWR,Open,On-Air,,,,41.15250015,-105.22100067,Laramie,WY,Cheyenne,443.15,448.15,,,,,,,,,,,100,,,,,,,,,,,,
18872,8,K0CGQ,Open,On-Air,,,,38.123,-105.328,Custer,CO,Querida,444.675,449.675,,,,,,,,,,,88.5,,,,,,,,,,,,
260,8,K0VQ,Open,On-Air,,,,39.17610168,-106.82900238,Pitkin,CO,"Aspen, Aspen Mountain",442.05,447.05,,,,,,,,,,,136.5,136.5,,,,,,,,,,,
248,8,KB0TUC,Open,On-Air,,,,38.13470078,-105.46499634,Custer,CO,Westcliffe,443.15,448.15,,,,,,,,,,,103.5,103.5,,,,,,,,,,,
7192,8,KB0TUC,Open,On-Air,,,,38.13470078,-105.46499634,Custer,CO,Westcliffe,902.775,927.775,,,,,,,,,,,,,,,,,,,,,116,,
7189,8,KB0TUC,Open,On-Air,,,,38.13470078,-105.46499634,Custer,CO,Westcliffe,147.66,147.06,,,,,,,,,,,77,77,,,,,,,,,,,
8218,8,ND0Q,Open,On-Air,,,,38.13470078,-105.46600342,Pueblo,CO,"Westcliffe, Deer Peak",894.1,919.1,,,,,,,,,,,88.5,,,,,,,,,,,,
16739,8,KD0MRC,Open,On-Air,,,,38.50630188,-106.34500122,Chaffee,CO,Maysville,144.725,145.325,,,,,,,,,,,100,,,,,,,,,,,,
245,8,ND0Q,Open,On-Air,,,,38.04109955,-105.18499756,Custer,CO,"Walsenburg, Deer Peak",222.72,224.32,,,,,,,,,,,88.5,,,,,,,,,,,,
197,8,W0PHC,Open,On-Air,,,,38.04109955,-105.18499756,Pueblo,CO,"Pueblo, Jackson Hill",442.175,447.175,,,,,,,,,,,88.5,,,,,,,,,,,,
238,8,WA0JTB,Open,On-Air,,,,40.62559891,-103.20700073,Logan,CO,"Sterling, CO",144.695,145.295,,,,,,,,,,,100,,,,,,,,,,,,
211,8,K0CL,Open,On-Air,,,,39.21310043,-106.93699646,Pitkin,CO,Snowmass Village,146.07,146.67,,,,,,,,,,,107.2,,,,,,,,,,,,
5369,8,K0JSC,Open,On-Air,,,,38.0340004,-104.48899841,Pueblo,CO,"Pueblo, Cedarwood",444.975,449.975,,,,,,,,,,,100,100,,,,,,7301,28368,363976,,,
15436,56,N7UW,Open,On-Air,,,,41.09719849,-105.97699738,Albany,WY,"Laramie, Jelm Mountain",147.615,147.015,,,,,,,,,,,146.2,,,,Open ↑,Open ↓,,,,82070,,,
60,56,WY7EOC,Closed,On-Air,,,,41.26660156,-105.43299866,Albany,WY,"Laramie, Pilot Hill",442.225,447.225,,,,,,,,11,315608,,,,,,,,,,,,,,
237,8,KD0H,Open,On-Air,,,,40.48500061,-106.83100128,Routt,CO,Steamboat Springs,147.81,147.21,,,,,,,,,,,107.2,107.2,,,,,,,,,,,
9770,8,KB0VJJ,Open,On-Air,,,,40.48500061,-106.83200073,Routt,CO,Steamboat Springs,444.625,449.625,,,,,,,,,,,123,123,,,,,,,,,,,
6009,8,K0VQ,Open,On-Air,,,,39.42470169,-107.09700012,Garfield,CO,"Carbondale, Missouri Heights",442.15,447.15,,,,,,,,,,,136.5,,,,,,,,,8150,,,
4,56,K7UWR,Open,On-Air,,,,41.30979919,-105.45500183,Albany,WY,"Laramie, Pilot Hill",52.03,53.03,,,,,,,,,,,,,,,,,,,,,,,
9,56,KC7SNO,Open,On-Air,,,,41.31140137,-105.59100342,Albany,WY,"Laramie, Beacon Hill",146.22,146.82,,,,,,,,,,,114.8,,,,,,,,,,,,
76,56,N7UW,Open,On-Air,,,,41.31480026,-105.58200073,Albany,WY,"Laramie, University",146.01,146.61,,,,,,,,,,,,,,,Open ↑,Open ↓,,,,,,,
122,8,KE0AE,Open,On-Air,,,,39.30329895,-102.60500336,Kit Carson,CO,Stratton,146.295,146.895,,,,,,,,,,,103.5,,,,,,,,,830619,,,
131,8,K0VQ,Open,On-Air,,,,39.55059814,-107.3239975,Garfield,CO,"Glenwood Springs, Three Mile Ridge",147.9,147.3,,,,,,,,,,,107.2,,,,,,,,,266359,,,
8181,8,KI0G,Closed,Other,,,,39.55049896,-107.32499695,Garfield,CO,Glenwood Springs,222.42,224.02,,,,,,,,,,,,,,,,,,,,,,,
8192,8,KI0G,Closed,Other,,,,39.55049896,-107.32499695,Garfield,CO,Glenwood Springs,442.6,447.6,,,,,,,,,,,,,,,,,,,,,,,
13637,8,WA4HND,Open,On-Air,,,,39.55049896,-107.32499695,Garfield,CO,"Glenwood Springs, Lookout Mountain",444.85,449.85,,,,,,,,,,,131.8,131.8,,,,,,,,,,,
18345,8,W0PHC,Open,On-Air,,,,37.77199936,-105.02200317,Huerfano,CO,"Walsenburg, Badito Cone",442.6,447.6,,,,,,,,0,,,88.5,88.5,,,,,,,,,,,
28,56,KC7SNO,Open,On-Air,,,,41.4178009,-104.09799957,Laramie,WY,Albin,147.765,147.165,,,,,,,,,,,114.8,,,,,,,,,,,,
35,8,K0ELK,Open,On-Air,,,,39.40000153,-107.31500244,Garfield,CO,"Carbondale, Four Mile Ridge",444.725,449.725,,,,,,,,,,,179.9,,,,,,,3722,28434,,,,
259,8,K0SNO,Open,On-Air,,,,39.40000153,-107.31500244,Garfield,CO,"Carbondale, Four Mile Ridge",147.99,147.39,,,,,,,,,,,107.2,,,,,,,,,,,,
247,8,W0PHC,Open,On-Air,,,,37.77190018,-104.45600128,Huerfano,CO,"Walsenburg, N Rattlesnake Butte",146.13,146.73,,,,,,,,,,,88.5,,,,,,,,,,,,
161,8,K5GF,Open,Other,,,,38.54579926,-106.92500305,Gunnison,CO,Gunnison,444.95,449.95,,,,,,,,,,,,,,,,,,,,,,,
160,8,W0VTL,Open,On-Air,,,,38.54579926,-106.92500305,Gunnison,CO,Gunnison,147.72,147.12,,,,,,,,,,,,,,,,,,,,,,,
129,8,KB0VJJ,Open,On-Air,,,,39.42639923,-107.37999725,Garfield,CO,"Glenwood Springs, Sunlight Peak",146.25,146.85,,,,,,,,,,,88.5,123,,,,,,,,,,,
130,8,KI0G,Open,On-Air,,,,39.42639923,-107.37999725,Garfield,CO,"Glenwood Springs, Sunlight Peak",146.28,146.88,,,,,,,,,,,107.2,,,,,,,,,,,,
132,8,KI0G,Open,On-Air,,,,39.42639923,-107.37999725,Garfield,CO,"Glenwood Springs, Sunlight Peak",442.1,447.1,,,,,,,,,,,107.2,,,,,,,,,,,,
255,8,N0XLI,Open,On-Air,,,,39.42639923,-107.37999725,Garfield,CO,"Glenwood Springs, Sunlight Peak",444.6,449.6,,,,,,,,,,,107.2,,,,,,,,,,,,
167,8,KC0ITF,Private,On-Air,,,,37.99950027,-103.52899933,Otero,CO,"La Junta, North La Junta",147.96,147.36,,,,11360,,,,,,,,123,,,Open ↑,Open ↓,,,,,,,
17703,8,KC0VJD,Open,On-Air,,,,38.79579926,-102.54799652,Cheyenne,CO,Firstview,442.6,447.6,,,,35710,,,,,,,103.5,,,,Open ↑,Open ↓,,,,,,,
58,31,N0NEB,Open,On-Air,,,,41.49000168,-103.75499725,Banner,NE,Harrisburg,146.4,147,,,,,,,,,,,103.5,,,,,,,,,,,,
14200,8,N0KM,Open,On-Air,,,,37.75310135,-106.10900116,Rio Grande,CO,Center,146.04,146.64,,,,,,,,,,,77,77,,,,,,,428602,,,,
16645,8,N0KM,Open,On-Air,,,,37.75,-106.11499786,Rio Grande,CO,Center,442.1,447.1,,,,,,,,,,,77,,,,,,,,,,,,
168,8,N0JPX,Open,On-Air,,,,37.50500107,-105.00700378,Huerfano,CO,La Veta,144.755,145.355,,,,,,,,,,,100,,,,,,,3974,,,,,
163,8,N0JUN,Open,Other,,,,40.58440018,-102.30200195,Phillips,CO,Holyoke,146.355,146.955,,,,,,,,,,,,,,,,,,,,,,,
3740,8,WD0HAM,Open,Other,,,,40.51520157,-107.54599762,Moffat,CO,Craig,144.665,145.265,,,,,,,,,,,107.2,,,,,,,,,,,,
200,8,N0SWE,Open,On-Air,,,,39.47449875,-107.77200317,Garfield,CO,Rifle,146.16,146.76,,,,,,,,,,,107.2,,,,,,,,,243117,,,
8179,8,KI0MR,Open,On-Air,,,,38.86830139,-107.59200287,Delta,CO,Paonia,147.93,147.33,,,,,,,,,,,107.2,,,,,,,,,,,,
110,31,WB7GR,Open,On-Air,,,,41.70100021,-103.68099976,Scotts Bluff,NE,"Scottsbluff, Stage Hill",449.125,444.125,,,,,,,,,,,114.8,114.8,,,,,,,,,,,
18580,8,K0SLV,Open,On-Air,,,,37.58418274,-106.13030243,Rio Grande,CO,Monte Vista,444.625,449.625,,,,,,,,,,,94.8,,,,,,,,,,,,
13485,8,N0ZSN,Open,On-Air,,,,37.34069824,-105.02400208,Las Animas,CO,"La Veta, Cordova Pass",444.75,449.75,,,,,,,,,,,100,100,,,,,,7301,28368,363976,,,
29,56,N7GCR,Open,On-Air,,,,41.63330078,-106.52600098,Carbon,WY,"Rawlins, Elk Mountain",147.84,147.24,,,,,,,,,,,100,,,,,,,,,,,,
18386,8,W0CTS,Open,On-Air,,,,38.12810135,-102.53199768,Prowers,CO,Lamar,444.2,449.2,,,,,,,,1,311409,,162.2,162.2,,,,,,,,,,,
3794,8,N0LAR,Open,On-Air,,,,38.128033,-102.531803,Prowers,CO,"Lamar, 4 Miles East of Lamar",146.01,146.61,,,,,,,,,,,123,123,,,,,,3774,,37784,,,
63,8,WA0JS,Open,On-Air,,,,37.8492012,-106.9260025,Mineral,CO,Creede,146.325,146.925,,,,,,,,,,,,,,,,,,,,,,,
36,8,KB0SW,Open,On-Air,,,,39.24060059,-107.96099854,Mesa,CO,Collbran,444.5,449.5,,,,,,,,,,,107.2,,,,,,,,,,,,
171,8,N0LAR,Open,On-Air,,,,38.036912,-102.59947,Prowers,CO,Lamar,444.5,449.5,,,,,,,,,,,123,123,,,,,,3774,,37784,,,
18843,8,W0CTS,Open,On-Air,,,,38.036886,-102.599448,Prowers,CO,"Lamar, 1.7 Miles S.E.",147.75,147.15,,,,,,,,1,311665,,123,123,,,,,,,,,,,
47,56,WA7SNU,Open,On-Air,,,,42.0544014,-104.95200348,Platte,WY,Wheatland,146.28,146.88,,,,,,,,,,,,,,,,,,,,,,,
149,8,KB0VJJ,Open,On-Air,,,,39.06669998,-107.93599701,Mesa,CO,"Grand Junction, Grand Mesa",144.755,145.355,,,,,,,,,,,88.5,123,,,,,,,,,,,
8763,8,KB0YNA,Open,On-Air,,,,39.0666008,-107.93699646,Mesa,CO,"Grand Junction, Grand Mesa",444.65,449.65,,,,,,,,,,,151.4,151.4,,,,,,8162,,,,,
111,31,W0KAV,Open,On-Air,,,,41.88710022,-103.66400146,Scotts Bluff,NE,Scottsbluff,449.825,444.825,,,,,,,,,,,100,,,,,,,,,,,,
57,31,WD0BQM,Open,On-Air,,,,41.88710022,-103.66400146,Scotts Bluff,NE,Scottsbluff,144.875,145.475,,,,,,,,,,,,,,,,,,,,,,,
253,8,WA4HND,Open,On-Air,,,,39.45190048,-108.05200195,Garfield,CO,"Parachute, Mount Callahan",444.8,449.8,,,,,,,,,,,107.2,,,,,,,,,,,,
11356,31,WD0BQM,Open,On-Air,,,,41.95100021,-103.80000305,Scotts Bluff,NE,Mitchell,445.1,445.1,,,,,,,,,,,100,100,,,,,,3942,,,,,
3745,8,KC0QXX,Open,Other,,,,38.90159988,-107.9260025,Delta,CO,"Cedaredge, Cedar Mesa",147.795,147.195,,,,,,,,,,,107.2,,,,,,,,,,,,
3749,8,W0ALC,Open,On-Air,,,,38.90159988,-107.9260025,Delta,CO,Cedaredge,147.96,147.36,,,,,,,,,,,100,,,,,,,,,,,,
3760,8,W0ALC,Open,Other,,,,38.90159988,-107.9260025,Delta,CO,Cedaredge,444.825,449.825,,,,,,,,,,,100,,,,,,,,,,,,
3755,8,,Open,Other,,,,38.99440002,-107.97299957,Delta,CO,"Cedaredge, Grand Mesa",442.35,447.35,,,,,,,,,,,107.2,,,,,,,,,,,,
11355,31,AG0N,Open,On-Air,,,,41.90399933,-103.55799866,Scotts Bluff,NE,Scottsbluff,146.445,146.445,,,,,,,,,,,88.5,88.5,,,,,,3055,,,,,
42,56,KF7BR,Open,On-Air,,,,42.0625,-104.18399811,Goshen,WY,Torrington,146.13,146.73,,,,,,,,,,,,,,,,,,,,,,,
59,31,N0NEB,Open,On-Air,,,,41.94060135,-103.65599823,Scotts Bluff,NE,Scottsbluff,147.675,147.075,,,,,,,,,,,,,,,,,,,,,,,
8180,8,K0BV,Open,On-Air,,,,37.16949844,-104.50099945,Las Animas,CO,"Trinidad, Raton Pass",147.975,147.375,,,,,,,,,,,100,100,,,,,,,,,,,
13499,8,KG5JL,Open,On-Air,,,,37.16949844,-104.50099945,Las Animas,CO,"Trinidad, Raton Pass",442.375,447.375,,,,,,,,,,,100,,,,Open ↑,Open ↓,,,,,,,
240,8,KC0CVU,Open,On-Air,,,,37.16939926,-104.5,Las Animas,CO,"Trinidad, Raton Pass",444.6,449.6,,,,,,,,,,,107.2,,,,,,,,,,,,
69,8,WA4HND,Open,On-Air,,,,38.38750076,-107.6740036,Montrose,CO,"Montrose, Waterdog Peak",442.2,447.2,,,,,,,,,,,107.2,107.2,,,,,,3710,,,,,
14923,8,N0PKT,Open,On-Air,,,,37.79330063,-107.05500031,Mineral,CO,"Creede, Bristol Head",444.525,449.525,,,,,,,,,,,100,100,,,,,,,43265,,,,
8086,8,KD0RDI,Open,On-Air,,,,37.14569855,-104.57099915,Las Animas,CO,"Trinidad, Raton Pass",441.775,446.775,,,,,,,,,,KD0RDI (B),,,,,,,,,,,,,
12442,8,KC0UUX,Open,On-Air,,,,38.47829819,-107.87599945,Montrose,CO,Montrose,146.31,146.91,,,,,,,,,,,107.2,107.2,,,,,,,,,,,
7953,8,KD5OPD,Open,On-Air,,,,38.47829819,-107.87599945,Montrose,CO,Montrose,146.19,146.79,,,,,,,,,,,107.2,107.2,,,,,,,,,,,
18465,8,KB5ITS,Open,On-Air,,,,38.41740036,-107.84600067,Montrose,CO,"Montrose, Raspberry",443.825,448.825,,,,,,,,,,,100,,,,,,,,,,,,
16721,8,W0BX,Open,On-Air,,,,39.08890152,-108.22699738,Mesa,CO,"Grand Junction, Grand Mesa",441.9125,446.9125,,,,,,,,1,310868,,,,,,,,,,,,,,
3559,20,WA0VJR,Open,On-Air,,,,38.91389847,-101.59400177,Wallace,KS,Wallace,449.6,444.6,,,,,,,,,,,146.2,,,,,,,3148,,,,,
154,8,WA4HND,Open,On-Air,,,,39.05390167,-108.2539978,Mesa,CO,"Grand Junction, Grand Mesa",444.3,449.3,,,,,,,,,,,107.2,107.2,,,,,,3710,,,,,
239,8,WA6IFI,Open,On-Air,,,,36.99739838,-104.46700287,Las Animas,CO,"Trinidad, Raton Pass",144.83,145.43,,,,,,,,,,,107.2,,,,,,,,,,,,
6805,35,KD0RDI,Open,On-Air,,,,36.99250031,-104.47399902,Colfax,NM,"Raton, Raton Pass",441.775,446.775,,,,,,,,,,KD0RDI (B) Repeater,,,,,,,,,,,,,
17998,8,AD0RM,Open,On-Air,,,,38.18000031,-107.79000092,Ouray,CO,"Ridgway, On top of Log Hill",442.8,447.8,,,,,,,,1,311075,,,,,,,,,,,,,,
136,35,NM5ML,Open,On-Air,,,,36.90330124,-104.43900299,Colfax,NM,"Raton, Sierra Grande",147.88,147.28,,,,,,,,,,,100,,,,,,,,,,,,
3792,8,KZ0DEM,Open,On-Air,,,,37.36999893,-102.85900116,Las Animas,CO,"Pritchett, Tator Butte",146.04,146.64,,,,,,,,,,,100,100,,,,,,,,,,,
43,56,KC7OZU,Open,On-Air,,,,41.79109955,-107.23799896,Carbon,WY,Rawlins,146.16,146.76,,,,,,,,,,,100,,,,,,,,,,,,
55,56,KD7BN,Open,On-Air,,,,41.79109955,-107.23799896,Carbon,WY,Rawlins,147.99,147.39,,,,,,,,,,,100,,,,,,,,,,,,
5791,56,N7RON,Open,On-Air,,,,41.79109955,-107.23899841,Carbon,WY,Rawlins,146.1,146.7,,,,,,,,,,,162.2,,,,,,,7045,,,,,
13858,56,WY7EOC,Open,On-Air,,,,41.79109955,-107.23899841,Carbon,WY,Rawlins,440.05,445.05,,,,,,,,11,315609,,,,,,,,,,,,,,
209,8,KB5ITS,Open,On-Air,,,,37.79330063,-107.6289978,San Juan,CO,"Silverton, Kendall Mountain",147.975,147.375,,,,,,,,,,,156.7,,,,,,,,,,,,
210,8,KB5ITS,Open,On-Air,,,,37.81190109,-107.66400146,San Juan,CO,Silverton,442.525,447.525,,,,,,,,,,,127.3,,,,,,,,,,,,
11025,31,N0UGO,Open,On-Air,,,,41.12820053,-101.72000122,Keith,NE,Ogallala,146.16,146.76,,,,,,,,,,,123,,,,,,,7349,,751985,,,
4086,20,K0ECT,Open,On-Air,,,,38.17499924,-101.76100159,Hamilton,KS,Syracuse,449,444,,,,,,,,,,,141.3,141.3,,,,,,,,,,,
147,8,W0RRZ,Open,On-Air,,,,39.11729813,-108.52200317,Mesa,CO,"Grand Junction, GJT",144.575,145.175,,,,,,,,,,,107.2,,,,,,,3161,,,,,
4588,8,KZ0DEM,Open,On-Air,,,,37.40829849,-102.61399841,Baca,CO,Springfield,444.2,449.2,,,,,,,,,,,118.8,118.8,,,,,,7142,,97142,,,
6093,8,KZ0DEM,Open,On-Air,,,,37.40829849,-102.61399841,Baca,CO,Springfield,147.93,147.33,,,,,,,,,,,118.8,118.8,,,,,,7142,,97142,,,
8174,8,KZ0DEM,Open,Other,,,,37.40829849,-102.61399841,Baca,CO,Springfield,147.69,147.09,,,,,,,,,,,118.8,118.8,,,,,,,,,,,
152,8,KE0TY,Open,Other,,,,39.06389999,-108.55000305,Mesa,CO,Grand Junction,147.99,147.39,,,,,,,,,,,107.2,,,,,,,,,,,,
261,8,W0GJT,Open,On-Air,,,,39.06389999,-108.55000305,Mesa,CO,"Grand Junction, 9 Mile, Hwy 141, Unaweep",146.22,146.82,,,,,,,,,,,107.2,,,,,,,,43554,,,,
153,8,W0GJT,Open,On-Air,,,,38.89899826,-108.4960022,Mesa,CO,Grand Junction,443.15,448.15,,,,,,,,,,,100,,,,,,,7963,,312189,,,
8175,8,K0SSI,Open,On-Air,,,,39.06389999,-108.5510025,Mesa,CO,Grand Junction,147.705,147.105,,,,,,,,,,,,,,,,,,,,,,,
8206,8,KB0SW,Closed,On-Air,,,,39.06389999,-108.5510025,Mesa,CO,Grand Junction,444,449,,,,,,,,,,,,107.2,,,,,,,,,,,
11792,8,KD0RED,Open,On-Air,,,,39.06389999,-108.5510025,Mesa,CO,Grand Junction,441.775,446.775,,,,,,,,,,KD0RED (B) Gateway Repeater,,,,,,,,,,,,,
11793,8,KD0SMZ,Open,On-Air,,,,39.06389999,-108.5510025,Mesa,CO,Grand Junction,444.775,449.775,,,,,,,,,,,173.8,88.5,,,,,,7573,,7572,,,
8167,8,KE0TY,Open,Other,,,,39.06389999,-108.5510025,Mesa,CO,Grand Junction,144.62,145.22,,,,,,,,,,,107.2,,,,,,,,,,,,
3757,8,KC0ARV,Open,Other,,,,39.06380081,-108.5510025,Mesa,CO,Grand Junction,442.5,447.5,,,,,,,,,,,114.8,,,,,,,,,,,,
10450,31,N2VHZ,Open,On-Air,,,,42.0929985,-102.87000275,Box Butte,NE,Alliance,147.615,147.015,,,,,,,,,,,,,,,,,,,,775183,,,
