1,144.39000,144.39000,0.00000,OFF,FM,APRS,OFF,100.0 Hz,023,1500 Hz,HIGH,OFF,25.0KHz,0, 144.39 ,0
2,146.40000,146.40000,0.00000,OFF,FM,146.4,OFF,100.0 Hz,023,1500 Hz,HIGH,OFF,25.0KHz,0, 146.4 ,0
3,146.41500,146.41500,0.00000,OFF,FM,146.415,OFF,100.0 Hz,023,1500 Hz,HIGH,OFF,25.0KHz,0, 146.415 ,0
4,146.43000,146.43000,0.00000,OFF,FM,146.43,OFF,100.0 Hz,023,1500 Hz,HIGH,OFF,25.0KHz,0, 146.43 ,0
5,146.44500,146.44500,0.00000,OFF,FM,146.445,OFF,100.0 Hz,023,1500 Hz,HIGH,OFF,25.0KHz,0, 146.445 ,0
6,146.46000,146.46000,0.00000,OFF,FM,146.46,OFF,100.0 Hz,023,1500 Hz,HIGH,OFF,25.0KHz,0, 146.46 ,0
7,146.47500,146.47500,0.00000,OFF,FM,146.475,OFF,100.0 Hz,023,1500 Hz,HIGH,OFF,25.0KHz,0, 146.475 ,0
8,146.49000,146.49000,0.00000,OFF,FM,146.49,OFF,100.0 Hz,023,1500 Hz,HIGH,OFF,25.0KHz,0, 146.49 ,0
9,146.50500,146.50500,0.00000,OFF,FM,146.505,OFF,100.0 Hz,023,1500 Hz,HIGH,OFF,25.0KHz,0, 146.505 ,0
10,146.52000,146.52000,0.00000,OFF,FM,146.52C,OFF,100.0 Hz,023,1500 Hz,HIGH,OFF,25.0KHz,0, 146.52 ,0
11,146.53500,146.53500,0.00000,OFF,FM,146.535,OFF,100.0 Hz,023,1500 Hz,HIGH,OFF,25.0KHz,0, 146.535 ,0
12,146.55000,146.55000,0.00000,OFF,FM,146.55,OFF,100.0 Hz,023,1500 Hz,HIGH,OFF,25.0KHz,0, 146.55 ,0
13,146.56500,146.56500,0.00000,OFF,FM,146.565,OFF,100.0 Hz,023,1500 Hz,HIGH,OFF,25.0KHz,0, 146.565 ,0
14,146.58000,146.58000,0.00000,OFF,FM,146.58,OFF,100.0 Hz,023,1500 Hz,HIGH,OFF,25.0KHz,0, 146.58 ,0
15,146.59500,146.59500,0.00000,OFF,FM,146.595,OFF,100.0 Hz,023,1500 Hz,HIGH,OFF,25.0KHz,0, 146.595 ,0
16,147.42000,147.42000,0.00000,OFF,FM,147.42,OFF,100.0 Hz,023,1500 Hz,HIGH,OFF,25.0KHz,0, 147.42 ,0
17,147.43500,147.43500,0.00000,OFF,FM,147.435,OFF,100.0 Hz,023,1500 Hz,HIGH,OFF,25.0KHz,0, 147.435 ,0
18,147.45000,147.45000,0.00000,OFF,FM,147.45,OFF,100.0 Hz,023,1500 Hz,HIGH,OFF,25.0KHz,0, 147.45 ,0
19,147.46500,147.46500,0.00000,OFF,FM,147.465,OFF,100.0 Hz,023,1500 Hz,HIGH,OFF,25.0KHz,0, 147.465 ,0
20,147.48000,147.48000,0.00000,OFF,FM,147.48,OFF,100.0 Hz,023,1500 Hz,HIGH,OFF,25.0KHz,0, 147.48 ,0
21,147.49500,147.49500,0.00000,OFF,FM,147.495,OFF,100.0 Hz,023,1500 Hz,HIGH,OFF,25.0KHz,0, 147.495 ,0
22,147.51000,147.51000,0.00000,OFF,FM,147.51,OFF,100.0 Hz,023,1500 Hz,HIGH,OFF,25.0KHz,0, 147.51 ,0
23,147.52500,147.52500,0.00000,OFF,FM,147.525,OFF,100.0 Hz,023,1500 Hz,HIGH,OFF,25.0KHz,0, 147.525 ,0
24,147.54000,147.54000,0.00000,OFF,FM,147.54,OFF,100.0 Hz,023,1500 Hz,HIGH,OFF,25.0KHz,0, 147.54 ,0
25,147.55500,147.55500,0.00000,OFF,FM,147.555,OFF,100.0 Hz,023,1500 Hz,HIGH,OFF,25.0KHz,0, 147.555 ,0
26,147.57000,147.57000,0.00000,OFF,FM,147.57,OFF,100.0 Hz,023,1500 Hz,HIGH,OFF,25.0KHz,0, 147.57 ,0
27,147.58500,147.58500,0.00000,OFF,FM,147.585,OFF,100.0 Hz,023,1500 Hz,HIGH,OFF,25.0KHz,0, 147.585 ,0
28,445.70000,445.70000,0.00000,OFF,FM,445.7,OFF,100.0 Hz,023,1500 Hz,HIGH,OFF,25.0KHz,0, 445.7 ,0
29,445.72500,445.72500,0.00000,OFF,FM,445.725,OFF,100.0 Hz,023,1500 Hz,HIGH,OFF,25.0KHz,0, 445.725 ,0
30,445.75000,445.75000,0.00000,OFF,FM,445.75,OFF,100.0 Hz,023,1500 Hz,HIGH,OFF,25.0KHz,0, 445.75 ,0
31,445.77500,445.77500,0.00000,OFF,FM,445.775,OFF,100.0 Hz,023,1500 Hz,HIGH,OFF,25.0KHz,0, 445.775 ,0
32,445.80000,445.80000,0.00000,OFF,FM,445.8,OFF,100.0 Hz,023,1500 Hz,HIGH,OFF,25.0KHz,0, 445.8 ,0
33,445.82500,445.82500,0.00000,OFF,FM,445.825,OFF,100.0 Hz,023,1500 Hz,HIGH,OFF,25.0KHz,0, 445.825 ,0
34,445.85000,445.85000,0.00000,OFF,FM,445.85,OFF,100.0 Hz,023,1500 Hz,HIGH,OFF,25.0KHz,0, 445.85 ,0
35,445.87500,445.87500,0.00000,OFF,FM,445.875,OFF,100.0 Hz,023,1500 Hz,HIGH,OFF,25.0KHz,0, 445.875 ,0
36,445.90000,445.90000,0.00000,OFF,FM,445.9,OFF,100.0 Hz,023,1500 Hz,HIGH,OFF,25.0KHz,0, 445.9 ,0
37,445.92500,445.92500,0.00000,OFF,FM,445.925,OFF,100.0 Hz,023,1500 Hz,HIGH,OFF,25.0KHz,0, 445.925 ,0
38,445.95000,445.95000,0.00000,OFF,FM,445.95,OFF,100.0 Hz,023,1500 Hz,HIGH,OFF,25.0KHz,0, 445.95 ,0
39,445.97500,445.97500,0.00000,OFF,FM,445.975,OFF,100.0 Hz,023,1500 Hz,HIGH,OFF,25.0KHz,0, 445.975 ,0
40,446.00000,446.00000,0.00000,OFF,FM,446Call,OFF,100.0 Hz,023,1500 Hz,HIGH,OFF,25.0KHz,0, 446 ,0
41,446.02500,446.02500,0.00000,OFF,FM,446.025,OFF,100.0 Hz,023,1500 Hz,HIGH,OFF,25.0KHz,0, 446.025 ,0
42,446.05000,446.05000,0.00000,OFF,FM,446.05,OFF,100.0 Hz,023,1500 Hz,HIGH,OFF,25.0KHz,0, 446.05 ,0
43,446.07500,446.07500,0.00000,OFF,FM,446.075,OFF,100.0 Hz,023,1500 Hz,HIGH,OFF,25.0KHz,0, 446.075 ,0
44,446.10000,446.10000,0.00000,OFF,FM,446.1,OFF,100.0 Hz,023,1500 Hz,HIGH,OFF,25.0KHz,0, 446.1 ,0
45,446.12500,446.12500,0.00000,OFF,FM,446.125,OFF,100.0 Hz,023,1500 Hz,HIGH,OFF,25.0KHz,0, 446.125 ,0
46,446.15000,446.15000,0.00000,OFF,FM,446.15,OFF,100.0 Hz,023,1500 Hz,HIGH,OFF,25.0KHz,0, 446.15 ,0
47,446.17500,446.17500,0.00000,OFF,FM,446.175,OFF,100.0 Hz,023,1500 Hz,HIGH,OFF,25.0KHz,0, 446.175 ,0
48,446.20000,446.20000,0.00000,OFF,FM,446.2,OFF,100.0 Hz,023,1500 Hz,HIGH,OFF,25.0KHz,0, 446.2 ,0
49,446.22500,446.22500,0.00000,OFF,FM,446.225,OFF,100.0 Hz,023,1500 Hz,HIGH,OFF,25.0KHz,0, 446.225 ,0
50,446.25000,446.25000,0.00000,OFF,FM,446.25,OFF,100.0 Hz,023,1500 Hz,HIGH,OFF,25.0KHz,0, 446.25 ,0
51,446.27500,446.27500,0.00000,OFF,FM,446.275,OFF,100.0 Hz,023,1500 Hz,HIGH,OFF,25.0KHz,0, 446.275 ,0
52,449.15000,444.15000,5.00000,-RPT,FM,AENauro,TONE ENC,136.5 Hz,023,1500 Hz,HIGH,OFF,25.0KHz,0,CO Arapahoe Aurora WR0AEN Color,0
53,449.65000,444.65000,5.00000,-RPT,FM,AENdenv,TONE ENC,136.5 Hz,023,1500 Hz,HIGH,OFF,25.0KHz,0,CO Denver Denver WR0AEN Colorad,0
54,449.67500,444.67500,5.00000,-RPT,FM,AENdenv,TONE ENC,136.5 Hz,023,1500 Hz,HIGH,OFF,25.0KHz,0,CO Denver Denver WR0AEN Colorad,0
55,449.00000,444.00000,5.00000,-RPT,FM,AENidah,TONE ENC,136.5 Hz,023,1500 Hz,HIGH,OFF,25.0KHz,0,CO Clear Creek Idaho Springs Sq,0
56,449.32500,444.32500,5.00000,-RPT,FM,AENgree,TONE ENC,136.5 Hz,023,1500 Hz,HIGH,OFF,25.0KHz,0,CO Weld Greeley WR0AEN Colorado,0
57,448.40000,443.40000,5.00000,-RPT,FM,ZUQauro,TONE ENC,94.8 Hz,023,1500 Hz,HIGH,OFF,25.0KHz,0,CO Arapahoe Aurora N0ZUQ 448.4 ,0
58,449.42500,444.42500,5.00000,-RPT,FM,ZUQfort,TONE ENC,94.8 Hz,023,1500 Hz,HIGH,OFF,25.0KHz,0,CO Larimer Fort Collins Christ ,0
59,448.27500,443.27500,5.00000,-RPT,FM,0BGauro,TONE ENC,156.7 Hz,023,1500 Hz,HIGH,OFF,25.0KHz,0,CO Arapahoe Aurora W0BG W0BG 44,0
60,448.82500,443.82500,5.00000,-RPT,FM,ANTauro,OFF,100.0 Hz,023,1500 Hz,HIGH,OFF,25.0KHz,0,CO Arapahoe Aurora WN7ANT 448.8,0
61,448.50000,443.50000,5.00000,-RPT,FM,UDDauro,TONE ENC,100.0 Hz,023,1500 Hz,HIGH,OFF,25.0KHz,0,CO Denver Aurora Smokey Hill KB,0
62,145.40000,144.60000,0.80000,-RPT,FM,UDDauro,TONE ENC,100.0 Hz,023,1500 Hz,HIGH,OFF,25.0KHz,0,CO Arapahoe Aurora Smoky Hill K,0
63,146.67000,146.07000,0.60000,-RPT,FM,UDDidah,TONE ENC,100.0 Hz,023,1500 Hz,HIGH,OFF,25.0KHz,0,CO Clear Creek Idaho Springs Sq,0
64,448.70000,443.70000,5.00000,-RPT,FM,Q8Mpark,TONE ENC,146.2 Hz,023,1500 Hz,HIGH,OFF,25.0KHz,0,CO Douglas Parker WQ8M 448.7 OP,0
65,145.19000,144.59000,0.60000,-RPT,FM,OBAauro,TONE ENC,151.4 Hz,023,1500 Hz,HIGH,OFF,25.0KHz,0,CO Arapahoe Aurora N0OBA N0OBA ,0
66,447.92500,442.92500,5.00000,-RPT,FM,FEZdenv,TONE ENC,100.0 Hz,023,1500 Hz,HIGH,OFF,25.0KHz,0,CO Denver Denver K0FEZ RADOPS E,0
67,146.98500,146.38500,0.60000,-RPT,FM,FEZgold,TONE ENC,100.0 Hz,023,1500 Hz,HIGH,OFF,25.0KHz,0,CO Denver Golden Centennial Con,0
68,447.90000,442.90000,5.00000,-RPT,FM,TPTdenv,OFF,100.0 Hz,023,1500 Hz,HIGH,OFF,25.0KHz,0,CO Denver Denver WB0TPT WB0TPT ,0
69,145.47500,144.87500,0.60000,-RPT,FM,0SJboul,TONE ENC,100.0 Hz,023,1500 Hz,HIGH,OFF,25.0KHz,0,CO Jefferson Boulder Blue Mount,0
70,447.62500,442.62500,5.00000,-RPT,FM,0SJloch,TONE ENC,100.0 Hz,023,1500 Hz,HIGH,OFF,25.0KHz,0,CO Adams Lochbuie KE0SJ Intermo,0
71,145.28000,144.68000,0.60000,-RPT,FM,0SJgold,TONE ENC,100.0 Hz,023,1500 Hz,HIGH,OFF,25.0KHz,0,CO Jefferson Golden Centennial ,0
72,449.52500,444.52500,5.00000,-RPT,FM,0SJgold,OFF,100.0 Hz,023,1500 Hz,HIGH,OFF,25.0KHz,0,CO Jefferson Golden Centennial ,0
73,146.71500,146.11500,0.60000,-RPT,FM,JXNdenv,TONE ENC,123.0 Hz,023,1500 Hz,HIGH,OFF,25.0KHz,0,CO Denver Denver N0JXN EARS 146,0
74,448.07500,443.07500,5.00000,-RPT,FM,EHPdenv,TONE ENC,123.0 Hz,023,1500 Hz,HIGH,OFF,25.0KHz,0,CO Denver Denver N5EHP W0IG 448,0
75,448.55000,443.55000,5.00000,-RPT,FM,KIZdenv,TONE ENC,82.5 Hz,023,1500 Hz,HIGH,OFF,25.0KHz,0,CO Denver Denver W0KIZ HPRA 448,0
76,447.52500,442.52500,5.00000,-RPT,FM,ESQpark,TONE ENC,203.5 Hz,023,1500 Hz,HIGH,OFF,25.0KHz,0,CO Douglas Parker Hess Reservoi,0
77,446.92500,441.92500,5.00000,-RPT,FM,ESQcast,OFF,100.0 Hz,023,1500 Hz,HIGH,OFF,25.0KHz,0,CO Douglas Castle Rock Devils H,0
78,447.52500,442.52500,5.00000,-RPT,FM,ESQcast,TONE ENC,146.2 Hz,023,1500 Hz,HIGH,OFF,25.0KHz,0,CO Douglas Castle Rock Devils H,0
79,449.95000,444.95000,5.00000,-RPT,FM,9SLcast,TONE ENC,77.0 Hz,023,1500 Hz,HIGH,OFF,25.0KHz,0,CO Douglas Castle Pines Daniels,0
80,447.17500,442.17500,5.00000,-RPT,FM,JRLdenv,TONE ENC,100.0 Hz,023,1500 Hz,HIGH,OFF,25.0KHz,0,CO Denver Denver Broadway Plaza,0
81,449.42500,444.42500,5.00000,-RPT,FM,PWOcent,DCS,100.0 Hz,023,1500 Hz,HIGH,OFF,25.0KHz,0,CO Arapahoe Centennial K0PWO K0,0
82,448.15000,443.15000,5.00000,-RPT,FM,GURdenv,TONE ENC,141.3 Hz,023,1500 Hz,HIGH,OFF,25.0KHz,0,CO Denver Denver Green Valley R,0
83,448.75000,443.75000,5.00000,-RPT,FM,ELYlake,TONE ENC,100.0 Hz,023,1500 Hz,HIGH,OFF,25.0KHz,0,CO Jefferson Lakewood N0ELY N0E,0
84,447.82500,442.82500,5.00000,-RPT,FM,0TXlake,DCS,100.0 Hz,073,1500 Hz,HIGH,OFF,25.0KHz,0,CO Jefferson Lakewood St Anthon,0
85,147.33000,147.93000,0.60000,+RPT,FM,0TXlake,TONE ENC,100.0 Hz,023,1500 Hz,HIGH,OFF,25.0KHz,0,CO Jefferson Lakewood Green Mou,0
86,449.77500,444.77500,5.00000,-RPT,FM,0TXlake,TONE ENC,100.0 Hz,023,1500 Hz,HIGH,OFF,25.0KHz,0,CO Jefferson Lakewood Green Mtn,0
87,448.62500,443.62500,5.00000,-RPT,FM,0TXgold,TONE ENC,100.0 Hz,023,1500 Hz,HIGH,OFF,25.0KHz,0,CO Jefferson Golden Centennial ,0
88,446.78750,441.78750,5.00000,-RPT,FM,0TXdenv,OFF,100.0 Hz,023,1500 Hz,HIGH,OFF,25.0KHz,0,CO Jefferson Denver Centennial ,0
89,145.49000,144.89000,0.60000,-RPT,FM,0TXidah,TONE ENC,100.0 Hz,023,1500 Hz,HIGH,OFF,25.0KHz,0,CO Jefferson Idaho Springs Cent,0
90,449.35000,444.35000,5.00000,-RPT,FM,0TXidah,TONE ENC,100.0 Hz,023,1500 Hz,HIGH,OFF,25.0KHz,0,CO Clear Creek Idaho Springs Sq,0
91,449.30000,444.30000,5.00000,-RPT,FM,UPSwest,TONE ENC,100.0 Hz,023,1500 Hz,HIGH,OFF,25.0KHz,0,CO Adams Westminster N1UPS N1UP,0
92,147.21000,147.81000,0.60000,+RPT,FM,SSPlake,TONE ENC,100.0 Hz,023,1500 Hz,HIGH,OFF,25.0KHz,0,CO Jefferson Lakewood Moffat Tr,0
93,448.35000,443.35000,5.00000,-RPT,FM,SSPlake,TONE ENC,225.7 Hz,023,1500 Hz,HIGH,OFF,25.0KHz,0,CO Jefferson Lakewood Moffat Tr,0
94,146.88000,146.28000,0.60000,-RPT,FM,TUBcent,TONE ENC,100.0 Hz,023,1500 Hz,HIGH,OFF,25.0KHz,0,CO Jefferson Centennial Warren ,0
95,449.60000,444.60000,5.00000,-RPT,FM,TUBcent,TONE ENC,100.0 Hz,023,1500 Hz,HIGH,OFF,25.0KHz,0,CO Jefferson Centennial Warren ,0
96,146.64000,146.04000,0.60000,-RPT,FM,TUBgold,TONE ENC,100.0 Hz,023,1500 Hz,HIGH,OFF,25.0KHz,0,CO Jefferson Golden Centennial ,0
97,445.07500,440.07500,5.00000,-RPT,FM,PRApark,OFF,100.0 Hz,023,1500 Hz,HIGH,OFF,25.0KHz,0,CO Douglas Parker K0PRA Parker ,0
98,446.85000,441.85000,5.00000,-RPT,FM,PRAfran,OFF,100.0 Hz,023,1500 Hz,HIGH,OFF,25.0KHz,0,CO Douglas Franktown K0PRA Park,0
99,147.04500,147.64500,0.60000,+RPT,FM,0MLnort,TONE ENC,123.0 Hz,023,1500 Hz,HIGH,OFF,25.0KHz,0,CO Adams Northglenn K0ML Northg,0
100,447.87500,442.87500,5.00000,-RPT,FM,LXXmorr,TONE ENC,107.2 Hz,023,1500 Hz,HIGH,OFF,25.0KHz,0,CO Jefferson Morrison Mt. Morri,0
101,447.50000,442.50000,5.00000,-RPT,FM,OWYconi,TONE ENC,88.5 Hz,023,1500 Hz,HIGH,OFF,25.0KHz,0,CO Jefferson Conifer Critchell ,0
102,448.12500,443.12500,5.00000,-RPT,FM,PYYgold,TONE ENC,107.2 Hz,023,1500 Hz,HIGH,OFF,25.0KHz,0,CO Jefferson Golden N0PYY Denve,0
103,147.30000,147.90000,0.60000,+RPT,FM,PYYever,TONE ENC,103.5 Hz,023,1500 Hz,HIGH,OFF,25.0KHz,0,CO Clear Creek Evergreen Squaw ,0
104,448.97500,443.97500,5.00000,-RPT,FM,0GVgold,TONE ENC,123.0 Hz,023,1500 Hz,HIGH,OFF,25.0KHz,0,CO Jefferson Golden W0GV FRG 44,0
105,449.82500,444.82500,5.00000,-RPT,FM,WYXbroo,TONE ENC,103.5 Hz,023,1500 Hz,HIGH,OFF,25.0KHz,0,CO Boulder Broomfield W0WYX Roc,0
106,146.94000,146.34000,0.60000,-RPT,FM,WYXidah,TONE ENC,103.5 Hz,023,1500 Hz,HIGH,OFF,25.0KHz,0,CO Clear Creek Idaho Springs Sq,0
107,448.92500,443.92500,5.00000,-RPT,FM,LMAbroo,TONE ENC,131.8 Hz,023,1500 Hz,HIGH,OFF,25.0KHz,0,CO Boulder Broomfield W0LMA W0L,0
108,446.83750,441.83750,5.00000,-RPT,FM,YZTgold,OFF,100.0 Hz,023,1500 Hz,HIGH,OFF,25.0KHz,0,CO Jefferson Golden Lookout WA2,0
109,145.25000,144.65000,0.60000,-RPT,FM,CDSgold,OFF,100.0 Hz,023,1500 Hz,HIGH,OFF,25.0KHz,0,CO Jefferson Golden Lookout Mou,0
110,446.96250,441.96250,5.00000,-RPT,FM,CDSgold,OFF,100.0 Hz,023,1500 Hz,HIGH,OFF,25.0KHz,0,CO Jefferson Golden Lookout Mou,0
111,145.37000,144.77000,0.60000,-RPT,FM,0SZgold,OFF,100.0 Hz,023,1500 Hz,HIGH,OFF,25.0KHz,0,CO Jefferson Golden Lookout Mou,0
112,145.17500,144.57500,0.60000,-RPT,FM,0SZever,OFF,100.0 Hz,023,1500 Hz,HIGH,OFF,25.0KHz,0,CO Clear Creek Evergreen Squaw ,0
113,446.80000,441.80000,5.00000,-RPT,FM,0SZboul,OFF,100.0 Hz,023,1500 Hz,HIGH,OFF,25.0KHz,0,CO Boulder Boulder Mount Thorod,0
114,446.87500,441.87500,5.00000,-RPT,FM,0SZwest,OFF,100.0 Hz,023,1500 Hz,HIGH,OFF,25.0KHz,0,CO Douglas Westcreek N0SZ W0VG ,0
115,449.22500,444.22500,5.00000,-RPT,FM,0SZdenv,TONE ENC,141.3 Hz,023,1500 Hz,HIGH,OFF,25.0KHz,0,CO Gilpin Denver Thorodin Mount,0
116,448.22500,443.22500,5.00000,-RPT,FM,0SZidah,TONE ENC,141.3 Hz,023,1500 Hz,HIGH,OFF,25.0KHz,0,CO Clear Creek Idaho Springs Sq,0
117,446.93750,441.93750,5.00000,-RPT,FM,0SZidah,OFF,100.0 Hz,023,1500 Hz,HIGH,OFF,25.0KHz,0,CO Clear Creek Idaho Springs Sq,0
118,445.05000,440.05000,5.00000,-RPT,FM,0SZboul,OFF,100.0 Hz,023,1500 Hz,HIGH,OFF,25.0KHz,0,CO Boulder Boulder Lee Hill N0S,0
119,446.98750,441.98750,5.00000,-RPT,FM,0SZboul,OFF,100.0 Hz,023,1500 Hz,HIGH,OFF,25.0KHz,0,CO Boulder Boulder Lee Hill N0S,0
120,447.75000,442.75000,5.00000,-RPT,FM,0SZboul,TONE ENC,141.3 Hz,023,1500 Hz,HIGH,OFF,25.0KHz,0,CO Boulder Boulder Lee Hill N0S,0
121,145.23500,144.63500,0.60000,-RPT,FM,0SZcolo,OFF,100.0 Hz,023,1500 Hz,HIGH,OFF,25.0KHz,0,CO El Paso Colorado Springs Alm,0
122,445.06250,440.06250,5.00000,-RPT,FM,0SZcolo,OFF,100.0 Hz,023,1500 Hz,HIGH,OFF,25.0KHz,0,CO El Paso Colorado Springs Che,0
123,445.08750,440.08750,5.00000,-RPT,FM,0SZbrec,OFF,100.0 Hz,023,1500 Hz,HIGH,OFF,25.0KHz,0,CO Fremont Breckenridge Baldy N,0
124,446.76250,441.76250,5.00000,-RPT,FM,0SZfair,OFF,100.0 Hz,023,1500 Hz,HIGH,OFF,25.0KHz,0,CO Park Fairplay Badger N0SZ K7,0
125,445.05000,440.05000,5.00000,-RPT,FM,0SZlead,OFF,100.0 Hz,023,1500 Hz,HIGH,OFF,25.0KHz,0,CO Lake Leadville Mosquito Pass,0
126,445.07500,440.07500,5.00000,-RPT,FM,0SZvail,OFF,100.0 Hz,023,1500 Hz,HIGH,OFF,25.0KHz,0,CO Eagle Vail N0SZ K2AD Rocky M,0
127,446.81250,441.81250,5.00000,-RPT,FM,0SZsali,OFF,100.0 Hz,023,1500 Hz,HIGH,OFF,25.0KHz,0,CO Chaffee Salida Methodist Mou,0
128,445.13750,440.13750,5.00000,-RPT,FM,0SZdura,OFF,100.0 Hz,023,1500 Hz,HIGH,OFF,25.0KHz,0,CO La Plata Durango Missionary ,0
129,445.26250,440.26250,5.00000,-RPT,FM,0SZrang,OFF,100.0 Hz,023,1500 Hz,HIGH,OFF,25.0KHz,0,CO Rio Blanco Rangely Cathedral,0
130,446.97500,441.97500,5.00000,-RPT,FM,VGDgold,OFF,100.0 Hz,023,1500 Hz,HIGH,OFF,25.0KHz,0,CO Jefferson Golden Table Mount,0
131,145.26500,144.66500,0.60000,-RPT,FM,VGDfort,OFF,100.0 Hz,023,1500 Hz,HIGH,OFF,25.0KHz,0,CO Larimer Fort Collins  Horset,0
132,449.62500,444.62500,5.00000,-RPT,FM,0KUgold,TONE ENC,141.3 Hz,023,1500 Hz,HIGH,OFF,25.0KHz,0,CO Jefferson Golden Lookout Mou,0
133,447.30000,442.30000,5.00000,-RPT,FM,0KCfort,TONE ENC,107.2 Hz,023,1500 Hz,HIGH,OFF,25.0KHz,0,CO Weld Fort Lupton AC0KC 447.3,0
134,145.34000,144.74000,0.60000,-RPT,FM,GUQever,TONE ENC,103.5 Hz,023,1500 Hz,HIGH,OFF,25.0KHz,0,CO Jefferson Evergreen KE4GUQ R,0
135,447.15000,442.15000,5.00000,-RPT,FM,CRAconi,TONE ENC,107.2 Hz,023,1500 Hz,HIGH,OFF,25.0KHz,0,CO Jefferson Conifer Conifer Mo,0
136,147.22500,147.82500,0.60000,+RPT,FM,CRAlark,TONE ENC,107.2 Hz,023,1500 Hz,HIGH,OFF,25.0KHz,0,CO Douglas Larkspur Westcreek W,0
137,448.42500,443.42500,5.00000,-RPT,FM,CRAlark,TONE ENC,107.2 Hz,023,1500 Hz,HIGH,OFF,25.0KHz,0,CO Douglas Larkspur Westcreek W,0
138,145.14500,144.54500,0.60000,-RPT,FM,CRAidah,TONE ENC,107.2 Hz,023,1500 Hz,HIGH,OFF,25.0KHz,0,CO Clear Creek Idaho Springs Sq,0
139,447.57500,442.57500,5.00000,-RPT,FM,CRAidah,TONE ENC,107.2 Hz,023,1500 Hz,HIGH,OFF,25.0KHz,0,CO Clear Creek Idaho Springs Sq,0
140,145.46000,144.86000,0.60000,-RPT,FM,CRAboul,TONE ENC,107.2 Hz,023,1500 Hz,HIGH,OFF,25.0KHz,0,CO Boulder Boulder Eldorado Mou,0
141,447.97500,442.97500,5.00000,-RPT,FM,CRAboul,TONE ENC,107.2 Hz,023,1500 Hz,HIGH,OFF,25.0KHz,0,CO Boulder Boulder Eldorado Mou,0
142,145.16000,144.56000,0.60000,-RPT,FM,CRAcolo,TONE ENC,107.2 Hz,023,1500 Hz,HIGH,OFF,25.0KHz,0,CO El Paso Colorado Springs Che,0
143,449.75000,444.75000,5.00000,-RPT,FM,0GOgold,TONE ENC,103.5 Hz,023,1500 Hz,HIGH,OFF,25.0KHz,0,CO Jefferson Golden Guy Hill KI,0
144,145.22000,144.62000,0.60000,-RPT,FM,T0Cgold,TONE ENC,103.5 Hz,023,1500 Hz,HIGH,OFF,25.0KHz,0,CO Jefferson Golden Guy Hill WT,0
145,448.85000,443.85000,5.00000,-RPT,FM,IBMgold,TONE ENC,88.5 Hz,023,1500 Hz,HIGH,OFF,25.0KHz,0,CO Jefferson Golden Guy Hill K0,0
146,147.15000,147.75000,0.60000,+RPT,FM,CBIgold,TONE ENC,100.0 Hz,023,1500 Hz,HIGH,OFF,25.0KHz,0,CO Jefferson Golden Guy Hill W0,0
147,147.12000,147.72000,0.60000,+RPT,FM,ARAcrit,TONE ENC,88.5 Hz,023,1500 Hz,HIGH,OFF,25.0KHz,0,CO Jefferson Critchell Critchel,0
148,449.92500,444.92500,5.00000,-RPT,FM,0EBhuds,TONE ENC,114.8 Hz,023,1500 Hz,HIGH,OFF,25.0KHz,0,CO Weld Hudson K0EB K0EB K0UPS ,0
149,449.97500,444.97500,5.00000,-RPT,FM,JSClark,TONE ENC,100.0 Hz,023,1500 Hz,HIGH,OFF,25.0KHz,0,CO Douglas Larkspur Westcreek K,0
150,449.97500,444.97500,5.00000,-RPT,FM,JSCcano,TONE ENC,100.0 Hz,023,1500 Hz,HIGH,OFF,25.0KHz,0,CO Fremont Canon City Canon Cit,0
151,446.73750,441.73750,5.00000,-RPT,FM,JSCcano,OFF,100.0 Hz,023,1500 Hz,HIGH,OFF,25.0KHz,0,CO Fremont Canon City Fremont P,0
152,447.25000,442.25000,5.00000,-RPT,FM,JSCcano,TONE ENC,100.0 Hz,023,1500 Hz,HIGH,OFF,25.0KHz,0,CO Fremont Canon City Fremont P,0
153,447.97500,442.97500,5.00000,-RPT,FM,JSCcano,TONE ENC,100.0 Hz,023,1500 Hz,HIGH,OFF,25.0KHz,0,CO Fremont Canon City Colorado ,0
154,448.97500,443.97500,5.00000,-RPT,FM,JSCpueb,TONE ENC,100.0 Hz,023,1500 Hz,HIGH,OFF,25.0KHz,0,CO Pueblo Pueblo West K0JSC 448,0
155,446.98750,441.98750,5.00000,-RPT,FM,JSCpueb,OFF,100.0 Hz,023,1500 Hz,HIGH,OFF,25.0KHz,0,CO Pueblo Pueblo K0JSC RMHAM 44,0
156,447.27500,442.27500,5.00000,-RPT,FM,JSCpueb,TONE ENC,100.0 Hz,023,1500 Hz,HIGH,OFF,25.0KHz,0,CO Pueblo Pueblo Metro K0JSC Th,0
157,448.32500,443.32500,5.00000,-RPT,FM,JSCwest,TONE ENC,100.0 Hz,023,1500 Hz,HIGH,OFF,25.0KHz,0,CO Custer Westcliffe K0JSC The ,0
158,449.97500,444.97500,5.00000,-RPT,FM,JSCsali,TONE ENC,100.0 Hz,023,1500 Hz,HIGH,OFF,25.0KHz,0,CO Chaffee Salida Methodist Mou,0
159,449.97500,444.97500,5.00000,-RPT,FM,JSCpueb,TONE ENC,100.0 Hz,023,1500 Hz,HIGH,OFF,25.0KHz,0,CO Pueblo Pueblo Cedarwood K0JS,0
160,145.19000,144.59000,0.60000,-RPT,FM,XLFpalm,TONE ENC,131.8 Hz,023,1500 Hz,HIGH,OFF,25.0KHz,0,CO Douglas Palmer Lake Monument,0
161,146.76000,146.16000,0.60000,-RPT,FM,0IAboul,TONE ENC,100.0 Hz,023,1500 Hz,HIGH,OFF,25.0KHz,0,CO Boulder Boulder Gunbarrel Hi,0
162,449.55000,444.55000,5.00000,-RPT,FM,0IAboul,TONE ENC,100.0 Hz,023,1500 Hz,HIGH,OFF,25.0KHz,0,CO Boulder Boulder W0IA Rocky M,0
163,448.90000,443.90000,5.00000,-RPT,FM,0DKboul,TONE ENC,100.0 Hz,023,1500 Hz,HIGH,OFF,25.0KHz,0,CO Boulder Boulder Table Mesa W,0
164,146.61000,146.01000,0.60000,-RPT,FM,0DKboul,TONE ENC,100.0 Hz,023,1500 Hz,HIGH,OFF,25.0KHz,0,CO Boulder Boulder W0DK Boulder,0
165,146.70000,146.10000,0.60000,-RPT,FM,0DKboul,TONE ENC,100.0 Hz,023,1500 Hz,HIGH,OFF,25.0KHz,0,CO Boulder Boulder Table Mounta,0
166,145.38750,144.78750,0.60000,-RPT,FM,0DSboul,OFF,100.0 Hz,023,1500 Hz,HIGH,OFF,25.0KHz,0,CO Boulder Boulder KC0DS Boulde,0
167,446.86250,441.86250,5.00000,-RPT,FM,0DSboul,OFF,100.0 Hz,023,1500 Hz,HIGH,OFF,25.0KHz,0,CO Boulder Boulder KC0DS Boulde,0
168,447.72500,442.72500,5.00000,-RPT,FM,0NRmonu,TONE ENC,100.0 Hz,023,1500 Hz,HIGH,OFF,25.0KHz,0,CO El Paso Monument Monument Hi,0
169,449.40000,444.40000,5.00000,-RPT,FM,0DKboul,TONE ENC,91.5 Hz,023,1500 Hz,HIGH,OFF,25.0KHz,0,CO Boulder Boulder K0DK BARC 44,0
170,146.73000,146.13000,0.60000,-RPT,FM,0DKboul,TONE ENC,91.5 Hz,023,1500 Hz,HIGH,OFF,25.0KHz,0,CO Boulder Boulder K0DK BARC 14,0
171,447.85000,442.85000,5.00000,-RPT,FM,0KQever,TONE ENC,141.3 Hz,023,1500 Hz,HIGH,OFF,25.0KHz,0,CO Clear Creek Evergreen Saddle,0
172,147.27000,147.87000,0.60000,+RPT,FM,ENOlong,TONE ENC,100.0 Hz,023,1500 Hz,HIGH,OFF,25.0KHz,0,CO Boulder Longmont W0ENO Longm,0
173,448.80000,443.80000,5.00000,-RPT,FM,ENOlong,TONE ENC,88.5 Hz,023,1500 Hz,HIGH,OFF,25.0KHz,0,CO Boulder Longmont W0ENO Longm,0
174,448.52500,443.52500,5.00000,-RPT,FM,EPAlong,TONE ENC,151.4 Hz,023,1500 Hz,HIGH,OFF,25.0KHz,0,CO Boulder Longmont N0EPA N0EPA,0
175,145.31000,144.71000,0.60000,-RPT,FM,VJJboul,TONE ENC,88.5 Hz,023,1500 Hz,HIGH,OFF,25.0KHz,0,CO Gilpin Boulder Thorodin Moun,0
176,145.13000,144.53000,0.60000,-RPT,FM,VJJcolo,TONE ENC,88.5 Hz,023,1500 Hz,HIGH,OFF,25.0KHz,0,CO El Paso Colorado Springs Che,0
177,147.28500,147.88500,0.60000,+RPT,FM,VJJwint,TONE ENC,88.5 Hz,023,1500 Hz,HIGH,OFF,25.0KHz,0,CO Grand Winter Park Winter Par,0
178,147.39000,147.99000,0.60000,+RPT,FM,VJJbrec,TONE ENC,88.5 Hz,023,1500 Hz,HIGH,OFF,25.0KHz,0,CO Summit Breckenridge Bald Mou,0
179,145.44500,144.84500,0.60000,-RPT,FM,VJJlead,TONE ENC,88.5 Hz,023,1500 Hz,HIGH,OFF,25.0KHz,0,CO Lake Leadville Mosquito Pass,0
180,147.07500,147.67500,0.60000,+RPT,FM,VJJkrem,TONE ENC,88.5 Hz,023,1500 Hz,HIGH,OFF,25.0KHz,0,CO Grand Kremmling Santoy Peak ,0
181,147.34500,147.94500,0.60000,+RPT,FM,VJJvail,TONE ENC,88.5 Hz,023,1500 Hz,HIGH,OFF,25.0KHz,0,CO Eagle Vail KB0VJJ Colorado C,0
182,147.28500,147.88500,0.60000,+RPT,FM,VJJsali,TONE ENC,88.5 Hz,023,1500 Hz,HIGH,OFF,25.0KHz,0,CO Chaffee Salida Methodist Mou,0
183,145.40000,144.80000,0.60000,-RPT,FM,VJJakro,TONE ENC,88.5 Hz,023,1500 Hz,HIGH,OFF,25.0KHz,0,CO Washington Akron KB0VJJ Colo,0
184,145.16000,144.56000,0.60000,-RPT,FM,VJJwald,TONE ENC,88.5 Hz,023,1500 Hz,HIGH,OFF,25.0KHz,0,CO Jackson Walden Peterson Ridg,0
185,147.16500,147.76500,0.60000,+RPT,FM,VJJstea,TONE ENC,88.5 Hz,023,1500 Hz,HIGH,OFF,25.0KHz,0,CO Routt Steamboat Springs KB0V,0
186,449.62500,444.62500,5.00000,-RPT,FM,VJJstea,TONE ENC,123.0 Hz,023,1500 Hz,HIGH,OFF,25.0KHz,0,CO Routt Steamboat Springs KB0V,0
187,146.85000,146.25000,0.60000,-RPT,FM,VJJglen,TONE ENC,88.5 Hz,023,1500 Hz,HIGH,OFF,25.0KHz,0,CO Garfield Glenwood Springs Su,0
188,146.97000,146.37000,0.60000,-RPT,FM,VJJcrai,TONE ENC,88.5 Hz,023,1500 Hz,HIGH,OFF,25.0KHz,0,CO Moffat Craig KB0VJJ Northwes,0
189,145.35500,144.75500,0.60000,-RPT,FM,VJJgran,TONE ENC,88.5 Hz,023,1500 Hz,HIGH,OFF,25.0KHz,0,CO Mesa Grand Junction Grand Me,0
190,147.34500,147.94500,0.60000,+RPT,FM,VJJdura,TONE ENC,88.5 Hz,023,1500 Hz,HIGH,OFF,25.0KHz,0,CO La Plata Durango Missionary ,0
191,147.35500,146.75500,0.60000,-RPT,FM,VJJgran,TONE ENC,88.5 Hz,023,1500 Hz,HIGH,OFF,25.0KHz,0,CO Mesa Grand Junction Grand Me,0
192,448.67500,443.67500,5.00000,-RPT,FM,CFIidah,TONE ENC,100.0 Hz,023,1500 Hz,HIGH,OFF,25.0KHz,0,CO Denver Idaho Springs Squaw M,0
193,449.45000,444.45000,5.00000,-RPT,FM,DUNidah,TONE ENC,103.5 Hz,023,1500 Hz,HIGH,OFF,25.0KHz,0,CO Clear Creek Idaho Springs Sq,0
194,146.89500,146.29500,0.60000,-RPT,FM,0PCbail,TONE ENC,100.0 Hz,023,1500 Hz,HIGH,OFF,25.0KHz,0,CO Park Bailey Dick Mountain AB,0
195,449.05000,444.05000,5.00000,-RPT,FM,G0Nidah,TONE ENC,107.2 Hz,023,1500 Hz,HIGH,OFF,25.0KHz,0,CO Denver Idaho Springs Squaw M,0
196,447.62500,442.62500,5.00000,-RPT,FM,MDPfalc,TONE ENC,100.0 Hz,023,1500 Hz,HIGH,OFF,25.0KHz,0,CO El Paso Falcon Black Forest ,0
197,146.82000,146.22000,0.60000,-RPT,FM,X0Gwood,TONE ENC,107.2 Hz,023,1500 Hz,HIGH,OFF,25.0KHz,0,CO Teller Woodland Park NX0G Mo,0
198,448.65000,443.65000,5.00000,-RPT,FM,X0Gwood,TONE ENC,107.2 Hz,023,1500 Hz,HIGH,OFF,25.0KHz,0,CO Teller Woodland Park NX0G Mo,0
199,447.47500,442.47500,5.00000,-RPT,FM,X0Gcolo,TONE ENC,107.2 Hz,023,1500 Hz,HIGH,OFF,25.0KHz,0,CO El Paso Colorado Springs NX0,0
200,146.68500,146.08500,0.60000,-RPT,FM,X0Glake,TONE ENC,107.2 Hz,023,1500 Hz,HIGH,OFF,25.0KHz,0,CO Park Lake George Badger Moun,0
201,147.01500,147.61500,0.60000,+RPT,FM,X0Gcrip,TONE ENC,107.2 Hz,023,1500 Hz,HIGH,OFF,25.0KHz,0,CO Teller Cripple Creek NX0G Mo,0
202,145.41500,144.81500,0.60000,-RPT,FM,WUCwood,TONE ENC,179.9 Hz,023,1500 Hz,HIGH,OFF,25.0KHz,0,CO Teller Woodland Park KA0WUC ,0
203,449.02500,444.02500,5.00000,-RPT,FM,WUCwood,TONE ENC,141.3 Hz,023,1500 Hz,HIGH,OFF,25.0KHz,0,CO Teller Woodland Park KA0WUC ,0
204,447.67500,442.67500,5.00000,-RPT,FM,WUCwood,TONE ENC,179.9 Hz,023,1500 Hz,HIGH,OFF,25.0KHz,0,CO Teller Woodland Park KA0WUC ,0
205,449.32500,444.32500,5.00000,-RPT,FM,EPSwood,TONE ENC,103.5 Hz,023,1500 Hz,HIGH,OFF,25.0KHz,0,CO Teller Woodland Park Paradis,0
206,146.91000,147.51000,0.60000,+RPT,FM,0JZgold,TONE ENC,123.0 Hz,023,1500 Hz,HIGH,OFF,25.0KHz,0,CO Boulder Gold Hill W0JZ Town ,0
207,147.39000,147.99000,0.60000,+RPT,FM,MOGcolo,TONE ENC,103.5 Hz,023,1500 Hz,HIGH,OFF,25.0KHz,0,CO El Paso Colorado Springs W0M,0
208,448.60000,443.60000,5.00000,-RPT,FM,MOGcolo,TONE ENC,114.8 Hz,023,1500 Hz,HIGH,OFF,25.0KHz,0,CO El Paso Colorado Springs W0M,0
209,147.03000,147.63000,0.60000,+RPT,FM,0HGalle,TONE ENC,100.0 Hz,023,1500 Hz,HIGH,OFF,25.0KHz,0,CO Boulder Allenspark AFPD Stat,0
210,449.57500,444.57500,5.00000,-RPT,FM,LRAlove,TONE ENC,100.0 Hz,023,1500 Hz,HIGH,OFF,25.0KHz,0,CO Larimer Loveland Namaqua Hil,0
211,147.19500,147.79500,0.60000,+RPT,FM,LRAlove,TONE ENC,100.0 Hz,023,1500 Hz,HIGH,OFF,25.0KHz,0,CO Larimer Loveland Namaqua Hil,0
212,146.91000,146.31000,0.60000,-RPT,FM,IRPcolo,TONE ENC,151.4 Hz,023,1500 Hz,HIGH,OFF,25.0KHz,0,CO El Paso Colorado Springs K0I,0
213,447.35000,442.35000,5.00000,-RPT,FM,IRPcolo,TONE ENC,151.4 Hz,023,1500 Hz,HIGH,OFF,25.0KHz,0,CO El Paso Colorado Springs K0I,0
214,146.85000,146.25000,0.60000,-RPT,FM,RSHcolo,TONE ENC,156.7 Hz,023,1500 Hz,HIGH,OFF,25.0KHz,0,CO El Paso Colorado Springs W0R,0
215,147.13500,147.73500,0.60000,+RPT,FM,A0Lcolo,TONE ENC,100.0 Hz,023,1500 Hz,HIGH,OFF,25.0KHz,0,CO El Paso Colorado Springs AA0,0
216,448.30000,443.30000,5.00000,-RPT,FM,A0Lcolo,TONE ENC,100.0 Hz,023,1500 Hz,HIGH,OFF,25.0KHz,0,CO El Paso Colorado Springs AA0,0
217,448.45000,443.45000,5.00000,-RPT,FM,SRJcolo,TONE ENC,100.0 Hz,023,1500 Hz,HIGH,OFF,25.0KHz,0,CO El Paso Colorado Springs Pik,0
218,146.97000,146.37000,0.60000,-RPT,FM,SRJcolo,TONE ENC,100.0 Hz,023,1500 Hz,HIGH,OFF,25.0KHz,0,CO El Paso Colorado Springs Pik,0
219,145.26500,144.66500,0.60000,-RPT,FM,SRJcolo,TONE ENC,100.0 Hz,023,1500 Hz,HIGH,OFF,25.0KHz,0,CO El Paso Colorado Springs KB0,0
220,448.80000,443.80000,5.00000,-RPT,FM,SRJcolo,TONE ENC,100.0 Hz,023,1500 Hz,HIGH,OFF,25.0KHz,0,CO El Paso Colorado Springs UCC,0
221,447.55000,442.55000,5.00000,-RPT,FM,IFIcolo,TONE ENC,123.0 Hz,023,1500 Hz,HIGH,OFF,25.0KHz,0,CO El Paso Colorado Springs WA6,0
222,447.02500,442.02500,5.00000,-RPT,FM,0WFcolo,TONE ENC,123.0 Hz,023,1500 Hz,HIGH,OFF,25.0KHz,0,CO El Paso Colorado Springs KF0,0
223,448.25000,443.25000,5.00000,-RPT,FM,0KGcolo,TONE ENC,123.0 Hz,023,1500 Hz,HIGH,OFF,25.0KHz,0,CO El Paso Colorado Springs Bro,0
224,449.72500,444.72500,5.00000,-RPT,FM,0OJgree,TONE ENC,127.3 Hz,023,1500 Hz,HIGH,OFF,25.0KHz,0,CO Weld Greeley UNC K0OJ K0OJ 4,0
225,146.85000,146.25000,0.60000,-RPT,FM,UPSgree,TONE ENC,100.0 Hz,023,1500 Hz,HIGH,OFF,25.0KHz,0,CO Weld Greeley UNC W0UPS North,0
226,448.02500,443.02500,5.00000,-RPT,FM,UPSlove,TONE ENC,100.0 Hz,023,1500 Hz,HIGH,OFF,25.0KHz,0,CO Larimer Loveland Budweiser E,0
227,145.11500,144.51500,0.60000,-RPT,FM,UPSfort,TONE ENC,100.0 Hz,023,1500 Hz,HIGH,OFF,25.0KHz,0,CO Larimer Fort Collins Horseto,0
228,447.27500,442.27500,5.00000,-RPT,FM,UPSfort,TONE ENC,100.0 Hz,023,1500 Hz,HIGH,OFF,25.0KHz,0,CO Larimer Fort Collins Horseto,0
229,447.70000,442.70000,5.00000,-RPT,FM,UPSfort,TONE ENC,100.0 Hz,023,1500 Hz,HIGH,OFF,25.0KHz,0,CO Larimer Fort Collins Buckhor,0
230,146.62500,146.02500,0.60000,-RPT,FM,UPSfort,TONE ENC,100.0 Hz,023,1500 Hz,HIGH,OFF,25.0KHz,0,CO Larimer Fort Collins Buckhor,0
231,147.00000,147.60000,0.60000,+RPT,FM,KWDgree,TONE ENC,100.0 Hz,023,1500 Hz,HIGH,OFF,25.0KHz,0,CO Weld Greeley KC0KWD Weld ARS,0
232,448.47500,443.47500,5.00000,-RPT,FM,KWDgree,TONE ENC,100.0 Hz,023,1500 Hz,HIGH,OFF,25.0KHz,0,CO Weld Greeley KC0KWD Weld Ama,0
233,147.36000,147.96000,0.60000,+RPT,FM,CVUlake,TONE ENC,107.2 Hz,023,1500 Hz,HIGH,OFF,25.0KHz,0,CO Park Lake George Badger Moun,0
234,446.91250,441.91250,5.00000,-RPT,FM,CVUcolo,OFF,100.0 Hz,023,1500 Hz,HIGH,OFF,25.0KHz,0,CO El Paso Colorado Springs Che,0
235,145.37500,144.77500,0.60000,-RPT,FM,CVUcolo,OFF,100.0 Hz,023,1500 Hz,HIGH,OFF,25.0KHz,0,CO El Paso Colorado Springs Che,0
236,146.76000,146.16000,0.60000,-RPT,FM,CVUcolo,TONE ENC,107.2 Hz,023,1500 Hz,HIGH,OFF,25.0KHz,0,CO El Paso Colorado Springs Che,0
237,448.00000,443.00000,5.00000,-RPT,FM,CVUcolo,TONE ENC,107.2 Hz,023,1500 Hz,HIGH,OFF,25.0KHz,0,CO El Paso Colorado Springs Che,0
238,448.10000,443.10000,5.00000,-RPT,FM,CVUcolo,TONE ENC,107.2 Hz,023,1500 Hz,HIGH,OFF,25.0KHz,0,CO El Paso Colorado Springs Che,0
239,147.34500,147.94500,0.60000,+RPT,FM,CVUcolo,TONE ENC,107.2 Hz,023,1500 Hz,HIGH,OFF,25.0KHz,0,CO El Paso Colorado Springs Che,0
240,449.62500,444.62500,5.00000,-RPT,FM,CVUpueb,TONE ENC,107.2 Hz,023,1500 Hz,HIGH,OFF,25.0KHz,0,CO Custer Pueblo Deer Peak KC0C,0
241,145.29500,144.69500,0.60000,-RPT,FM,CVUsali,TONE ENC,107.2 Hz,023,1500 Hz,HIGH,OFF,25.0KHz,0,CO Chaffee Salida Methodist Mou,0
242,449.65000,444.65000,5.00000,-RPT,FM,CVUsali,TONE ENC,107.2 Hz,023,1500 Hz,HIGH,OFF,25.0KHz,0,CO Chaffee Salida Methodist Mou,0
243,449.60000,444.60000,5.00000,-RPT,FM,CVUtrin,TONE ENC,107.2 Hz,023,1500 Hz,HIGH,OFF,25.0KHz,0,CO Las Animas Trinidad Raton Pa,0
244,448.72500,443.72500,5.00000,-RPT,FM,TTFcolo,TONE ENC,123.0 Hz,023,1500 Hz,HIGH,OFF,25.0KHz,0,CO El Paso Colorado Springs Fil,0
245,446.95000,441.95000,5.00000,-RPT,FM,PFJcolo,OFF,100.0 Hz,023,1500 Hz,HIGH,OFF,25.0KHz,0,CO Teller Colorado Springs Alma,0
246,446.75000,441.75000,5.00000,-RPT,FM,PFJfort,OFF,100.0 Hz,023,1500 Hz,HIGH,OFF,25.0KHz,0,CO Larimer Fort Collins Horseto,0
247,446.87500,441.87500,5.00000,-RPT,FM,PFJgran,OFF,100.0 Hz,023,1500 Hz,HIGH,OFF,25.0KHz,0,CO Clear Creek Granby Mt Chaunc,0
248,449.93750,444.93750,5.00000,-RPT,FM,PFJchey,OFF,100.0 Hz,023,1500 Hz,HIGH,OFF,25.0KHz,0,WY Laramie Cheyenne South K7PFJ,0
249,147.18000,147.78000,0.60000,+RPT,FM,0SPcolo,TONE ENC,100.0 Hz,023,1500 Hz,HIGH,OFF,25.0KHz,0,CO El Paso Colorado Springs Alm,0
250,447.72500,442.72500,5.00000,-RPT,FM,7RFfort,TONE ENC,131.8 Hz,023,1500 Hz,HIGH,OFF,25.0KHz,0,CO Larimer Fort Collins W7RF W7,0
251,147.10500,147.70500,0.60000,+RPT,FM,0DEsiml,TONE ENC,107.2 Hz,023,1500 Hz,HIGH,OFF,25.0KHz,0,CO Elbert Simla WA0DE ARES of D,0
252,146.68500,146.08500,0.60000,-RPT,FM,0FHeste,TONE ENC,123.0 Hz,023,1500 Hz,HIGH,OFF,25.0KHz,0,CO Larimer Estes Park N0FH Este,0
253,449.80000,444.80000,5.00000,-RPT,FM,0FHeste,TONE ENC,123.0 Hz,023,1500 Hz,HIGH,OFF,25.0KHz,0,CO Larimer Estes Park N0FH Este,0
254,147.39000,147.99000,0.60000,+RPT,FM,DMRfort,OFF,100.0 Hz,023,1500 Hz,HIGH,OFF,25.0KHz,0,CO Larimer Fort Collins Timnath,0
255,446.77500,441.77500,5.00000,-RPT,FM,DMRfort,OFF,100.0 Hz,023,1500 Hz,HIGH,OFF,25.0KHz,0,CO Larimer Fort Collins Timnath,0
256,447.45000,442.45000,5.00000,-RPT,FM,RBTfort,TONE ENC,123.0 Hz,023,1500 Hz,HIGH,OFF,25.0KHz,0,CO Larimer Fort Collins KC0RBT ,0
257,446.73750,441.73750,5.00000,-RPT,FM,AOLfort,OFF,100.0 Hz,023,1500 Hz,HIGH,OFF,25.0KHz,0,CO Larimer Fort Collins N0AOL N,0
258,447.40000,442.40000,5.00000,-RPT,FM,WDFcrip,TONE ENC,67.0 Hz,023,1500 Hz,HIGH,OFF,25.0KHz,0,CO Teller Cripple Creek WB0WDF ,0
259,145.46000,144.86000,0.60000,-RPT,FM,WDFcrip,TONE ENC,67.0 Hz,023,1500 Hz,HIGH,OFF,25.0KHz,0,CO Teller Cripple Creek WB0WDF ,0
260,449.00000,444.00000,5.00000,-RPT,FM,WDFcano,TONE ENC,67.0 Hz,023,1500 Hz,HIGH,OFF,25.0KHz,0,CO Fremont Canon City eightmile,0
261,447.45000,442.45000,5.00000,-RPT,FM,CCCwint,TONE ENC,103.5 Hz,023,1500 Hz,HIGH,OFF,25.0KHz,0,CO Grand Winter Park WA4CCC W0I,0
262,447.20000,442.20000,5.00000,-RPT,FM,RFIseve,TONE ENC,82.5 Hz,023,1500 Hz,HIGH,OFF,25.0KHz,0,CO Weld Severance Cactus Hill N,0
263,147.36000,147.96000,0.60000,+RPT,FM,QEYfort,TONE ENC,100.0 Hz,023,1500 Hz,HIGH,OFF,25.0KHz,0,CO Larimer Fort Collins CSU Dur,0
264,446.81250,441.81250,5.00000,-RPT,FM,QEYfort,OFF,100.0 Hz,023,1500 Hz,HIGH,OFF,25.0KHz,0,CO Larimer Fort Collins CSU Dur,0
265,449.85000,444.85000,5.00000,-RPT,FM,QEYfort,TONE ENC,100.0 Hz,023,1500 Hz,HIGH,OFF,25.0KHz,0,CO Larimer Fort Collins CSU Dur,0
266,448.32500,443.32500,5.00000,-RPT,FM,UPSwell,TONE ENC,110.9 Hz,023,1500 Hz,HIGH,OFF,25.0KHz,0,CO Larimer Wellington WB7UPS 44,0
267,449.25000,444.25000,5.00000,-RPT,FM,UPSceda,TONE ENC,123.0 Hz,023,1500 Hz,HIGH,OFF,25.0KHz,0,CO Elbert Cedar Point K0UPS K0U,0
268,146.82000,146.22000,0.60000,-RPT,FM,YDWgran,TONE ENC,123.0 Hz,023,1500 Hz,HIGH,OFF,25.0KHz,0,CO Grand Granby KA0YDW GCARA 14,0
269,146.70000,146.10000,0.60000,-RPT,FM,QMRbrec,TONE ENC,107.2 Hz,023,1500 Hz,HIGH,OFF,25.0KHz,0,CO Summit Breckenridge WB0QMR G,0
270,147.06000,147.66000,0.60000,+RPT,FM,TUCwest,TONE ENC,77.0 Hz,023,1500 Hz,HIGH,OFF,25.0KHz,0,CO Custer Westcliffe KB0TUC htt,0
271,448.15000,443.15000,5.00000,-RPT,FM,TUCwest,TONE ENC,103.5 Hz,023,1500 Hz,HIGH,OFF,25.0KHz,0,CO Custer Westcliffe KB0TUC Roy,0
272,145.49000,144.89000,0.60000,-RPT,FM,EKRcano,TONE ENC,103.5 Hz,023,1500 Hz,HIGH,OFF,25.0KHz,0,CO Fremont Canon City Fremont P,0
273,447.75000,442.75000,5.00000,-RPT,FM,EKRcano,TONE ENC,103.5 Hz,023,1500 Hz,HIGH,OFF,25.0KHz,0,CO Fremont Canon City Fremont P,0
274,447.12500,442.12500,5.00000,-RPT,FM,UFOfair,TONE ENC,103.5 Hz,023,1500 Hz,HIGH,OFF,25.0KHz,0,CO Park Fairplay Sacramento Mou,0
275,448.20000,443.20000,5.00000,-RPT,FM,0FTfort,OFF,100.0 Hz,023,1500 Hz,HIGH,OFF,25.0KHz,0,CO Morgan Fort Morgan Fort Morg,0
276,448.17500,443.17500,5.00000,-RPT,FM,0FTakro,OFF,100.0 Hz,023,1500 Hz,HIGH,OFF,25.0KHz,0,CO Morgan Akron W0FT W0FT Rocky,0
277,448.57500,443.57500,5.00000,-RPT,FM,Z0Nhart,TONE ENC,103.5 Hz,023,1500 Hz,HIGH,OFF,25.0KHz,0,CO Park Hartsel WZ0N 448.575 OP,0
278,449.92500,444.92500,5.00000,-RPT,FM,Z0Nsali,TONE ENC,103.5 Hz,023,1500 Hz,HIGH,OFF,25.0KHz,0,CO Chaffee Salida Methodist Mou,0
279,146.79000,146.19000,0.60000,-RPT,FM,D0Qpueb,TONE ENC,88.5 Hz,023,1500 Hz,HIGH,OFF,25.0KHz,0,CO Pueblo Pueblo Baculite Mesa ,0
280,447.95000,442.95000,5.00000,-RPT,FM,D0Qpueb,TONE ENC,88.5 Hz,023,1500 Hz,HIGH,OFF,25.0KHz,0,CO Pueblo Pueblo ND0Q Pueblo Ha,0
281,145.11500,144.51500,0.60000,-RPT,FM,D0Qpueb,TONE ENC,88.5 Hz,023,1500 Hz,HIGH,OFF,25.0KHz,0,CO Pueblo Pueblo ND0Q Pueblo Ha,0
282,146.88000,146.28000,0.60000,-RPT,FM,D0Qpueb,TONE ENC,88.5 Hz,023,1500 Hz,HIGH,OFF,25.0KHz,0,CO Pueblo Pueblo Deer Peak ND0Q,0
283,447.17500,442.17500,5.00000,-RPT,FM,D0Qpueb,TONE ENC,88.5 Hz,023,1500 Hz,HIGH,OFF,25.0KHz,0,CO Pueblo Pueblo Deer Peak ND0Q,0
284,146.73000,146.13000,0.60000,-RPT,FM,D0Qwals,TONE ENC,88.5 Hz,023,1500 Hz,HIGH,OFF,25.0KHz,0,CO Huerfano Walsenburg N Rattle,0
285,147.00000,147.60000,0.60000,+RPT,FM,E0Zpueb,OFF,100.0 Hz,023,1500 Hz,HIGH,OFF,25.0KHz,0,CO Pueblo Pueblo CSU NE0Z Carl ,0
286,146.65500,146.05500,0.60000,-RPT,FM,0STpueb,TONE ENC,123.0 Hz,023,1500 Hz,HIGH,OFF,25.0KHz,0,CO Pueblo Pueblo Pueblo K0ST K0,0
287,447.70000,442.70000,5.00000,-RPT,FM,0KRpueb,TONE ENC,210.7 Hz,023,1500 Hz,HIGH,OFF,25.0KHz,0,CO Pueblo Pueblo Pueblo KF0KR 4,0
288,449.72500,444.72500,5.00000,-RPT,FM,PWZpalm,TONE ENC,100.0 Hz,023,1500 Hz,HIGH,OFF,25.0KHz,0,CO El Paso Palmer Divide N0PWZ ,0
289,449.30000,444.30000,5.00000,-RPT,FM,7GRchey,TONE ENC,131.8 Hz,023,1500 Hz,HIGH,OFF,25.0KHz,0,WY Laramie Cheyenne Chalk Bluff,0
290,444.12500,449.12500,5.00000,+RPT,FM,7GRscot,TONE ENC,114.8 Hz,023,1500 Hz,HIGH,OFF,25.0KHz,0,NE Scotts Bluff Scottsbluff Sta,0
291,147.24000,147.84000,0.60000,+RPT,FM,J0Tpueb,TONE ENC,103.5 Hz,023,1500 Hz,HIGH,OFF,25.0KHz,0,CO Pueblo Pueblo KJ0T TARA 147.,0
292,449.90000,444.90000,5.00000,-RPT,FM,FSXpunk,TONE ENC,107.2 Hz,023,1500 Hz,HIGH,OFF,25.0KHz,0,CO Lincoln Punkin Center N1FSX ,0
293,446.73750,441.73750,5.00000,-RPT,FM,RTSgeno,OFF,100.0 Hz,023,1500 Hz,HIGH,OFF,25.0KHz,0,CO Lincoln Genoa Limon K0RTS K0,0
294,147.24000,147.84000,0.60000,+RPT,FM,ZSNlead,TONE ENC,156.7 Hz,023,1500 Hz,HIGH,OFF,25.0KHz,0,CO Lake Leadville Quail Mountai,0
295,449.75000,444.75000,5.00000,-RPT,FM,ZSNlave,TONE ENC,100.0 Hz,023,1500 Hz,HIGH,OFF,25.0KHz,0,CO Las Animas La Veta Cordova P,0
296,147.06000,147.66000,0.60000,+RPT,FM,0AEgeno,TONE ENC,103.5 Hz,023,1500 Hz,HIGH,OFF,25.0KHz,0,CO Lincoln Genoa KE0AE BSARC 14,0
297,146.89500,146.29500,0.60000,-RPT,FM,0AEstra,TONE ENC,103.5 Hz,023,1500 Hz,HIGH,OFF,25.0KHz,0,CO Kit Carson Stratton KE0AE Bi,0
298,146.61000,146.01000,0.60000,-RPT,FM,0RVvail,TONE ENC,107.2 Hz,023,1500 Hz,HIGH,OFF,25.0KHz,0,CO Eagle Vail Bald Mountain K0R,0
299,449.90000,444.90000,5.00000,-RPT,FM,AFOvail,TONE ENC,107.2 Hz,023,1500 Hz,HIGH,OFF,25.0KHz,0,CO Eagle Vail N0AFO ECHO 449.9 ,0
300,146.77500,146.17500,0.60000,-RPT,FM,SNOchey,TONE ENC,114.8 Hz,023,1500 Hz,HIGH,OFF,25.0KHz,0,WY Laramie Cheyenne Denver Hill,0
301,147.10500,147.70500,0.60000,+RPT,FM,SNOchey,TONE ENC,114.8 Hz,023,1500 Hz,HIGH,OFF,25.0KHz,0,WY Laramie Cheyenne North Park ,0
302,146.82000,146.22000,0.60000,-RPT,FM,SNOlara,TONE ENC,114.8 Hz,023,1500 Hz,HIGH,OFF,25.0KHz,0,WY Albany Laramie Beacon Hill K,0
303,147.16500,147.76500,0.60000,+RPT,FM,SNOalbi,TONE ENC,114.8 Hz,023,1500 Hz,HIGH,OFF,25.0KHz,0,WY Laramie Albin KC7SNO Shy-Wy ,0
304,145.23500,144.63500,0.60000,-RPT,FM,SWRchey,TONE ENC,114.8 Hz,023,1500 Hz,HIGH,OFF,25.0KHz,0,WY Laramie Cheyenne KB7SWR N7GT,0
305,448.15000,443.15000,5.00000,-RPT,FM,SWRchey,TONE ENC,100.0 Hz,023,1500 Hz,HIGH,OFF,25.0KHz,0,WY Laramie Cheyenne KB7SWR KB7S,0
306,449.90000,444.90000,5.00000,-RPT,FM,JJYchey,TONE ENC,100.0 Hz,023,1500 Hz,HIGH,OFF,25.0KHz,0,WY Laramie Cheyenne N7JJY N7JJY,0
307,448.95000,443.95000,5.00000,-RPT,FM,DHFchey,TONE ENC,151.4 Hz,023,1500 Hz,HIGH,OFF,25.0KHz,0,WY Laramie Cheyenne Old airport,0
308,447.00000,442.00000,5.00000,-RPT,FM,VJDhugo,TONE ENC,103.5 Hz,023,1500 Hz,HIGH,OFF,25.0KHz,0,CO Lincoln Hugo KC0VJD Delbert ,0
309,446.97500,441.97500,5.00000,-RPT,FM,QPGsali,OFF,100.0 Hz,023,1500 Hz,HIGH,OFF,25.0KHz,0,CO Chaffee Salida Methodist Mou,0
310,146.74500,146.14500,0.60000,-RPT,FM,LSDnath,TONE ENC,100.0 Hz,023,1500 Hz,HIGH,OFF,25.0KHz,0,CO Chaffee Nathrop W0LSD CLARA ,0
311,447.22500,442.22500,5.00000,-RPT,FM,EOClara,OFF,100.0 Hz,023,1500 Hz,HIGH,OFF,25.0KHz,0,WY Albany Laramie Pilot Hill WY,0
312,445.05000,440.05000,5.00000,-RPT,FM,EOCrawl,OFF,100.0 Hz,023,1500 Hz,HIGH,OFF,25.0KHz,0,WY Carbon Rawlins WY7EOC Larami,0
313,449.98750,444.98750,5.00000,-RPT,FM,EOCcasp,OFF,100.0 Hz,023,1500 Hz,HIGH,OFF,25.0KHz,0,WY Natrona Casper Casper Mounta,0
314,146.61000,146.01000,0.60000,-RPT,FM,7UWlara,OFF,100.0 Hz,023,1500 Hz,HIGH,OFF,25.0KHz,0,WY Albany Laramie University N7,0
315,147.01500,147.61500,0.60000,+RPT,FM,7UWlara,TONE ENC,146.2 Hz,023,1500 Hz,HIGH,OFF,25.0KHz,0,WY Albany Laramie Jelm Mountain,0
316,145.32500,144.72500,0.60000,-RPT,FM,MRCmays,TONE ENC,100.0 Hz,023,1500 Hz,HIGH,OFF,25.0KHz,0,CO Chaffee Maysville CO KD0MRC ,0
317,447.65000,442.65000,5.00000,-RPT,FM,YNAgunn,TONE ENC,151.4 Hz,023,1500 Hz,HIGH,OFF,25.0KHz,0,CO Gunnison Gunnison W Mountain,0
318,448.65000,443.65000,5.00000,-RPT,FM,YNAmont,OFF,100.0 Hz,023,1500 Hz,HIGH,OFF,25.0KHz,0,CO Montrose Montrose Waterdog P,0
319,449.65000,444.65000,5.00000,-RPT,FM,YNAgran,TONE ENC,151.4 Hz,023,1500 Hz,HIGH,OFF,25.0KHz,0,CO Mesa Grand Junction Grand Me,0
320,449.70000,444.70000,5.00000,-RPT,FM,YNAtell,TONE ENC,107.2 Hz,023,1500 Hz,HIGH,OFF,25.0KHz,0,CO San Miguel Telluride Gray He,0
321,449.40000,444.40000,5.00000,-RPT,FM,YNAdelt,TONE ENC,131.8 Hz,023,1500 Hz,HIGH,OFF,25.0KHz,0,CO Mesa Delta Uncompahgre Butte,0
322,145.29500,144.69500,0.60000,-RPT,FM,JTBster,OFF,100.0 Hz,023,1500 Hz,HIGH,OFF,25.0KHz,0,CO Logan Sterling CO WA0JTB NEC,0
323,447.05000,442.05000,5.00000,-RPT,FM,0VQaspe,TONE ENC,136.5 Hz,023,1500 Hz,HIGH,OFF,25.0KHz,0,CO Pitkin Aspen Aspen Mountain ,0
324,447.15000,442.15000,5.00000,-RPT,FM,0VQcarb,TONE ENC,136.5 Hz,023,1500 Hz,HIGH,OFF,25.0KHz,0,CO Garfield Carbondale Missouri,0
325,147.30000,147.90000,0.60000,+RPT,FM,0VQglen,TONE ENC,107.2 Hz,023,1500 Hz,HIGH,OFF,25.0KHz,0,CO Garfield Glenwood Springs Th,0
326,146.67000,146.07000,0.60000,-RPT,FM,0CLsnow,TONE ENC,107.2 Hz,023,1500 Hz,HIGH,OFF,25.0KHz,0,CO Pitkin Snowmass Village K0CL,0
327,147.21000,147.81000,0.60000,+RPT,FM,D0Hstea,TONE ENC,107.2 Hz,023,1500 Hz,HIGH,OFF,25.0KHz,0,CO Routt Steamboat Springs KD0H,0
328,145.35500,144.75500,0.60000,-RPT,FM,JPXlave,TONE ENC,100.0 Hz,023,1500 Hz,HIGH,OFF,25.0KHz,0,CO Huerfano La Veta N0JPX N0JPX,0
329,147.36000,147.96000,0.60000,+RPT,FM,ITFlaju,OFF,100.0 Hz,023,1500 Hz,HIGH,OFF,25.0KHz,0,CO Otero La Junta North La Junt,0
330,446.75000,441.75000,5.00000,-RPT,FM,ITFlaju,OFF,100.0 Hz,023,1500 Hz,HIGH,OFF,25.0KHz,0,CO Otero La Junta North La Junt,0
331,147.00000,146.40000,0.60000,-RPT,FM,NEBharr,TONE ENC,103.5 Hz,023,1500 Hz,HIGH,OFF,25.0KHz,0,NE Banner Harrisburg N0NEB Tri-,0
332,147.07500,147.67500,0.60000,+RPT,FM,NEBscot,OFF,100.0 Hz,023,1500 Hz,HIGH,OFF,25.0KHz,0,NE Scotts Bluff Scottsbluff N0N,0
333,146.71500,146.11500,0.60000,-RPT,FM,NEBalli,TONE ENC,103.5 Hz,023,1500 Hz,HIGH,OFF,25.0KHz,0,NE Box Butte Alliance N0NEB Tri,0
334,146.64000,146.04000,0.60000,-RPT,FM,0KMcent,TONE ENC,77.0 Hz,023,1500 Hz,HIGH,OFF,25.0KHz,0,CO Rio Grande Center N0KM 146.6,0
335,447.10000,442.10000,5.00000,-RPT,FM,0KMcent,TONE ENC,77.0 Hz,023,1500 Hz,HIGH,OFF,25.0KHz,0,CO Saguache Center N0KM 447.1 O,0
336,449.95000,444.95000,5.00000,-RPT,FM,5GFgunn,OFF,100.0 Hz,023,1500 Hz,HIGH,OFF,25.0KHz,0,CO Gunnison Gunnison K5GF K5GF ,0
337,147.12000,147.72000,0.60000,+RPT,FM,VTLgunn,OFF,100.0 Hz,023,1500 Hz,HIGH,OFF,25.0KHz,0,CO Gunnison Gunnison W0VTL W0VT,0
338,449.72500,444.72500,5.00000,-RPT,FM,ELKcarb,TONE ENC,179.9 Hz,023,1500 Hz,HIGH,OFF,25.0KHz,0,CO Garfield Carbondale Four Mil,0
339,147.39000,147.99000,0.60000,+RPT,FM,SNOcarb,TONE ENC,107.2 Hz,023,1500 Hz,HIGH,OFF,25.0KHz,0,CO Garfield Carbondale Four Mil,0
340,146.88000,146.28000,0.60000,-RPT,FM,SNUwhea,TONE ENC,100.0 Hz,023,1500 Hz,HIGH,OFF,25.0KHz,0,WY Platte Wheatland WA7SNU GPAR,0
341,449.62500,444.62500,5.00000,-RPT,FM,SNUwhea,TONE ENC,151.4 Hz,023,1500 Hz,HIGH,OFF,25.0KHz,0,WY Platte Wheatland WA7SNU 449.,0
342,449.85000,444.85000,5.00000,-RPT,FM,HNDglen,TONE ENC,131.8 Hz,023,1500 Hz,HIGH,OFF,25.0KHz,0,CO Garfield Glenwood Springs Lo,0
343,447.20000,442.20000,5.00000,-RPT,FM,HNDmont,TONE ENC,107.2 Hz,023,1500 Hz,HIGH,OFF,25.0KHz,0,CO Montrose Montrose Waterdog P,0
344,449.80000,444.80000,5.00000,-RPT,FM,HNDpara,TONE ENC,107.2 Hz,023,1500 Hz,HIGH,OFF,25.0KHz,0,CO Garfield Parachute Mount Cal,0
345,449.30000,444.30000,5.00000,-RPT,FM,HNDgran,TONE ENC,107.2 Hz,023,1500 Hz,HIGH,OFF,25.0KHz,0,CO Mesa Grand Junction Grand Me,0
346,449.57500,444.57500,5.00000,-RPT,FM,HNDgran,TONE ENC,131.8 Hz,023,1500 Hz,HIGH,OFF,25.0KHz,0,CO Mesa Grand Junction Black Ri,0
347,447.60000,442.60000,5.00000,-RPT,FM,I0Gglen,OFF,100.0 Hz,023,1500 Hz,HIGH,OFF,25.0KHz,0,CO Garfield Glenwood Springs KI,0
348,146.88000,146.28000,0.60000,-RPT,FM,I0Gglen,TONE ENC,107.2 Hz,023,1500 Hz,HIGH,OFF,25.0KHz,0,CO Garfield Glenwood Springs Su,0
349,447.10000,442.10000,5.00000,-RPT,FM,I0Gglen,TONE ENC,107.2 Hz,023,1500 Hz,HIGH,OFF,25.0KHz,0,CO Garfield Glenwood Springs Su,0
350,147.37500,147.97500,0.60000,+RPT,FM,0BVtrin,TONE ENC,100.0 Hz,023,1500 Hz,HIGH,OFF,25.0KHz,0,CO Las Animas Trinidad Raton Pa,0
351,447.37500,442.37500,5.00000,-RPT,FM,5JLtrin,TONE ENC,100.0 Hz,023,1500 Hz,HIGH,OFF,25.0KHz,0,CO Las Animas Trinidad Raton Pa,0
352,449.60000,444.60000,5.00000,-RPT,FM,XLIglen,TONE ENC,107.2 Hz,023,1500 Hz,HIGH,OFF,25.0KHz,0,CO Garfield Glenwood Springs Su,0
353,446.77500,441.77500,5.00000,-RPT,FM,RDItrin,OFF,100.0 Hz,023,1500 Hz,HIGH,OFF,25.0KHz,0,CO Las Animas Trinidad Raton Pa,0
354,448.32500,443.32500,5.00000,-RPT,FM,JNQtorr,TONE ENC,151.4 Hz,023,1500 Hz,HIGH,OFF,25.0KHz,0,WY Goshen Torrington KD7JNQ 448,0
355,445.10000,445.10000,0.00000,OFF,FM,BQMmitc,TONE ENC,100.0 Hz,023,1500 Hz,HIGH,OFF,25.0KHz,0,NE Scotts Bluff Mitchell WD0BQM,0
356,145.47500,144.87500,0.60000,-RPT,FM,BQMscot,OFF,100.0 Hz,023,1500 Hz,HIGH,OFF,25.0KHz,0,NE Scotts Bluff Scottsbluff WD0,0
357,444.82500,449.82500,5.00000,+RPT,FM,KAVscot,OFF,100.0 Hz,023,1500 Hz,HIGH,OFF,25.0KHz,0,NE Scotts Bluff Scottsbluff W0K,0
358,147.24000,147.84000,0.60000,+RPT,FM,GCRrawl,TONE ENC,100.0 Hz,023,1500 Hz,HIGH,OFF,25.0KHz,0,WY Carbon Rawlins Elk Mountain ,0
359,146.44500,146.44500,0.00000,OFF,FM,G0Nscot,TONE ENC,88.5 Hz,023,1500 Hz,HIGH,OFF,25.0KHz,0,NE Scotts Bluff Scottsbluff AG0,0
360,146.92500,146.32500,0.60000,-RPT,FM,0JScree,OFF,100.0 Hz,023,1500 Hz,HIGH,OFF,25.0KHz,0,CO Mineral Creede WA0JS Creede ,0
361,146.61000,146.01000,0.60000,-RPT,FM,0HHlama,TONE ENC,123.0 Hz,023,1500 Hz,HIGH,OFF,25.0KHz,0,CO Prowers Lamar KC0HH Lamar Am,0
362,449.50000,444.50000,5.00000,-RPT,FM,0HHlama,TONE ENC,123.0 Hz,023,1500 Hz,HIGH,OFF,25.0KHz,0,CO Prowers Lamar KC0HH Lamar AR,0
363,146.95500,146.35500,0.60000,-RPT,FM,JUNholy,OFF,100.0 Hz,023,1500 Hz,HIGH,OFF,25.0KHz,0,CO Phillips Holyoke N0JUN PCARC,0
364,145.26500,144.66500,0.60000,-RPT,FM,HAMcrai,TONE ENC,107.2 Hz,023,1500 Hz,HIGH,OFF,25.0KHz,0,CO Moffat Craig WD0HAM NW Color,0
365,147.33000,147.93000,0.60000,+RPT,FM,0MRpaon,TONE ENC,107.2 Hz,023,1500 Hz,HIGH,OFF,25.0KHz,0,CO Delta Paonia KI0MR North For,0
366,449.52500,444.52500,5.00000,-RPT,FM,PKTcree,TONE ENC,100.0 Hz,023,1500 Hz,HIGH,OFF,25.0KHz,0,CO Mineral Creede Bristol Head ,0
367,146.76000,146.16000,0.60000,-RPT,FM,SWErifl,TONE ENC,107.2 Hz,023,1500 Hz,HIGH,OFF,25.0KHz,0,CO Garfield Rifle N0SWE N0SWE R,0
368,145.25000,144.65000,0.60000,-RPT,FM,PFOredr,TONE ENC,123.0 Hz,023,1500 Hz,HIGH,OFF,25.0KHz,0,NM Taos Red River Valle Vidal K,0
369,146.76000,146.16000,0.60000,-RPT,FM,PFOtres,TONE ENC,67.0 Hz,023,1500 Hz,HIGH,OFF,25.0KHz,0,NM Rio Arriba Tres Piedras San ,0
370,145.39000,144.79000,0.60000,-RPT,FM,PFOredr,TONE ENC,100.0 Hz,023,1500 Hz,HIGH,OFF,25.0KHz,0,NM Taos Red River Molycorp KF5P,0
371,146.76000,146.16000,0.60000,-RPT,FM,PFOtres,TONE ENC,67.0 Hz,023,1500 Hz,HIGH,OFF,25.0KHz,0,NM Taos Tres Piedras San Antoni,0
372,147.12000,147.72000,0.60000,+RPT,FM,PFOtaos,TONE ENC,67.0 Hz,023,1500 Hz,HIGH,OFF,25.0KHz,0,NM Taos Taos Picuris Peak KF5PF,0
373,449.87500,444.87500,5.00000,-RPT,FM,PFOtaos,TONE ENC,123.0 Hz,023,1500 Hz,HIGH,OFF,25.0KHz,0,NM Taos Taos Picuris Peak KF5PF,0
374,147.13500,146.53500,0.60000,-RPT,FM,ITSlake,TONE ENC,123.0 Hz,023,1500 Hz,HIGH,OFF,25.0KHz,0,CO Hinsdale Lake City Hill 71 K,0
375,147.27000,147.87000,0.60000,+RPT,FM,ITSoura,TONE ENC,127.3 Hz,023,1500 Hz,HIGH,OFF,25.0KHz,0,CO Ouray Ouray Engineer Mountai,0
376,147.37500,147.97500,0.60000,+RPT,FM,ITSsilv,TONE ENC,156.7 Hz,023,1500 Hz,HIGH,OFF,25.0KHz,0,CO San Juan Silverton Kendall M,0
377,447.52500,442.52500,5.00000,-RPT,FM,ITSsilv,TONE ENC,127.3 Hz,023,1500 Hz,HIGH,OFF,25.0KHz,0,CO San Juan Silverton KB5ITS KB,0
378,145.32500,144.72500,0.60000,-RPT,FM,ITSsilv,TONE ENC,127.3 Hz,023,1500 Hz,HIGH,OFF,25.0KHz,0,CO San Juan Silverton Buffalo B,0
379,444.00000,449.00000,5.00000,+RPT,FM,ITSsilv,TONE ENC,67.0 Hz,023,1500 Hz,HIGH,OFF,25.0KHz,0,CO San Juan Silverton Hazelton ,0
380,147.15000,147.75000,0.60000,+RPT,FM,ITSigna,TONE ENC,100.0 Hz,023,1500 Hz,HIGH,OFF,25.0KHz,0,CO La Plata Ignacio Spring Cree,0
381,147.13500,147.73500,0.60000,+RPT,FM,ITSdura,TONE ENC,100.0 Hz,023,1500 Hz,HIGH,OFF,25.0KHz,0,CO La Plata Durango Smelter Mou,0
382,147.36000,147.96000,0.60000,+RPT,FM,ITSnava,TONE ENC,100.0 Hz,023,1500 Hz,HIGH,OFF,25.0KHz,0,NM San Juan Navajo Dam Navajo L,0
383,442.37500,447.37500,5.00000,+RPT,FM,ITSmanc,TONE ENC,100.0 Hz,023,1500 Hz,HIGH,OFF,25.0KHz,0,CO Montezuma Mancos Caviness Mo,0
384,145.32500,144.72500,0.60000,-RPT,FM,ITSmanc,TONE ENC,100.0 Hz,023,1500 Hz,HIGH,OFF,25.0KHz,0,CO Montezuma Mancos Menefee Mou,0
385,447.45000,442.45000,5.00000,-RPT,FM,ITSazte,TONE ENC,107.2 Hz,023,1500 Hz,HIGH,OFF,25.0KHz,0,NM San Juan Aztec KB5ITS KB5ITS,0
386,146.88000,146.28000,0.60000,-RPT,FM,ITSazte,TONE ENC,100.0 Hz,023,1500 Hz,HIGH,OFF,25.0KHz,0,NM San Juan Aztec Tank Mtn KB5I,0
387,147.10000,147.70000,0.60000,+RPT,FM,ITSbloo,TONE ENC,100.0 Hz,023,1500 Hz,HIGH,OFF,25.0KHz,0,NM San Juan Bloomfield Harris m,0
388,145.19000,144.59000,0.60000,-RPT,FM,ITSdolo,TONE ENC,100.0 Hz,023,1500 Hz,HIGH,OFF,25.0KHz,0,CO Montezuma Dolores Summit Rid,0
389,447.27500,442.27500,5.00000,-RPT,FM,ITSdolo,TONE ENC,100.0 Hz,023,1500 Hz,HIGH,OFF,25.0KHz,0,CO Montezuma Dolores Summit Rid,0
390,448.65000,443.65000,5.00000,-RPT,FM,ITSbloo,TONE ENC,127.3 Hz,023,1500 Hz,HIGH,OFF,25.0KHz,0,NM San Juan Bloomfield KB5ITS 4,0
391,146.76000,146.16000,0.60000,-RPT,FM,ITSfarm,TONE ENC,100.0 Hz,023,1500 Hz,HIGH,OFF,25.0KHz,0,NM San Juan Farmington KB5ITS 1,0
392,147.00000,147.60000,0.60000,+RPT,FM,ITSfarm,TONE ENC,100.0 Hz,023,1500 Hz,HIGH,OFF,25.0KHz,0,NM San Juan Farmington KB5ITS 1,0
393,145.25000,144.65000,0.60000,-RPT,FM,ITSluka,TONE ENC,100.0 Hz,023,1500 Hz,HIGH,OFF,25.0KHz,0,AZ Apache Lukachukai Roof Butte,0
394,147.22000,147.82000,0.60000,+RPT,FM,5MLtres,TONE ENC,100.0 Hz,023,1500 Hz,HIGH,OFF,25.0KHz,0,NM Rio Arriba Tres Piedras San ,0
395,444.35000,449.35000,5.00000,+RPT,FM,5MLeagl,TONE ENC,100.0 Hz,023,1500 Hz,HIGH,OFF,25.0KHz,0,NM Colfax Eagle Nest Iron Mount,0
396,147.14000,147.74000,0.60000,+RPT,FM,5MLtaos,TONE ENC,67.0 Hz,023,1500 Hz,HIGH,OFF,25.0KHz,0,NM Taos Taos Ski Valley NM5ML T,0
397,147.28000,147.88000,0.60000,+RPT,FM,5MLbloo,TONE ENC,67.0 Hz,023,1500 Hz,HIGH,OFF,25.0KHz,0,NM San Juan Bloomfield Harris M,0
398,147.04000,147.64000,0.60000,+RPT,FM,5EMeagl,TONE ENC,141.3 Hz,023,1500 Hz,HIGH,OFF,25.0KHz,0,NM Colfax Eagle Nest Touch Me N,0
399,145.17500,144.57500,0.60000,-RPT,FM,5EMtres,TONE ENC,141.3 Hz,023,1500 Hz,HIGH,OFF,25.0KHz,0,NM Taos Tres Piedras San Antoni,0
400,147.04000,147.64000,0.60000,+RPT,FM,5EMabiq,TONE ENC,141.3 Hz,023,1500 Hz,HIGH,OFF,25.0KHz,0,NM Rio Arriba Abiquiu Cerro Pel,0
401,449.50000,444.50000,5.00000,-RPT,FM,0SWcoll,TONE ENC,107.2 Hz,023,1500 Hz,HIGH,OFF,25.0KHz,0,CO Mesa Collbran KB0SW Grand Me,0
402,449.00000,444.00000,5.00000,-RPT,FM,0SWgran,OFF,100.0 Hz,023,1500 Hz,HIGH,OFF,25.0KHz,0,CO Mesa Grand Junction KB0SW KB,0
403,447.00000,442.00000,5.00000,-RPT,FM,0SWloma,TONE ENC,107.2 Hz,023,1500 Hz,HIGH,OFF,25.0KHz,0,CO Garfield Loma Baxter Pass KB,0
404,444.97500,449.97500,5.00000,+RPT,FM,TSVtaos,TONE ENC,123.0 Hz,023,1500 Hz,HIGH,OFF,25.0KHz,0,NM Taos Taos Wheeler Peak N5TSV,0
405,147.36000,147.96000,0.60000,+RPT,FM,ALCceda,TONE ENC,100.0 Hz,023,1500 Hz,HIGH,OFF,25.0KHz,0,CO Delta Cedaredge W0ALC W0ALC ,0
406,449.82500,444.82500,5.00000,-RPT,FM,ALCceda,TONE ENC,100.0 Hz,023,1500 Hz,HIGH,OFF,25.0KHz,0,CO Delta Cedaredge W0ALC W0ALC ,0
407,147.19500,147.79500,0.60000,+RPT,FM,QXXceda,TONE ENC,107.2 Hz,023,1500 Hz,HIGH,OFF,25.0KHz,0,CO Delta Cedaredge Cedar Mesa K,0
408,145.21000,144.61000,0.60000,-RPT,FM,GDRcima,TONE ENC,110.9 Hz,023,1500 Hz,HIGH,OFF,25.0KHz,0,NM Colfax Cimarron N5GDR Gary R,0
409,146.76000,146.16000,0.60000,-RPT,FM,OZUrawl,TONE ENC,100.0 Hz,023,1500 Hz,HIGH,OFF,25.0KHz,0,WY Carbon Rawlins KC7OZU CCARS ,0
410,147.39000,147.99000,0.60000,+RPT,FM,7BNrawl,TONE ENC,100.0 Hz,023,1500 Hz,HIGH,OFF,25.0KHz,0,WY Carbon Rawlins KD7BN HERC N7,0
411,146.70000,146.10000,0.60000,-RPT,FM,RONrawl,TONE ENC,162.2 Hz,023,1500 Hz,HIGH,OFF,25.0KHz,0,WY Carbon Rawlins N7RON 146.7 O,0
412,449.80000,444.80000,5.00000,-RPT,FM,RONrawl,TONE ENC,146.2 Hz,023,1500 Hz,HIGH,OFF,25.0KHz,0,WY Carbon Rawlins N7RON Wyocomm,0
413,448.30000,443.30000,5.00000,-RPT,FM,7SUrawl,TONE ENC,100.0 Hz,023,1500 Hz,HIGH,OFF,25.0KHz,0,WY Carbon Rawlins KD7SU 448.3 O,0
414,146.91000,146.31000,0.60000,-RPT,FM,UUXmont,TONE ENC,107.2 Hz,023,1500 Hz,HIGH,OFF,25.0KHz,0,CO Montrose Montrose KC0UUX 146,0
415,146.79000,146.19000,0.60000,-RPT,FM,OPDmont,TONE ENC,107.2 Hz,023,1500 Hz,HIGH,OFF,25.0KHz,0,CO Montrose Montrose KD5OPD KC0,0
416,147.01500,147.61500,0.60000,+RPT,FM,VHZalli,OFF,100.0 Hz,023,1500 Hz,HIGH,OFF,25.0KHz,0,NE Box Butte Alliance N2VHZ N2V,0
417,147.08000,147.68000,0.60000,+RPT,FM,5SFcham,TONE ENC,162.2 Hz,023,1500 Hz,HIGH,OFF,25.0KHz,0,NM Rio Arriba Chama Overlook Mt,0
418,147.34000,147.94000,0.60000,+RPT,FM,LEMange,TONE ENC,100.0 Hz,023,1500 Hz,HIGH,OFF,25.0KHz,0,NM Colfax Angel Fire Agua Fria ,0
419,146.61000,146.01000,0.60000,-RPT,FM,JSPpago,TONE ENC,123.0 Hz,023,1500 Hz,HIGH,OFF,25.0KHz,0,CO Archuleta Pagosa Springs Oak,0
420,442.17500,447.17500,5.00000,+RPT,FM,WPMtrib,TONE ENC,156.7 Hz,023,1500 Hz,HIGH,OFF,25.0KHz,0,KS Greeley Tribune K0WPM WKARC ,0
421,446.91250,441.91250,5.00000,-RPT,FM,0BXgran,OFF,100.0 Hz,023,1500 Hz,HIGH,OFF,25.0KHz,0,CO Mesa Grand Junction Grand Me,0
422,147.15000,147.75000,0.60000,+RPT,FM,7BAdoug,OFF,100.0 Hz,023,1500 Hz,HIGH,OFF,25.0KHz,0,WY Converse Douglas KK7BA 147.1,0
423,444.60000,449.60000,5.00000,+RPT,FM,VJRwall,TONE ENC,146.2 Hz,023,1500 Hz,HIGH,OFF,25.0KHz,0,KS Wallace Wallace WA0VJR WA0VJ,0
424,145.46000,144.86000,0.60000,-RPT,FM,PLAcasp,TONE ENC,110.9 Hz,023,1500 Hz,HIGH,OFF,25.0KHz,0,WY Natrona Casper Casper Mounta,0
425,145.43000,144.83000,0.60000,-RPT,FM,5SJdulc,TONE ENC,136.5 Hz,023,1500 Hz,HIGH,OFF,25.0KHz,0,NM Rio Arriba Dulce NM5SJ SJC E,0
426,147.06000,147.66000,0.60000,+RPT,FM,5SJnebo,TONE ENC,100.0 Hz,023,1500 Hz,HIGH,OFF,25.0KHz,0,NM San Juan Nebo Cedar Hill NM5,0
427,146.74000,146.14000,0.60000,-RPT,FM,5SJazte,TONE ENC,100.0 Hz,023,1500 Hz,HIGH,OFF,25.0KHz,0,NM San Juan Aztec NM5SJ Totah A,0
428,145.49000,144.89000,0.60000,-RPT,FM,5SJlybr,TONE ENC,100.0 Hz,023,1500 Hz,HIGH,OFF,25.0KHz,0,NM Rio Arriba Lybrook NM5SJ Tot,0
429,146.82000,146.22000,0.60000,-RPT,FM,5SJluka,TONE ENC,100.0 Hz,023,1500 Hz,HIGH,OFF,25.0KHz,0,AZ Apache Lukachukai Roof Butte,0
430,146.94000,146.34000,0.60000,-RPT,FM,VNJcasp,TONE ENC,123.0 Hz,023,1500 Hz,HIGH,OFF,25.0KHz,0,WY Natrona Casper Casper Mounta,0
431,449.57500,444.57500,5.00000,-RPT,FM,VNJcasp,TONE ENC,173.8 Hz,023,1500 Hz,HIGH,OFF,25.0KHz,0,WY Natrona Casper Wyoming Med C,0
432,147.28000,147.88000,0.60000,+RPT,FM,VNJcasp,DCS,100.0 Hz,032,1500 Hz,HIGH,OFF,25.0KHz,0,WY Natrona Casper W7VNJ Casper ,0
433,146.64000,146.04000,0.60000,-RPT,FM,AGAcasp,TONE ENC,173.8 Hz,023,1500 Hz,HIGH,OFF,25.0KHz,0,WY Natrona Casper Casper Mounta,0
434,449.90000,444.90000,5.00000,-RPT,FM,RRBcasp,OFF,100.0 Hz,023,1500 Hz,HIGH,OFF,25.0KHz,0,WY Natrona Casper Casper Mounta,0
435,444.00000,449.00000,5.00000,+RPT,FM,ECTsyra,TONE ENC,141.3 Hz,023,1500 Hz,HIGH,OFF,25.0KHz,0,KS Hamilton Syracuse K0ECT SKEC,0
436,449.50000,444.50000,5.00000,-RPT,FM,B7Icasp,TONE ENC,100.0 Hz,023,1500 Hz,HIGH,OFF,25.0KHz,0,WY Natrona Casper Casper Mtn. N,0
437,147.27000,147.87000,0.60000,+RPT,FM,ITTsilv,TONE ENC,127.3 Hz,023,1500 Hz,HIGH,OFF,25.0KHz,0,CO San Juan Silverton Engineer ,0
438,146.76000,146.16000,0.60000,-RPT,FM,UGOogal,TONE ENC,123.0 Hz,023,1500 Hz,HIGH,OFF,25.0KHz,0,NE Keith Ogallala N0UGO Charlie,0
439,449.10000,444.10000,5.00000,-RPT,FM,G7Tcasp,OFF,100.0 Hz,023,1500 Hz,HIGH,OFF,25.0KHz,0,WY Natrona Casper NG7T NG7T 449,0
440,147.34500,147.94500,0.60000,+RPT,FM,MJIcasp,OFF,100.0 Hz,023,1500 Hz,HIGH,OFF,25.0KHz,0,WY Natrona Casper KC7MJI 147.34,0
441,146.91000,146.31000,0.60000,-RPT,FM,7GTcasp,OFF,100.0 Hz,023,1500 Hz,HIGH,OFF,25.0KHz,0,WY Natrona Casper N7GT 146.91 O,0
442,146.77500,146.17500,0.60000,-RPT,FM,TAOsyra,OFF,100.0 Hz,023,1500 Hz,HIGH,OFF,25.0KHz,0,KS Hamilton Syracuse KA0TAO KA0,0
443,147.18000,147.78000,0.60000,+RPT,FM,5PXdixo,TONE ENC,100.0 Hz,023,1500 Hz,HIGH,OFF,25.0KHz,0,NM Rio Arriba Dixon Cerro Abajo,0
444,147.36000,147.96000,0.60000,+RPT,FM,FLOchad,TONE ENC,123.0 Hz,023,1500 Hz,HIGH,OFF,25.0KHz,0,NE Dawes Chadron Nebraska Natio,0
445,145.62000,145.62000,0.00000,OFF,FM,FLOchad,TONE ENC,100.0 Hz,023,1500 Hz,HIGH,OFF,25.0KHz,0,NE Dawes Chadron W0FLO Pine Rid,0
446,146.70000,146.10000,0.60000,-RPT,FM,0EPdura,TONE ENC,100.0 Hz,023,1500 Hz,HIGH,OFF,25.0KHz,0,CO La Plata Durango Missionary ,0
447,449.85000,444.85000,5.00000,-RPT,FM,0EPdura,TONE ENC,100.0 Hz,023,1500 Hz,HIGH,OFF,25.0KHz,0,CO La Plata Durango K0EP DARC 4,0
448,146.67000,146.07000,0.60000,-RPT,FM,0EPdura,TONE ENC,100.0 Hz,023,1500 Hz,HIGH,OFF,25.0KHz,0,CO La Plata Durango Eagle Pass ,0
449,145.17500,144.57500,0.60000,-RPT,FM,RRZgran,TONE ENC,107.2 Hz,023,1500 Hz,HIGH,OFF,25.0KHz,0,CO Mesa Grand Junction GJT W0RR,0
450,146.94000,146.34000,0.60000,-RPT,FM,RRZgran,TONE ENC,107.2 Hz,023,1500 Hz,HIGH,OFF,25.0KHz,0,CO Mesa Grand Junction Black Ri,0
451,448.15000,443.15000,5.00000,-RPT,FM,GJTgran,TONE ENC,100.0 Hz,023,1500 Hz,HIGH,OFF,25.0KHz,0,CO Mesa Grand Junction W0GJT 44,0
452,146.82000,146.22000,0.60000,-RPT,FM,GJTgran,TONE ENC,107.2 Hz,023,1500 Hz,HIGH,OFF,25.0KHz,0,CO Mesa Grand Junction W0GJT 14,0
453,147.39000,147.99000,0.60000,+RPT,FM,0TYgran,TONE ENC,107.2 Hz,023,1500 Hz,HIGH,OFF,25.0KHz,0,CO Mesa Grand Junction KE0TY KE,0
454,145.22000,144.62000,0.60000,-RPT,FM,0TYgran,TONE ENC,107.2 Hz,023,1500 Hz,HIGH,OFF,25.0KHz,0,CO Mesa Grand Junction KE0TY KE,0
455,147.10500,147.70500,0.60000,+RPT,FM,SSIgran,OFF,100.0 Hz,023,1500 Hz,HIGH,OFF,25.0KHz,0,CO Mesa Grand Junction K0SSI K0,0
456,446.77500,441.77500,5.00000,-RPT,FM,REDgran,OFF,100.0 Hz,023,1500 Hz,HIGH,OFF,25.0KHz,0,CO Mesa Grand Junction KD0RED 4,0
457,449.77500,444.77500,5.00000,-RPT,FM,SMZgran,TONE ENC,173.8 Hz,023,1500 Hz,HIGH,OFF,25.0KHz,0,CO Mesa Grand Junction KD0SMZ 4,0
458,447.50000,442.50000,5.00000,-RPT,FM,ARVgran,TONE ENC,114.8 Hz,023,1500 Hz,HIGH,OFF,25.0KHz,0,CO Mesa Grand Junction KC0ARV K,0
459,448.62500,443.62500,5.00000,-RPT,FM,EVEdura,TONE ENC,131.8 Hz,023,1500 Hz,HIGH,OFF,25.0KHz,0,CO La Plata Durango KC5EVE KC5E,0
460,444.75000,449.75000,5.00000,+RPT,FM,V8Qcolb,TONE ENC,162.2 Hz,023,1500 Hz,HIGH,OFF,25.0KHz,0,KS Thomas Colby K-Link NV8Q K-L,0
461,145.37000,144.77000,0.60000,-RPT,FM,VIUhesp,TONE ENC,100.0 Hz,023,1500 Hz,HIGH,OFF,25.0KHz,0,CO La Plata Hesperus KB0VIU 145,0
462,146.98500,146.38500,0.60000,-RPT,FM,OMClaki,TONE ENC,156.7 Hz,023,1500 Hz,HIGH,OFF,25.0KHz,0,KS Kearney Lakin N0OMC N0OMC 14,0
463,146.47500,146.47500,0.00000,OFF,FM,FUIhots,TONE ENC,146.2 Hz,023,1500 Hz,HIGH,OFF,25.0KHz,0,SD Fall River Hot Springs W0FUI,0
464,146.70000,146.10000,0.60000,-RPT,FM,0HShots,TONE ENC,146.2 Hz,023,1500 Hz,HIGH,OFF,25.0KHz,0,SD Fall River Hot Springs Battl,0
465,446.73750,441.73750,5.00000,-RPT,FM,UBJmanc,OFF,100.0 Hz,023,1500 Hz,HIGH,OFF,25.0KHz,0,CO Montezuma Mancos Caviness Mo,0
466,442.25000,447.25000,5.00000,+RPT,FM,UBJazte,OFF,100.0 Hz,023,1500 Hz,HIGH,OFF,25.0KHz,0,NM San Juan Aztec N5UBJ 442.25 ,0
467,442.32500,447.32500,5.00000,+RPT,FM,UBJfarm,OFF,100.0 Hz,023,1500 Hz,HIGH,OFF,25.0KHz,0,NM San Juan Farmington N5UBJ 44,0
468,146.67000,146.07000,0.60000,-RPT,FM,UVPgord,OFF,100.0 Hz,023,1500 Hz,HIGH,OFF,25.0KHz,0,NE Sheridan Gordon N0UVP SHARC ,0
469,145.11500,144.51500,0.60000,-RPT,FM,VBEfarm,OFF,100.0 Hz,023,1500 Hz,HIGH,OFF,25.0KHz,0,NM San Juan Farmington KF5VBE 1,0
470,146.92000,146.32000,0.60000,-RPT,FM,WXIbloo,TONE ENC,100.0 Hz,023,1500 Hz,HIGH,OFF,25.0KHz,0,NM San Juan Bloomfield K5WXI Sa,0
471,146.85000,146.25000,0.60000,-RPT,FM,WXIfarm,TONE ENC,100.0 Hz,023,1500 Hz,HIGH,OFF,25.0KHz,0,NM San Juan Farmington K5WXI To,0
472,449.70000,444.70000,5.00000,-RPT,FM,BYUvern,TONE ENC,136.5 Hz,023,1500 Hz,HIGH,OFF,25.0KHz,0,UT Uintah Vernal W7BYU W7BYU 44,0
473,146.92000,146.32000,0.60000,-RPT,FM,BYUroos,TONE ENC,136.5 Hz,023,1500 Hz,HIGH,OFF,25.0KHz,0,UT Duchesne Roosevelt W7BYU 146,0
474,145.49000,144.89000,0.60000,-RPT,FM,BYUmyto,TONE ENC,136.5 Hz,023,1500 Hz,HIGH,OFF,25.0KHz,0,UT Duchesne Myton Flat Top W7BY,0
475,147.10000,147.70000,0.60000,+RPT,FM,BARvern,TONE ENC,136.5 Hz,023,1500 Hz,HIGH,OFF,25.0KHz,0,UT Uintah Vernal Blue Mountain ,0
476,449.90000,444.90000,5.00000,-RPT,FM,BARvern,TONE ENC,136.5 Hz,023,1500 Hz,HIGH,OFF,25.0KHz,0,UT Uintah Vernal Uintah County ,0
477,147.04000,147.64000,0.60000,+RPT,FM,BARvern,TONE ENC,136.5 Hz,023,1500 Hz,HIGH,OFF,25.0KHz,0,UT Uintah Vernal Grizzly Ridge ,0
478,146.79000,146.19000,0.60000,-RPT,FM,LWUcort,TONE ENC,127.3 Hz,023,1500 Hz,HIGH,OFF,25.0KHz,0,CO Montezuma Cortez Downtown KD,0
479,449.17500,444.17500,5.00000,-RPT,FM,LWUcort,TONE ENC,127.3 Hz,023,1500 Hz,HIGH,OFF,25.0KHz,0,CO Montezuma Cortez KD5LWU KD5L,0
480,449.00000,444.00000,5.00000,-RPT,FM,5WYfarm,TONE ENC,100.0 Hz,023,1500 Hz,HIGH,OFF,25.0KHz,0,NM San Juan Farmington K5WY K5W,0
481,444.15000,449.15000,5.00000,+RPT,FM,VBFfarm,OFF,100.0 Hz,023,1500 Hz,HIGH,OFF,25.0KHz,0,NM San Juan Farmington KF5VBF S,0
482,146.76000,146.16000,0.60000,-RPT,FM,QEQmoab,TONE ENC,88.5 Hz,023,1500 Hz,HIGH,OFF,25.0KHz,0,UT Grand Moab Bald Mesa K7QEQ S,0
483,449.10000,444.10000,5.00000,-RPT,FM,QEQmoab,TONE ENC,107.2 Hz,023,1500 Hz,HIGH,OFF,25.0KHz,0,UT Grand Moab Bald Mesa K7QEQ G,0
484,146.90000,146.30000,0.60000,-RPT,FM,QEQmoab,TONE ENC,88.5 Hz,023,1500 Hz,HIGH,OFF,25.0KHz,0,UT Grand Moab K7QEQ Sinbad Dese,0
485,447.10000,442.10000,5.00000,-RPT,FM,QEQmont,TONE ENC,107.2 Hz,023,1500 Hz,HIGH,OFF,25.0KHz,0,UT San Juan Monticello Abajo Pe,0
486,447.40000,442.40000,5.00000,-RPT,FM,QEQmont,OFF,100.0 Hz,023,1500 Hz,HIGH,OFF,25.0KHz,0,UT San Juan Monticello Abajo Pe,0
487,146.94000,146.34000,0.60000,-RPT,FM,Y7Urock,TONE ENC,100.0 Hz,023,1500 Hz,HIGH,OFF,25.0KHz,0,WY Sweetwater Rock Springs Aspe,0
488,146.61000,146.01000,0.60000,-RPT,FM,RUGrock,TONE ENC,100.0 Hz,023,1500 Hz,HIGH,OFF,25.0KHz,0,WY Sweetwater Rock Springs Aspe,0
489,145.49000,144.89000,0.60000,-RPT,FM,HENvern,TONE ENC,136.5 Hz,023,1500 Hz,HIGH,OFF,25.0KHz,0,UT Uintah Vernal Grizzly Ridge ,0
490,147.16000,147.76000,0.60000,+RPT,FM,HENhebe,TONE ENC,136.5 Hz,023,1500 Hz,HIGH,OFF,25.0KHz,0,UT Wasatch Heber City Strawberr,0
491,147.24000,147.84000,0.60000,+RPT,FM,HENcoal,TONE ENC,136.5 Hz,023,1500 Hz,HIGH,OFF,25.0KHz,0,UT Summit Coalville Lewis Peak ,0
492,145.44500,144.84500,0.60000,-RPT,FM,PPPland,TONE ENC,110.9 Hz,023,1500 Hz,HIGH,OFF,25.0KHz,0,WY Fremont Lander airport KD7PP,0
493,147.30000,147.90000,0.60000,+RPT,FM,PJKrock,OFF,100.0 Hz,023,1500 Hz,HIGH,OFF,25.0KHz,0,WY Sweetwater Rock Springs KA7P,0
494,146.65500,146.05500,0.60000,-RPT,FM,UUJrock,TONE ENC,107.2 Hz,023,1500 Hz,HIGH,OFF,25.0KHz,0,WY Sweetwater Rock Springs Aspe,0
495,448.87500,443.87500,5.00000,-RPT,FM,OBLrock,TONE ENC,123.0 Hz,023,1500 Hz,HIGH,OFF,25.0KHz,0,WY Sweetwater Rock Springs KF7O,0
496,444.50000,449.50000,5.00000,+RPT,FM,ABCrock,TONE ENC,123.0 Hz,023,1500 Hz,HIGH,OFF,25.0KHz,0,WY Sweetwater Rock Springs N7AB,0
497,449.90000,444.90000,5.00000,-RPT,FM,HYFland,DCS,100.0 Hz,261,1500 Hz,HIGH,OFF,25.0KHz,0,WY Fremont Lander Limestone Mou,0
498,449.97500,444.97500,5.00000,-RPT,FM,HYFrive,TONE ENC,127.3 Hz,023,1500 Hz,HIGH,OFF,25.0KHz,0,WY Fremont Riverton Griffy Hill,0
499,147.06000,147.66000,0.60000,+RPT,FM,HYFboys,DCS,100.0 Hz,261,1500 Hz,HIGH,OFF,25.0KHz,0,WY Fremont Boysen Boysen Peak N,0
500,145.11500,144.51500,0.60000,-RPT,FM,FOPrive,TONE ENC,100.0 Hz,023,1500 Hz,HIGH,OFF,25.0KHz,0,WY Fremont Riverton Griffey Hil,0
