Frequency,Offset,Tone,Call,Location,ST/PR,Use,VOIP,DGTL,Mi,Dir,,state_id,ID,Latitude,Longitude,Downlink,Uplink,Uplink Tone,Downlink Tone,County,Op Status,Sponsor,EchoLink,AllStar,Nets,Coordination,Last update,Web links,DMR Enabled,Color Code,DMR ID,IPSC Network,Wide Network,Talkgroups,Rocky Mountain Wide,Southern Colorado,Notes,Grid,Coverage,Features,Links,Affiliate,D-STAR Enabled,Node,Sources,Talkgroup Network,Worldwide,North America,English,Europe,TAC 310,DCI Bridge,Southwest USA,On-air,IRLP,Commands,Mixed-Mode,YSF Digital Enabled,DG-ID,Bandwidth,P-25 Digital Enabled,NAC,Default Reflector,Location Photo,Central Regional,Northern Colorado Regional,Feed
146.79,-0.6,127.3,KD5LWU,"Cortez, Downtown",CO,OPEN,EA,,0.05,ESE,Node Offline,08,61,37.3489,-108.585,146.79,146.19,127.3,127.3,Montezuma,On-Air,KD5LWU,24336,29317,4,CCARC,2015-04-30,,,,,,,,,,,,,,,,,,,,,,,,,,,,,,,,,,,,,,,,
449.175,-5,127.3,KD5LWU,Cortez,CO,OPEN,E,,0.05,ESE,Node Offline,08,62,37.34889984,-108.58499908,449.175,444.175,127.3,,Montezuma,Off-Air,KD5LWU,24336,,,CCARC,2014-06-30,,,,,,,,,,,,,,,,,,,,,,,,,,,,,,,,,,,,,,,,
145.19,-0.6,100,KB5ITS,"Cortez, Goodman",CO,OPEN,,,9.71,NNE,,08,16606,37.4739,-108.505,145.19,144.59,100,,Montezuma,On-Air,,,,,CCARC,2018-01-15,http://www.sjcham.com,,,,,,,,,,,,,,,,,,,,,,,,,,,,,,,,,,,,,,,
447.275,-5,100,KB5ITS,"Dolores, Summit Ridge",CO,OPEN,,,9.71,NNE,,08,16623,37.4739,-108.505,447.275,442.275,100,,Montezuma,On-Air,,,,,,2017-12-07,http://www.sjcham.com,,,,,,,,,,,,,,,,,,,,,,,,,,,,,,,,,,,,,,,
446.7375,-5,CC,N5UBJ,"Mancos, Caviness Mountain",CO,OPEN,,D,16.32,ESE,,08,15895,37.34500122,-108.28900146,446.7375,441.7375,,,Montezuma,On-Air,RMHAM,,,,CCARC,2019-11-27,http://www.rmham.org,yes,6,310826,RMHR c Record retrieved from radioid.net,yes,"Open Talkgroup View Assignment TS TG Access Rocky Mountain Wide 1 700 Southern Colorado 1 719 function myFunction(id) { var x = document.getElementById(id); if (x.className.indexOf(""w3-show"") == -1) { x.className += "" w3-show""; } else { x.className = x.className.replace("" w3-show"", """"); } }",1,1,Talkgroup 700 TS 1 Talkgroup 719 TS 2,,,,,,,,,,,,,,,,,,,,,,,,,,,,,,
145.325,-0.6,100,KB5ITS,"Mancos, Menefee Mountain",CO,OPEN,,,18.64,ESE,,08,8168,37.32600021,-108.2480011,145.325,144.725,100,,Montezuma,On-Air,,,,,CCARC,2018-01-15,http://www.sjcham.com,,,,,,,,,Full time to the San Juan Connection,DM57VH,Wide area.,E-power.,,,,,,,,,,,,,,,,,,,,,,,,,,,
442.375,5,100,KB5ITS,"Mancos, Caviness Mountain",CO,OPEN,,,23.96,ESE,,08,15896,37.36,-108.15,442.375,447.375,100,,Montezuma,On-Air,San Juan Connection,,,,,2017-11-30,,,,,,,,,,,,,,Full-time to the San Juan Connection System .,,,,,,,,,,,,,,,,,,,,,,,,,,
145.325,-0.6,,KB5ITS,"Mancos, Caviness",CO,OPEN,,,24.08,ESE,,08,18459,37.36460114,-108.14800262,145.325,144.725,,,Montezuma,On-Air,San Juan Connection,,,,,2020-01-12,http://www.sjcham.com,,,,,,,,,,,,,,,,,,,,,,,,,,,,,,,,,,,,,,,
145.37,-0.6,100,KB0VIU,Hesperus,CO,OPEN,,,30.85,ESE,,08,8169,37.3,-108.028,145.37,144.77,100,100,La Plata,On-Air,,,,,CCARC,2018-01-15,http://www.sjcham.com,,,,,,,,,,,,E-power.,,,,,,,,,,,,,,,,,,,,,,,,,,,
146.67,-0.6,100,K0EP,"Durango, Eagle Pass",CO,OPEN,,,31.85,ESE,,08,113,37.41529846,-108.01200104,146.67,146.07,100,100,La Plata,On-Air,Durango ARC,,,,CCARC,2019-04-01,DARC Repeaters,,,,,,,,,Linked active in the summer months only.,,Wide area.,11,"Part-time to 147.37500 (KB5ITS) at Silverton, Kendall Mountain, CO .",,,,,,,,,,,,,,,,,,,,,,,,,,
147.135,0.6,100,KB5ITS,"Durango, Smelter Mountain",CO,OPEN,,,37.85,ESE,,08,11545,37.2622,-107.906,147.135,147.735,100,100,La Plata,On-Air,,,,,CCARC,2018-01-15,http://www.sjcham.com,,,,,,,,,,,,,,,,,,,,,,,,,,,,,,,,,,,,,,,
449.85,-5,100,K0EP,Durango,CO,OPEN,,,39.13,ESE,,08,11546,37.27529907,-107.87999725,449.85,444.85,100,100,La Plata,On-Air,DARC,,,,CCARC,2018-09-26,,,,,,,,,,,,,,,,,,,,,,,,,,,,,,,,,,,,,,,,
448.625,-5,131.8,KC5EVE,Durango,CO,OPEN,,,39.19,ESE,,08,115,37.2753,-107.879,448.625,443.625,131.8,131.8,La Plata,On-Air,KC5EVE,,,,CCARC,2018-09-26,,,,,,,,,,,,Wide area.,,,,,,,,,,,,,,,,,,,,,,,,,,,,
445.1375,-5,CC,N0SZ,"Durango, Missionary Ridge",CO,OPEN,,D,44.01,ESE,,08,16782,37.3669,-107.785,445.1375,440.1375,,,La Plata,On-Air,K2AD,,,,CCARC,2018-09-27,http://www.rmham.org/,yes,7,310854,,yes,,,,Talkgroup 700 TS 1 Talkgroup 719 TS 2,,,,,Rocky Mountain Ham Radio,,,,,,,,,,,,,,,,,,,,,,,,,
146.7,-0.6,100,K0EP,"Durango, Missionary Ridge",CO,OPEN,,,44.43,ESE,,08,116,37.3828,-107.778,146.7,146.1,100,100,La Plata,On-Air,Durango ARC,,,,CCARC,2018-01-16,http://durangoarc.org/,,,,,,,,,,,Local.,9,,,,,,,,,,,,,,,,,,,,,,,,,,,
147.345,0.6,88.5,KB0VJJ,"Durango, Missionary Ridge",CO,OPEN,,,44.99,ESE,,08,114,37.35,-107.767,147.345,147.945,88.5,123,La Plata,On-Air,Colorado Connection,,,Central Colorado Traffic Net: Daily at 19:30. Colorado Connection Net (All Welcome): Thu at 20:00. Statewide ARES: Sun at 20:00.,CCARC,2016-06-20,,,,,,,,,,,,Durango and north towards Molas Divide.,,Full-time to the Colorado Connection System .,,,,,,,,,,,,,,,,,,,,,,,,,,
444.15,5,,KF5VBF,Farmington,NM,OPEN,,S,47.43,SSE,,35,15650,36.7281,-108.219,444.15,449.15,,,San Juan,On-Air,San Juan County,,,,,2018-02-02,,,,,,,,,,,,,DV only,,,yes,KF5VBF (B) Repeater,jfindu lookup / dstar-users lookup,,,,,,,,,,,,,,,,,,,,,,
442.325,5,CC,N5UBJ,Farmington,NM,OPEN,,D,47.43,SSE,2,35,12412,36.7281,-108.219,442.325,447.325,,,San Juan,On-Air,,,,,NMFCC,2018-01-19,http://www.aztrbonet.com/MinimalNetwatch,yes,1,313501,,yes,"Open Talkgroup View Assignment TS TG Access Worldwide 1 1 PTT North America 1 3 PTT English 1 13 Full-Time 2 Full-Time Europe 2 2 Full-Time TAC 310 2 310 PTT DCI Bridge 2 3100 PTT Southwest USA 2 3176 PTT function myFunction(id) { var x = document.getElementById(id); if (x.className.indexOf(""w3-show"") == -1) { x.className += "" w3-show""; } else { x.className = x.className.replace("" w3-show"", """"); } }",,,,,,AZ-TRBONET,,,,,,AZ-TrboNet,1,1,1,2,2,2,2,,,,,,,,,,,,,,
146.85,-0.6,100,K5WXI,Farmington,NM,OPEN,,,47.46,SSE,,35,85,36.7281,-108.218,146.85,146.25,100,100,San Juan,On-Air,Totah ARC,,,,NMFCC,,,,,,,,,,,,,,Closed autopatch.,,,,,,,,,,,,,,,,,,,,,,,,,,,
449,-5,100,K5WY,Farmington,NM,OPEN,,,47.46,SSE,,35,87,36.7281,-108.218,449,444,100,,San Juan,,K5WY,,,,NMFCC,,,,,,,,,,,,,,E-power.,,,,,,,,,,,,,,Unknown,,,,,,,,,,,,,
53.01,-1,131.8,KB5ITS,Farmington,NM,OPEN,,,47.46,SSE,,35,81,36.7281,-108.218,53.01,52.01,131.8,,San Juan,On-Air,KB5ITS,,,,NMFCC,2017-07-02,,,,,,,,,,,,,,,,,,,,,,,,,,,,,,,,,,,,,,,,
146.76,-0.6,100,KB5ITS,Farmington,NM,OPEN,,,47.46,SSE,,35,84,36.7281,-108.218,146.76,146.16,100,100,San Juan,On-Air,,,,,NMFCC,2018-01-15,http://www.sjcham.com,,,,,,,,,,,,"Closed autopatch, e-power.",Full-time to the San Juan Connection System .,,,,,,,,,,,,,,,,,,,,,,,,,,
147,0.6,100,KB5ITS,"Farmington, College Hill",NM,OPEN,,,47.46,SSE,,35,86,36.7281,-108.218,147,147.6,100,,San Juan,On-Air,,,,,NMFCC,2017-11-30,,,,,,,,,,,,,"Autopatch, e-power.",,,,,,,,,,,,,,,,,,,,,,,,,,,
1291.7,-20,,KF5VBF,"Farmington, Farmington Bluffs",NM,CLOSED,,S,48.51,SSE,,35,16279,36.7083,-108.226,1291.7,1271.7,,,San Juan,On-Air,San Juan County,,,,NMFCC,2018-02-02,,,,,,,,,,,,,DV only,,,yes,KF5VBF (A) Repeater,jfindu lookup / dstar-users lookup,,,,,,,,,,,,,,,,,,,,,,
146.88,-0.6,100,KB5ITS,"Aztec, Tank Mtn",NM,OPEN,,,48.92,SE,,35,15629,36.8222,-107.993,146.88,146.28,100,,San Juan,On-Air,,,,,NMFCC,2018-01-15,http://www.sjcham.com,,,,,,,,,,,,,Full-time to the San Juan Connection System .,,,,,,,,,,,,,,,,,,,,,,,,,,
442.25,5,CC,N5UBJ,Aztec,NM,OPEN,,D,48.92,SE,2,35,12413,36.8222,-107.993,442.25,447.25,,,San Juan,On-Air,,,,,NMFCC,2018-01-21,http://www.aztrbonet.com/MinimalNetwatch,yes,1,313502,,yes,"Open Talkgroup View Assignment TS TG Access Worldwide 1 1 PTT North America 1 3 PTT English 1 13 Full-Time 2 Full-Time Europe 2 2 Full-Time TAC 310 2 310 PTT DCI Bridge 2 3100 PTT Southwest USA 2 3176 PTT function myFunction(id) { var x = document.getElementById(id); if (x.className.indexOf(""w3-show"") == -1) { x.className += "" w3-show""; } else { x.className = x.className.replace("" w3-show"", """"); } }",,,,,,,,,,,,AZ-TrboNet,1,1,1,2,2,2,2,,,,,,,,,,,,,,
447.45,-5,107.2,KB5ITS,Aztec,NM,OPEN,,,48.95,SE,,35,44,36.82220078,-107.99199677,447.45,442.45,107.2,,San Juan,On-Air,KB5ITS,,,,NMFCC,2017-07-19,,,,,,,,,,,,,"E-power, remote base.",,,,,,,,,,,,,,,,,,,,,,,,,,,
146.74,-0.6,100,NM5SJ,Aztec,NM,OPEN,,,48.95,SE,,35,43,36.8222,-107.992,146.74,146.14,100,,San Juan,On-Air,Totah ARC,,,,NMFCC,2017-07-19,,,,,,,,,,,,,"Closed autopatch, e-power.",,,,,,,,,,,,,,,,,,,,,,,,,,,
147.06,0.6,100,NM5SJ,"Nebo, Cedar Hill",NM,OPEN,,,49.02,SE,,35,16667,36.95,-107.85,147.06,147.66,100,,San Juan,On-Air,,,,,NMFCC,2018-01-07,,,,,,,,,,,,,,,,,,,,,,,,,,,,,,,,,,,,,,,,
147.27,0.6,127.3,KB5ITT,"Silverton, Engineer Mountain",CO,OPEN,,,49.12,E,,08,208,37.6992,-107.806,147.27,147.87,127.3,,San Juan,On-Air,KB5ITT,,,,CCARC,2017-04-14,,,,,,,,,,,,Wide area.,E-power.,,Durango ARC,,,,,,,,,,,,,,,,,,,,,,,,,
146.61,-0.6,100,KB5ITS,"Aztec, Hottel Hill",NM,OPEN,,,49.42,SE,,35,18461,36.80630112,-108.0019989,146.61,146.01,100,,Taos,On-Air,San Juan Connection,,,,,2020-01-13,http://www.sjcham.com,,,,,,,,,Linked to San Juan Connection,,,,,,,,,,,,,,,,,,,,,,,,,,,,,,
145.115,-0.6,,KF5VBE,Farmington,NM,OPEN,,S,51.15,SE,,35,11428,36.7817,-107.99,145.115,144.515,,,San Juan,On-Air,,,,,,2018-01-29,,,,,,,,,,,,,,,,yes,KF5VBE (C) Gateway Repeater,jfindu lookup / dstar-users lookup,,,,,,,,,,,,,,,,,,,,,,
1291.1,-20,,KF5VBE,Aztec,NM,CLOSED,,S,51.18,SE,,35,16280,36.7823,-107.988,1291.1,1271.1,,,San Juan,On-Air,San Juan County,,,,NMFCC,2019-05-12,,,,,,,,,,,,,DV only,,,yes,KF5VBE (A) Repeater,jfindu lookup / dstar-users lookup,,,,,,,,,,,,,,,,,,,,,,
147.15,0.6,100,KB5ITS,"Ignacio, Spring Creek",CO,OPEN,,,54.86,SE,,08,8177,37.115,-107.633,147.15,147.75,100,,La Plata,On-Air,,,,,CCARC,2018-01-16,http://www.sjcham.com,,,,,,,,,,,Bayfield,E-power.,,,,,,,,,,,,,,,,,,,,,,,,,,,
448.65,-5,127.3,KB5ITS,Bloomfield,NM,OPEN,,,55.15,SE,,35,16636,36.7111,-107.985,448.65,443.65,127.3,,San Juan,On-Air,,,,,NMFCC,2018-01-07,,,,,,,,,,,,,,,,,,,,,,,,,,,,,,,,,,,,,,,,
146.92,-0.6,100,K5WXI,Bloomfield,NM,OPEN,,,55.18,SE,,35,50,36.7111,-107.984,146.92,146.32,100,,San Juan,On-Air,San Juan County OEM,,,,NMFCC,2017-08-25,,,,,,,,,,,,,,,,,,,,,,,,,,,,,,,,,,,,,,,,
449.7,-5,107.2,KB0YNA,"Telluride, Gray Head",CO,OPEN,I,,55.64,NE,,08,254,37.991,-107.972,449.7,444.7,107.2,107.2,San Miguel,On-Air,Grand Mesa Repeater Association ( GMRA ),,,RACES: Wed at 19:30.,CCARC,2017-12-07,,,,,,,,,,Closed IRLP out - Ask for a control Op,,Wide Area via links - Western Colorado - Eastern Utah,E-power.,Full-time to the GMRA Open System .,,,,,,,,,,,,,,3710,,,,,,,,,,,,
223.94,-1.6,,K7QEQ,"Monticello, Abajo Pk",UT,CLOSED,,,58.72,NW,,49,49,37.8392,-109.462,223.94,222.34,,,San Juan,,Grand Mesa Rptr Assoc,,,,UVHFS,,,,,,,,,,,,,"Wide area: Southeastern Utah, Southwest Colorado, Northwest New Mexico and extreme Northeastern Arizona, including Monticello, Blanding, and much of Canyonlands National Park.",11,,,,,,,,,,,,,,Unknown,,,,,,,,,,,,,
447.1,-5,107.2,K7QEQ,"Monticello, Abajo Peak",UT,OPEN,,,58.72,NW,,49,124,37.8392,-109.462,447.1,442.1,107.2,107.2,San Juan,On-Air,Grand Mesa Repeater Association (GMRA),,,,UVHFS,2017-04-07,http://gmra.org,,,,,,,,,11,,Wide area.,E-power.,Full-time to the GMRA Open System .,,,,,,,,,,,,,,,,,,,,,,,,,,
447.4,-5,,K7QEQ,"Monticello, Abajo Peak",UT,CLOSED,,,58.72,NW,,49,50,37.8392,-109.462,447.4,442.4,,,San Juan,,,,,,UVHFS,,,,,,,,,,,,,"Wide area: Southeastern Utah, Southwest Colorado, Northwest New Mexico and extreme Northeastern Arizona, including Monticello, Blanding, and much of Canyonlands National Park.",11,,Cactus-Intertie,,,,,,,,,,,,Unknown,,,,,,,,,,,,,
146.61,-0.6,88.5,K7SDC,"Monticello, Abajo Peak",UT,OPEN,EI,,58.72,NW,ON - IDLE,49,60,37.8392,-109.462,146.61,146.01,88.5,,San Juan,On-Air,Sinbad Desert ARC,64264,,,UVHFS,2017-04-07,http://www.sdarc.us/repeaters/abajo.html,,,,,,,,,11.36,,"Wide area: Southeastern Utah, Southwest Colorado, Northwest New Mexico and extreme Northeastern Arizona, including Monticello, Blanding, and much of Canyonlands National Park.",Remote base.,,,,,,,,,,,,,,,3270,,,,,,,,,,,,
447.275,-5,100,KB5ITS,"Monticello, Abajo Peak",UT,OPEN,,,58.77,NW,,49,18460,37.83940125,-109.46299744,447.275,442.275,100,,Wayne,On-Air,San Juan Connection,,,,,2020-01-13,http://www.sjcham.com,,,,,,,,,,,,,Full-time to the SAN JUAN CONNECTION System .,,,,,,,,,,,,,,,,,,,,,,,,,,
145.325,-0.6,127.3,KB5ITS,"Silverton, Buffalo Boy",CO,OPEN,,,59.72,E,,08,16605,37.8119,-107.665,145.325,144.725,127.3,,San Juan,On-Air,,,,,CCARC,2018-01-15,http://www.sjcham.com,,,,,,,,,,,,Solar powered,,,,,,,,,,,,,,,,,,,,,,,,,,,
444,5,67,KB5ITS,"Silverton, Hazelton",CO,OPEN,,,59.72,E,,08,16624,37.8119,-107.665,444,449,67,,San Juan,On-Air,,,,,,2018-08-03,http://www.sjcham.com,,,,,,,,,,,,,,,,,,,,,,,,,,,,,,,,,,,,,,,
447.525,-5,127.3,KB5ITS,Silverton,CO,OPEN,,,59.77,E,,08,210,37.81190109,-107.66400146,447.525,442.525,127.3,,San Juan,On-Air,KB5ITS,,,,CCARC,2014-06-30,,,,,,,,,,,,Wide area.,E-power.,,,,,,,,,,,,,,,,,,,,,,,,,,,
147.375,0.6,156.7,KB5ITS,"Silverton, Kendall Mountain",CO,OPEN,,,60.74,E,,08,209,37.79330063,-107.6289978,147.375,147.975,156.7,,San Juan,On-Air,,,,,CCARC,2018-01-15,http://www.sjcham.com,,,,,,,,,,DM67ET,Wide area.,13,"Part-time to 146.67000 (K0EP) at Durango, Eagle Pass, CO .",,,,,,,,,,,,,,,,,,,,,,,,,,
1292.3,-20,,KF5VBD,"Bloomfield, Harris Mesa",NM,CLOSED,,S,65.24,SE,,35,11429,36.65,-107.791,1292.3,1272.3,,,San Juan,On-Air,San Juan County,,,,NMFCC,2018-02-02,,,,,,,,,,,,,,,,yes,KF5VBD (A) Gateway Repeater,jfindu lookup / dstar-users lookup,,,,,,,,,,,,,,,,,,,,,,
147.36,0.6,100,KB5ITS,"Navajo Dam, Navajo Lake",NM,OPEN,,,65.38,SE,,35,15644,36.8,-107.62,147.36,147.96,100,,San Juan,On-Air,,,,,NMFCC,2018-01-15,http://www.sjcham.com,,,,,,,,,,,,,Full-time to the San Juan Connection System .,,,,,,,,,,,,,,,,,,,,,,,,,,
147.1,0.6,100,KB5ITS,"Bloomfield, Harris mesa",NM,OPEN,,,66.64,SE,,35,49,36.61,-107.81,147.1,147.7,100,,San Juan,On-Air,San Juan connection,,,,NMFCC,2018-01-15,http://www.sjcham.com,,,,,,,,,,,,,Full-time to the San Juan Connection System .,,,,,,,,,,,,,,,,,,,,,,,,,,
147.28,0.6,67,NM5ML,"Bloomfield, Harris Mesa",NM,OPEN,,,67,SE,,35,51,36.6067,-107.805,147.28,147.88,67,,San Juan,On-Air,,,,,NMFCC,2018-01-07,,,,,,,,,,,,Wide area.,6,Full-time to the Mega-Link System .,,,,,,,,,,,,,,,,,,,,,,,,,,
145.25,-0.6,100,KB5ITS,"Lukachukai, Roof Butte",AZ,OPEN,,,67.49,SSW,,04,163,36.4614,-109.096,145.25,144.65,100,,Apache,On-Air,San Juan Connection,,,,ARCA,2018-10-17,,,,,,,,,,,,,"E-power, linked.",Full-time to the San Juan Connection System .,,,,,,,,,,,,,,,,,,,,,,,,,,
146.82,-0.6,100,NM5SJ,"Red Rock, Roof Butte",AZ,OPEN,,,67.49,SSW,,04,72,36.4614,-109.096,146.82,146.22,100,,Apache,On-Air,Totah ARC,,,,ARCA,2018-02-28,,,,,,,,,,,,,,,,,,,,,,,,,,,,,,,,,,,,,,,,
147.27,0.6,127.3,KB5ITS,"Ouray, Engineer Mountain",CO,OPEN,,,68.35,NE,,08,16604,38.02280045,-107.67099762,147.27,147.87,127.3,,Ouray,On-Air,,,,,CCARC,2018-01-15,http://www.sjcham.com,,,,,,,,,,,,,,,,,,,,,,,,,,,,,,,,,,,,,,,
447.8,-5,CC,AD0RM,"Ridgway, On top of Log Hill",CO,OPEN,,D,72.03,NE,,08,17998,38.18,-107.79,447.8,442.8,,,Ouray,On-Air,AD0RM,,,,,2019-08-17,,yes,1,,,yes,,,,,,Montrose to Ouray,,,,,,,,,,,,,,,,,,,,,,,,,,,,
449.9,-5,123,KD7HLL,Mexican Hat,UT,OPEN,,,75.55,W,,49,100,37.26929855,-109.95700073,449.9,444.9,123,,San Juan,On-Air,,,,,UVHFS,2018-01-15,,,,,,,,,,Part time link to two repeaters,DM57AG,"Lake Powell area from Bullfrog to Wahweap and Hite, toward the south into Arizona and North as far as Boulder.",6,,,,,,,,,,,,,,,,,,,,,,,,,,,
146.61,-0.6,123,N0JSP,"Pagosa Springs, Oakbrush Hill",CO,OPEN,,,82.42,ESE,,08,188,37.193,-107.1,146.61,146.01,123,,Archuleta,On-Air,,,,,CCARC,2018-01-15,http://durangoarc.org/,,,,,,,,,,,,,,,,,,,,,,,,,,,,,,,,,,,,,,,
147.135,-0.6,123,KB5ITS,"Lake City, Hill 71",CO,OPEN,,,83.93,NE,,08,16607,38.03,-107.315,147.135,146.535,123,,Hinsdale,On-Air,,,,,CCARC,2018-01-15,http://www.sjcham.com,,,,,,,,,,,,E-power (solar),,,,,,,,,,,,,,,,,,,,,,,,,,,
448.825,-5,100,KB5ITS,"Montrose, Raspberry",CO,OPEN,,,84.14,NNE,,08,18465,38.41740036,-107.84600067,448.825,443.825,100,,Montrose,On-Air,San Juan Connection,,,,,2020-01-17,http://www.sjcham.com,,,,,,,,,,,"Nucla, Uncompahgre Plateau, coverage into Montrose and ?West End?",,,,,,,,,,,,,,,,,,,,,,,,,,,,
449.4,-5,131.8,KB0YNA,"Delta, Uncompahgre Butte",CO,OPEN,I,,84.9,N,,08,127,38.5767,-108.647,449.4,444.4,131.8,131.8,Mesa,On-Air,"WA4HND, Grand Mesa Repeater Association",,,RACES Wed 1930 Hrs,CCARC,2016-08-19,http://www.gmra.org,,,,,,,,,Closed IRLP out - Ask for a control op,,Wide area via links - Western Colorado - Eastern Utah,E-power.,Full-time to the GMRA Open System .,,,,,,,,,,,,,,3710,,,,,,,,,,,,
146.91,-0.6,107.2,KC0UUX,Montrose,CO,OPEN,,,87.11,NNE,,08,12442,38.4783,-107.876,146.91,146.31,107.2,107.2,Montrose,On-Air,,,,,CCARC,2014-12-13,,,,,,,,,,,,,E-Power,,,,,,,,,,,,,,,,,,,,,,,,,,,
146.79,-0.6,107.2,KD5OPD,Montrose,CO,OPEN,,,87.11,NNE,,08,7953,38.4783,-107.876,146.79,146.19,107.2,107.2,Montrose,On-Air,KC0UXX,,,,CCARC,2012-09-06,,,,,,,,,,,,,E-power.,,,,,,,,,,,,,,,,,,,,,,,,,,,
448.65,-5,,KB0YNA,"Montrose, Waterdog Peak",CO,OPEN,,,87.32,NE,,08,15213,38.38750076,-107.6740036,448.65,443.65,,151.4,Montrose,On-Air,KB0YNA,,,,,2016-10-11,,,,,,,,,,,,Wide area.,,"Full-time to 447.65000 (KB0YNA) at Gunnison, W Mountain or Tenderfoot Mountain, CO .",,,,,,,,,,,,,,,,,,,,,,,,,,
447.2,-5,107.2,WA4HND,"Montrose, Waterdog Peak",CO,OPEN,I,,87.32,NE,,08,69,38.3875,-107.674,447.2,442.2,107.2,107.2,Montrose,On-Air,,,,RACES Net Wed at 1930 Hrs.,CCARC,2018-01-15,GMRA Repeaters,,,,,,,,,Closed IRLP out - Ask for a control op,,Delta/Montrose,9,Full-time to the GMRA Open System .,Grand Mesa Repeater Assoc,,,,,,,,,,,,,3710,,,,,,,,,,,,
449.525,-5,100,N0PKT,"Creede, Bristol Head",CO,OPEN,A,,89.29,E,,08,14923,37.7933,-107.055,449.525,444.525,100,100,Mineral,On-Air,N0PKT,,43265,,,2017-01-06,,,,,,,,,,,DM67lt,,,Full-time to the The Fun Machine System .,The Fun Machine,,,,,,,,,,,,,,,,,,,,,,,,,
146.76,-0.6,88.5,K7QEQ,"Moab, Bald Mesa",UT,OPEN,,,90.85,NNW,,49,13042,38.5286,-109.322,146.76,146.16,88.5,,Grand,On-Air,Sinbad Desert ARC,,,,UVHFS,2017-11-04,http://www.sdarc.us/repeaters/bald.html,,,,,,,,,8,,Moab and immediate surroundings.,,,,,,,,,,,,,,,,,,,,,,,,,,,,
449.1,-5,107.2,K7QEQ,"Moab, Bald Mesa",UT,OPEN,,,90.92,NNW,,49,52,38.5286,-109.325,449.1,444.1,107.2,107.2,Grand,On-Air,Grand Mesa Repeater Association (GMRA),,,RACES Wed. 1930 hours,UVHFS,2017-11-04,GMRA Repeaters,,,,,,,,,,,"Wide area: Moab and surrounding areas, including large portions of Arches and Canyonlands National Parks.",8,,,,,,,,,,,,,,,,,,,,,,,,,,,
145.43,-0.6,136.5,NM5SJ,Dulce,NM,OPEN,,,92,SE,,35,15624,36.9336,-106.999,145.43,144.83,136.5,,Rio Arriba,On-Air,SJC EMCOMM,,,,NMFCC,2017-08-25,,,,,,,,,,,,,,,,,,,,,,,,,,,,,,,,,,,,,,,,
145.49,-0.6,100,NM5SJ,Lybrook,NM,OPEN,,,95.67,SE,,35,128,36.23329926,-107.56199646,145.49,144.89,100,,Rio Arriba,On-Air,Totah ARC,,,,NMFCC,2017-01-16,,,,,,,,,,,,,Closed autopatch.,,,,,,,,,,,,,,,,,,,,,,,,,,,
146.925,-0.6,,WA0JS,Creede,CO,OPEN,,,97.23,E,,08,63,37.8492,-106.926,146.925,146.325,,,Mineral,Off-Air,Creede ARC,,,,CCARC,2012-11-12,,,,,,,,,,WA0JS license expired,,,,,,,,,,,,,,,,,,,,,,,,,,,,,,
146.9,-0.6,88.5,K7QEQ,Moab,UT,OPEN,,,99.58,NNW,,49,48,38.5739,-109.549,146.9,146.3,88.5,,Grand,On-Air,Sinbad Desert ARC,,,,UVHFS,2015-03-29,http://sdarc.us/repeaters/moab.html,,,,,,,,,,,Moab and immediate surroundings.,"Closed autopatch, remote base, linked to Bald Mesa (146.760).",,,,,,,,,,,,,,,,,,,,,,,,,,,
448.2,-5,100,KC5WDV,"Gallup, Deza Bluffs",NM,OPEN,,,100.43,S,,35,13539,35.90309906,-108.77200317,448.2,443.2,100,,McKinley,On-Air,,,,,NMFCC,2017-12-27,,,,,,,,,,,DM55OV,,,,McKinley County ARES,,,,,,,,,,,,,,,,,,,,,,,,,
147.22,0.6,67,NM5ML,"Gallup, Deza Bluffs",NM,OPEN,,,100.43,S,,35,89,35.90309906,-108.77200317,147.22,147.82,67,,McKinley,On-Air,New Mexico Mega Link Assoc,,,,NMFCC,2017-12-23,,,,,,,,,,,DM55OV,Wide area.,"Closed autopatch, e-power.",Full-time to the Mega-Link System .,,,,,,,,,,,,,,,,,,,,,,,,,,
448.15,-5,100,W0GJT,Grand Junction,CO,OPEN,EI,,107.22,N,Node Offline,08,153,38.899,-108.496,448.15,443.15,100,,Mesa,On-Air,,312189,,,CCARC,2016-04-22,,,,,,,,,,,,,,,,,,,,,,,,,,,,7963,,,,,,,,,,,,
449.2,-5,107.2,,Glade Park,CO,OPEN,,,113.02,N,,08,18392,38.97999954,-108.73999786,449.2,444.2,107.2,,Mesa,On-Air,GMRA,,,,,2019-12-22,http://www.gmra.org/repeaters.html,,,,,,,,,,,,Solar Powered,,,,,,,,,,,,,,,,,,,,,,,,,,,
147.195,0.6,107.2,KC0QXX,"Cedaredge, Cedar Mesa",CO,OPEN,,,113.13,NNE,,08,3745,38.9016,-107.926,147.195,147.795,107.2,,Delta,,,,,,,2018-04-04,,,,,,,,,,,,Local.,,,Colorado District 25 ARES,,,,,,,,,,,,Unknown,,,,,,,,,,,,,
147.36,0.6,100,W0ALC,Cedaredge,CO,OPEN,,,113.13,NNE,,08,3749,38.90159988,-107.9260025,147.36,147.96,100,,Delta,On-Air,W0ALC,,,,CCARC,2019-08-26,,,,,,,,,,,,,,,,,,,,,,,,,,,,,,,,,,,,,,,,
449.825,-5,100,W0ALC,Cedaredge,CO,OPEN,,,113.13,NNE,,08,3760,38.9016,-107.926,449.825,444.825,100,,Delta,,W0ALC,,,,CCARC,2018-04-04,,,,,,,,,,,,,,,,,,,,,,,,,,,Unknown,,,,,,,,,,,,,
147.08,0.6,162.2,W5SF,"Chama, Overlook Mtn",NM,OPEN,,,114.59,SE,,35,15079,36.90999985,-106.58000183,147.08,147.68,162.2,,Rio Arriba,On-Air,SFARC,,,,NMFCC,2017-04-05,,,,,,,,,,,,,,,,,,,,,,,,,,,,,,,,,,,,,,,,
147.355,-0.6,88.5,KB0VJJ,"Grand Junction, Grand Mesa",CO,OPEN,,,117.69,N,,08,15581,39.052,-108.565,147.355,146.755,88.5,123,Mesa,On-Air,Colorado Connection,,,,CCARC,2017-01-06,,,,,,,,,,,,,,Full-time to the Colorado Connection System .,,,,,,,,,,,,,,,,,,,,,,,,,,
147.33,0.6,107.2,KI0MR,Paonia,CO,OPEN,,,118.08,NNE,,08,8179,38.8683,-107.592,147.33,147.93,107.2,,Delta,On-Air,North Fork Repeater Assoc.,,,,CCARC,2016-05-16,,,,,,,,,,,,Wide area.,,,,,,,,,,,,,,,,,,,,,,,,,,,,
145.29,-0.6,123,K7LEN,Window Rock,NM,OPEN,,,118.16,SSW,,35,16750,35.68059921,-109.0530014,145.29,144.69,123,,McKinley,Off-Air,NARC,,,,,2018-09-05,,,,,,,,,,,,,,,,,,,,,,,,,,,,,,,,,,,,,,,,
442,5,100,KD7LEN,Window Rock,NM,OPEN,,,118.16,SSW,,35,17731,35.6806,-109.053,442,447,100,,McKinley,,NARC,,,,,2019-04-12,,,,,,,,,,,,,,,,,,,,,,,,,,,Unknown,,,,,,,,,,,,,
447.35,-5,107.2,,"Cedaredge, Grand Mesa",CO,OPEN,,,118.48,NNE,,08,3755,38.9944,-107.973,447.35,442.35,107.2,,Delta,,Grand Mesa Repeater Assoc (GMRA),,,,CCARC,2012-11-10,GMRA Repeaters,,,,,,,,,,,,,,,,,,,,,,,,,,Unknown,,,,,,,,,,,,,
447.5,-5,114.8,KC0ARV,Grand Junction,CO,OPEN,,,118.51,N,,08,3757,39.0638,-108.551,447.5,442.5,114.8,,Mesa,,KC0ARV,,,,CCARC,2012-11-10,,,,,,,,,,,,,,,,,,,,,,,,,,,Unknown,,,,,,,,,,,,,
147.105,0.6,,K0SSI,Grand Junction,CO,OPEN,,,118.52,N,,08,8175,39.0639,-108.551,147.105,147.705,,,Mesa,On-Air,K0SSI,,,,CCARC,2013-04-20,,,,,,,,,,,,,,,,,,,,,,,,,,,,,,,,,,,,,,,,
449,-5,,KB0SW,Grand Junction,CO,CLOSED,,,118.52,N,,08,8206,39.0639,-108.551,449,444,,107.2,Mesa,On-Air,KB0SW,,,,CCARC,2015-08-03,,,,,,,,,,,,,,,Grand Mesa Repeater Assoc,,,,,,,,,,,,,,,,,,,,,,,,,
446.775,-5,,KD0RED,Grand Junction,CO,OPEN,,S,118.52,N,,08,11792,39.0639,-108.551,446.775,441.775,,,Mesa,On-Air,,,,,,2014-08-16,,,,,,,,,,,,,,,,yes,KD0RED (B) Gateway Repeater,jfindu lookup / dstar-users lookup,,,,,,,,,,,,,,,,,,,,,,
449.775,-5,173.8,KD0SMZ,Grand Junction,CO,OPEN,EI,,118.52,N,ON - IDLE,08,11793,39.06389999,-108.5510025,449.775,444.775,173.8,88.5,Mesa,On-Air,,7572,,,CCARC,2015-10-25,,,,,,,,,,,,,,,,,,,,,,,,,,,,7573,,,,,,,,,,,,
145.22,-0.6,107.2,KE0TY,Grand Junction,CO,OPEN,,,118.52,N,,08,8167,39.0639,-108.551,145.22,144.62,107.2,,Mesa,,KE0TY,,,,CCARC,2012-11-12,,,,,,,,,,,,,,,,,,,,,,,,,,,Unknown,,,,,,,,,,,,,
147.39,0.6,107.2,KE0TY,Grand Junction,CO,OPEN,,,118.52,N,,08,152,39.0639,-108.55,147.39,147.99,107.2,,Mesa,,KE0TY,,,,CCARC,2012-11-10,,,,,,,,,,,,,Linked.,,,,,,,,,,,,,,Unknown,,,,,,,,,,,,,
146.82,-0.6,107.2,W0GJT,"Grand Junction, 9 Mile, Hwy 141, Unaweep",CO,OPEN,A,,118.52,N,,08,261,39.0639,-108.55,146.82,146.22,107.2,,Mesa,On-Air,,,43554,,CCARC,2019-02-12,,,,,,,,,,,,Wide area: North Western Colorado - South to Montrose and East on I-70.,,,,,,,,,,,,,,,,,Enter *83 node# to link. *81 Unlink,,,,,,,,,,,
146.94,-0.6,107.2,W0RRZ,"Grand Junction, Black Ridge (Above Colorado Ntl Monument)",CO,OPEN,,,118.95,N,,08,151,39.06560135,-108.7480011,146.94,146.34,107.2,107.2,Mesa,On-Air,Western Colorado Amateur Radio Club,,,Oatmeal Net: Mon-Fri at 7:30AM-8:00AM,CCARC,2016-05-11,http://w0rrz.org,,,,,,,,,,DM59PB,Grand Junction 30-50 mi,E-power and autopatch for WCARC members,,,,,,,,,,,,,,,,,,,,,,,,,,,
449.575,-5,131.8,WA4HND,"Grand Junction, Black Ridge",CO,OPEN,I,,118.95,N,,08,155,39.0656,-108.748,449.575,444.575,131.8,131.8,Mesa,On-Air,,,,Wed RACES Net 1930 Hrs,CCARC,2018-01-15,GMRA Repeaters,,,,,,,,,Closed IRLP out,,Grand Junction,e-power. Linked to GMRA Open System,,Grand Mesa Repeater Assoc,,,,,,,,,,,,,3710,,,,,,,,,,,,
449.3,-5,107.2,WA4HND,"Grand Junction, Grand Mesa",CO,OPEN,I,,119.18,N,,08,154,39.0539,-108.254,449.3,444.3,107.2,107.2,Mesa,On-Air,,,,RACES Wed 1930 hrs,CCARC,2018-01-16,http://www.gmra.org/,,,,,,,,,Closed IRLP out,,Wide Area I-70 West Rifle to Western Utah,e-power Linked to GMRA Open System,,,,,,,,,,,,,,,3710,,,,,,,,,,,,
147.26,0.6,100,KC5WDV,"Gallup, Gibson Peak",NM,OPEN,,,120.62,S,,35,90,35.60509872,-108.68499756,147.26,147.86,100,,McKinley,On-Air,KC5WDV,,,,NMFCC,2018-01-07,,,,,,,,,,,DM55PO,,VHF/UHF Remote Bases,,,,,,,,,,,,,,,,,,,,,,,,,,,
446.9125,-5,CC,W0BX,"Grand Junction, Grand Mesa",CO,OPEN,,D,121.8,N,,08,16721,39.0889,-108.227,446.9125,441.9125,,,Mesa,On-Air,Bill Frost,,,,,2018-01-09,,yes,1,310868,,yes,,,,Brandmeister network,,"Grand Junction, I70",,,,,,,,,,,,,,,,,,,,,,,,,,,,
145.175,-0.6,107.2,W0RRZ,"Grand Junction, GJT",CO,OPEN,I,,122.24,N,,08,147,39.1173,-108.522,145.175,144.575,107.2,,Mesa,On-Air,,,,,CCARC,2016-05-11,,,,,,,,,,,,Greater grand Junction area.,"E-power,",,,,,,,,,,,,,,,3161,Standard IRLP node commands.,,,,,,,,,,,
449.95,-5,,K5GF,Gunnison,CO,OPEN,,,122.6,NE,,08,161,38.5458,-106.925,449.95,444.95,,,Gunnison,,K5GF,,,,CCARC,2012-11-10,,,,,,,,,,,,,,,,,,,,,,,,,,,Unknown,,,,,,,,,,,,,
147.12,0.6,,W0VTL,Gunnison,CO,OPEN,,,122.6,NE,,08,160,38.5458,-106.925,147.12,147.72,,,Gunnison,On-Air,W0VTL,,,,CCARC,2014-09-01,,,,,,,,,,,,,E-power.,,,,,,,,,,,,,,,,,,,,,,,,,,,
449.65,-5,151.4,KB0YNA,"Grand Junction, Grand Mesa",CO,OPEN,I,,123.81,NNE,,08,8763,39.0666,-107.937,449.65,444.65,151.4,151.4,Mesa,On-Air,Keri Washburn,,,,CCARC,2016-10-28,,,,,,,,,,,,Wide area coverage,NWS weather alert system.,"Full-time to 447.65000 (KB0YNA) at Gunnison, W Mountain or Tenderfoot Mountain, CO .",,,,,,,,,,,,,,8162,11,,,,,,,,,,,
145.355,-0.6,88.5,KB0VJJ,"Grand Junction, Grand Mesa",CO,OPEN,,,123.83,NNE,,08,149,39.06669998,-107.93599701,145.355,144.755,88.5,123,Mesa,On-Air,Colorado Connection,,,Central Colorado Traffic Net: Daily at 19:30. Colorado Connection Net (all welcome): Thu at 20:00. Statewide ARES: Sun at 20:00.,CCARC,2017-01-06,,,,,,,,,,Colorado Connection system of repeaters,,"Rifle to the east, several miles east of Green River, Utah to the west.",E-power.,Full-time to the Colorado Connection System .,,,,,,,,,,,,,,,,,,,,,,,,,,
449.75,-5,100,KC5WDV,Gallup,NM,OPEN,E,,126.11,S,ON - IDLE,35,91,35.5281,-108.742,449.75,444.75,100,,McKinley,On-Air,KC5WDV,6810,,,NMFCC,2017-12-23,,,,,,,,,,,,,,,,,,,,,,,,,,,,,,,,,,,,,,,,
448.75,-5,100,NA7DB,"Page (az), Navajo Mountain",UT,OPEN,,,127.53,W,,49,169,37.03419876,-110.8690033,448.75,443.75,100,,San Juan,On-Air,,,,,UVHFS,2014-06-30,,,,,,,,,,,DM47NA,"Wide area: Lake Powell area from Bullfrog to Wahweap and Hite, toward the south into Arizona and North as far as Boulder.",10,,,,,,,,,,,,,,,,,,,,,,,,,,,
449.925,-5,100,W7CWI,"Page (AZ), Navajo Mountain",UT,OPEN,,,127.53,W,,49,183,37.03419876,-110.8690033,449.925,444.925,100,,San Juan,On-Air,Lake Powell ARG,,,,UVHFS,2014-12-20,,,,,,,,,,,DM47NA,"Wide area: Lake Powell area from Bullfrog to Wahweap and Hite, toward the south into Arizona and North as far as Boulder.",10,,,,,,,,,,,,,,,,,,,,,,,,,,,
146.96,-0.6,100,W7WAC,"Page (AZ), Navajo Mountain",UT,OPEN,,,127.53,W,,49,218,37.03419876,-110.8690033,146.96,146.36,100,,San Juan,On-Air,KE7OZE,,,,UVHFS,2018-06-18,,,,,,,,,,10,DM47NA,"Wide area: Lake Powell area from Bullfrog to Wahweap and Hite, toward the south into Arizona and North as far as Boulder.",,,Intermountain Intertie,,,,,,,,,,,,,,,,,,,,,,,,,
448.6,-5,100,WA7VHF,"Page, Navajo Mountain",UT,OPEN,,,127.53,W,,49,11827,37.034,-110.869,448.6,443.6,100,,San Juan,On-Air,Utah VHF Society,,,UVHFS: Tue at 20:00.,UVHFS,2018-11-25,http://utahvhfs.org/snowlink.html,,,,,,,,,,,Wide Area.,,"Full-time to 448.87500 (W7ARA) at Flagstaff, Mt. Elden, AZ . Full-time to the Intermountain Intertie System .",Intermountain Intertie,,,,,,,,,,,,,,,,,,,,,,,,,
145.175,-0.6,141.3,NM5EM,"Cuba, Eureka Mesa",NM,OPEN,,,128.61,SE,,35,15615,36.02220154,-106.95800018,145.175,144.575,141.3,,Sandoval,Off-Air,NMEMA ARC,,,,NMFCC,2017-02-18,,,,,,,,,,,,,,,,,,,,,,,,,,,,,,,,,,,,,,,,
147.08,0.6,136.5,K7SDC,"Hanksville, Ellen Peak",UT,OPEN,EI,,130.69,WNW,ON - IDLE,49,56,38.0726,-110.795,147.08,147.68,136.5,,Wayne,On-Air,Sinbad Desert ARC,64264,,,UVHFS,2018-08-11,http://sdarc.us/repeaters/mt-ellen.html,,,,,,,,,11,,"Wide area: Areas around the Henry Mountain range in southeastern Utah including Hanksville, Hite, Boulder, Escalante, and Bullfrog.","Closed autopatch, remote base.",Full-time to the Sinbad Desert (SDARC) System .,,,,,,,,,,,,,,3270,,,,,,,,,,,,
147.24,0.6,67,NM5ML,"Cuba, Eureka Mesa",NM,OPEN,,,133.53,SE,,35,66,36.0135994,-106.84400177,147.24,147.84,67,,Sandoval,On-Air,,,,,NMFCC,2018-01-07,,,,,,,,,,,DM66NA,Wide area.,9,Full-time to the Mega-Link System .,,,,,,,,,,,,,,,,,,,,,,,,,,
449.5,-5,107.2,KB0SW,Collbran,CO,OPEN,,,135.03,NNE,,08,36,39.2406,-107.961,449.5,444.5,107.2,,Mesa,Off-Air,Grand Mesa Repeater Association (GMRA),,,,CCARC,2016-07-01,,,,,,,,,,,,,E-power.,,,,,,,,,,,,,,,,,,,,,,,,,,,
449.625,-5,94.8,K0SLV,Monte Vista,CO,OPEN,,,135.65,ESE,,08,18580,37.58418274,-106.13030243,449.625,444.625,94.8,,Rio Grande,On-Air,S.A.R.A.,,,,,2020-03-11,http://K0SLV.COM,,,,,,,,,,,,Emergency Power,,,,,,,,,,,,,,,,,,,,,,,,,,,
447.1,-5,77,N0KM,Center,CO,OPEN,,,138.17,E,,08,16645,37.75,-106.115,447.1,442.1,77,,Saguache,On-Air,,,,,,2017-12-13,,,,,,,,,,,,,,,,,,,,,,,,,,,,,,,,,,,,,,,,
146.64,-0.6,77,N0KM,Center,CO,OPEN,A,,138.53,E,,08,14200,37.7531,-106.109,146.64,146.04,77,77,Rio Grande,On-Air,,,28781,,,2016-12-25,,,,,,,,,,,,Low level local coverage,,,,,,,,,,,,,,,,,,,,,,,,,,,,
447.65,-5,151.4,KB0YNA,"Gunnison, W Mountain or Tenderfoot Mountain",CO,OPEN,,,141.43,NE,,08,15212,38.6125,-106.543,447.65,442.65,151.4,151.4,Gunnison,On-Air,KB0YNA,,,,CCARC,2016-10-28,,,,,,,,,,,,Gunnison valley and along East and west on Highway 50.,"Linked to 448.650 in Montrose, Colorado and 449.650 in Grand Junction, Colorado.","Full-time to 448.65000 (KB0YNA) at Montrose, Waterdog Peak, CO . Full-time to 449.65000 (KB0YNA) at Grand Junction, Grand Mesa, CO .",,,,,,,,,,,,,,,,,,,,,,,,,,
146.76,-0.6,67,KF5PFO,"Tres Piedras, San Antonio Mountain",NM,OPEN,,,145.44,SE,,35,19,36.8594017,-106.01899719,146.76,146.16,67,,Rio Arriba,On-Air,Taos ARC,,,,,2016-04-30,,,,,,,,,,,DM66XU,"Most of Taos County, eastern Rio Arriba County and the San Luis Valley in Southern Colorado.",11,,,,,,,,,,,,,,,,,,,,,,,,,,,
147.22,0.6,100,NM5ML,"Tres Piedras, San Antonio Mountain",NM,OPEN,,,145.49,SE,,35,175,36.85969925,-106.01799774,147.22,147.82,100,,Rio Arriba,On-Air,New Mexico Mega Link Assoc,,,,NMFCC,2017-01-23,,,,,,,,,,,DM66XU,Wide area.,10,Full-time to the Mega-Link System .,,,,,,,,,,,,,,,,,,,,,,,,,,
145.325,-0.6,100,KD0MRC,Maysville,CO,OPEN,,,145.99,NE,,08,16739,38.50630188,-106.34500122,145.325,144.725,100,,Chaffee,On-Air,Chaffee Lake Amateur Repeater Association,,,,,2019-09-04,,,,,,,,,,,,wide area,,,,,,,,,,,,,,,,,,,,,,,,,,,,
443,5,100,K5YEJ,"San Luis, Cabezon",NM,OPEN,,,146.52,SE,,35,16603,35.59930038,-107.09600067,443,448,100,,Sandoval,On-Air,,,,,NMFCC,2017-12-25,,,,,,,,,,,DM65KO,,,,,,,,,,,,,,,,,,,,,,,,,,,,,
449.8,-5,107.2,WA4HND,"Parachute, Mount Callahan",CO,OPEN,,,148.16,N,,08,253,39.4519,-108.052,449.8,444.8,107.2,,Garfield,On-Air,,,,,CCARC,2018-01-15,GMRA Repeaters,,,,,,,,,,,,8,,,,,,,,,,,,,,,,,,,,,,,,,,,
147.04,0.6,141.3,NM5EM,"Abiquiu, Cerro Pelon",NM,OPEN,,,148.2,SE,,35,15632,36.2071991,-106.31900024,147.04,147.64,141.3,,Rio Arriba,Off-Air,NMEMA ARC,,,,NMFCC,2017-01-16,,,,,,,,,,,,,,,,,,,,,,,,,,,,,,,,,,,,,,,,
145.41,-0.6,100,W5HO,La Cueva,NM,OPEN,,,148.84,SE,,35,15622,35.86729813,-106.63800049,145.41,144.81,100,,Santa Fe,Off-Air,W5HO,,,,NMFCC,2017-08-25,,,,,,,,,,,DM65QU,,,,,,,,,,,,,,,,,,,,,,,,,,,,,
443.1,5,100,NM5SC,"San Ysidro, Pajarito Peak",NM,OPEN,A,,149.09,SE,,35,9767,35.69670105,-106.85900116,443.1,448.1,100,,Sandoval,On-Air,Sandoval County ARES,,27748,Sandoval County ARES: Mon at 19:30.,NMFCC,2017-02-10,http://nmscares.org/,,,,,,,,,"KNWD TKR-850, RTCM Interface. 25W, 9000' MSL. (Pajarito Peak differs from Pajarito Mountain near Los Alamos)",DM65NQ,Wide area - NW NM.,"Linked, e-power.",,ARRL,,,,,,,,,,,,,,,,,,,,,,,,,
145.175,-0.6,141.3,NM5EM,"Tres Piedras, San Antonio Mtn.",NM,OPEN,,,152.44,SE,,35,15616,36.64699936,-105.96700287,145.175,144.575,141.3,,Taos,Off-Air,NMEMA ARC,,,,NMFCC,2017-01-16,,,,,,,,,,,,,,,,,,,,,,,,,,,,,,,,,,,,,,,,
146.76,-0.6,67,KF5PFO,"Tres Piedras, San Antonio Mountain",NM,OPEN,,,152.45,SE,,35,174,36.64690018,-105.96700287,146.76,146.16,67,,Taos,On-Air,Taos ARC,,,,,2016-08-20,,,,,,,,,,,,"Wide area: Most of Taos County, Eastern Rio Arriba County and the San Luis Valley in Southern Colorado.",11,,,,,,,,,,,,,,,,,,,,,,,,,,,
146.76,-0.6,107.2,N0SWE,Rifle,CO,OPEN,E,,153.34,NNE,Node Offline,08,200,39.4745,-107.772,146.76,146.16,107.2,,Garfield,Off-Air,"N0SWE, Roaring Fork Amateur Repeater Cooperative",243117,,,CCARC,2015-06-03,,,,,,,,,,,DM69cl,"New Castle, Silt, Rifle and Rulison and areas around Parachute.",E-power.,,,,,,,,,,,,,,,,,,,,,,,,,,,
444.95,5,100,KE5FYL,"Grants, La Mosca Peak",NM,OPEN,,,154.94,SSE,,35,96,35.25299835,-107.59700012,444.95,449.95,100,88.5,Cibola,On-Air,Cibola County Amateur Radio Club,,,,NMFCC,2018-11-29,,,,,,,,,,,DM65EG,Wide area.,,"Full-time to 147.18000 (KE5FYL) at Grants, NM .",,,,,,,,,,,,,,,,,,,,,,,,,,
443.35,5,CC,WR7HLN,"Grants, La Mosca Peak (Mount Taylor)",NM,OPEN,,D,154.94,SSE,"Transmitting of the HIGHEST DMR Repeater in New Mexico on La Mosca Peak, 11,200 Feet above sea level 15 miles northeast of downtown Grants, New Mexico. 50 Watt Hytera Dual-Mix Repeater. DB Products 633 omni pattern antenna. Antenna height is 180 feet above ground level. Powered with a back up Generator. On the air June 26, 2019.",35,18016,35.25289917,-107.59700012,443.35,448.35,,,Bernalillo,On-Air,Mac Pass Repeater Group,,,,NMFCC,2019-12-08,http://www.dmr-montana.net,yes,1,310793,BrandMeister c Record retrieved from radioid.net,yes,,,,,,"Central New Mexico,",BrandMeister on DMR Dual Mix Analog on PL Tone 131.8,,,,,,,,,,,,,,,,"Time Slot 1 3135 New Mexico Statewide, Time Slot 2 31301 MPRG1",Yes; analog capable.,,,,,,,,,,
146.98,-0.6,141.3,NM5EM,"Grants, Mt Taylor",NM,OPEN,,,154.97,SSE,,35,5349,35.25249863,-107.59700012,146.98,146.38,141.3,141.3,Cibola,On-Air,New Mexico Emergency Management Association Amateur Radio Club,,,,,2016-08-31,,,,,,,,,,Located inside the state of NM radio building.,,,,"Full-time to 444.97500 (K5EMO) at Grants, 515 West High Street, NM .",,,,,,,,,,,,,,,,Yes; analog capable.,,,,,,,,,,
447,-5,107.2,KB0SW,"Loma, Baxter Pass",CO,OPEN,,,155.56,N,,08,174,39.5819,-108.952,447,442,107.2,,Garfield,On-Air,,,,,CCARC,2018-01-15,,,,,,,,,,,,Wide area.,8,,,,,,,,,,,,,,,,,,,,,,,,,,,
146.94,-0.6,100,K5URR,"Grants, Mt Taylor",NM,OPEN,,,155.65,SSE,,35,97,35.23860168,-107.60800171,146.94,146.34,100,,Cibola,On-Air,Upper Rio FM Society,,,,,2018-12-13,http://www.urfmsi.org/,,,,,,,,,,DM65EF,Wide area.,11,,,,,,,,,,,,,,,,,,,,,,,,,,,
146.67,-0.6,107.2,K0CL,Snowmass Village,CO,OPEN,,,156.81,NE,,08,211,39.2131,-106.937,146.67,146.07,107.2,,Pitkin,On-Air,Ski Country ARC,,,,CCARC,2012-11-10,,,,,,,,,,,,Wide area.,Linked.,,,,,,,,,,,,,,,,,,,,,,,,,,,
444.975,5,67,K5EMO,"Grants, 515 West High Street",NM,OPEN,E,,157.04,SSE,ON - IDLE,35,17042,35.15420151,-107.85399628,444.975,449.975,67,67,Cibola,On-Air,Cibola County Emergency Manager,707790,,,NMFCC,2018-12-27,,,,,,,,,,,DM65BD,Local,Linked to 147.980 NM5EM,"Full-time to 146.98000 (NM5EM) at Grants, Mt Taylor, NM .",,,,,,,,,,,,,,,,,,,,,,,,,,
147.18,0.6,100,KE5FYL,Grants,NM,OPEN,,Y,157.54,SSE,,35,10215,35.1473,-107.851,147.18,147.78,,,Cibola,On-Air,Cibola County Amateur Radio Club,,,,NMFCC,2018-11-29,,,,,,,,,,PL 100.0 must but placed on both RX &amp; TX to avoid hearing Digital Traffic noise.,,,,"Full-time to 444.95000 (KE5FYL) at Grants, La Mosca Peak, NM .",,,,,,,,,,,,,,,,,yes,Open ↑ / Open ↓,,,,,,,,
444.8,5,67,NM5ML,"Grants, La Mosca",NM,OPEN,,,157.54,SSE,,35,15885,35.1473,-107.851,444.8,449.8,67,,Cibola,On-Air,Mega Link Repeater System,,,,NMFCC,2018-01-07,,,,,,,,,,10,,Wide area,Full time to the New Mexico MegaLink system,Full-time to the Mega-Link System .,,,,,,,,,,,,,,,,,,,,,,,,,,
146.66,-0.6,100,NM5ML,"Grants, Microwave Ridge",NM,OPEN,,,157.55,SSE,,35,94,35.14720154,-107.85099792,146.66,146.06,100,,Cibola,On-Air,Mega-Link Rptr System,,,,NMFCC,2017-07-25,,,,,,,,,,,,Wide area.,9,Full-time to the Mega-Link System .,,,,,,,,,,,,,,,,,,,,,,,,,,
449.725,-5,179.9,K0ELK,"Carbondale, Four Mile Ridge",CO,OPEN,IA,,157.56,NNE,,08,35,39.4,-107.315,449.725,444.725,179.9,,Garfield,On-Air,Roaring Fork Amateur Repeater Cooperative (RFARC),,28434,,CCARC,2012-11-10,,,,,,,,,,,,Wide area.,EchoLink.,,,,,,,,,,,,,,,3722,,,,,,,,,,,,
147.39,0.6,107.2,K0SNO,"Carbondale, Four Mile Ridge",CO,OPEN,,,157.56,NNE,,08,259,39.4,-107.315,147.39,147.99,107.2,,Garfield,On-Air,Roaring Fork Amateur Repeater Cooperative,,,,,2016-07-14,,,,,,,,,,,,"Rifle, Carbondale, El Jebel, Glenwood Springs, Basalt and Aspen.",,,,,,,,,,,,,,,,,,,,,,,,,,,,
146.85,-0.6,88.5,KB0VJJ,"Glenwood Springs, Sunlight Peak",CO,OPEN,,,157.71,NNE,,08,129,39.4264,-107.38,146.85,146.25,88.5,123,Garfield,On-Air,Colorado Connection,,,Daily 7:30PM Local Time Central Colorado Traffic Net Thursdays 8:00PM Colorado Connection Net All Welcome Sundays 8:00PM Statewide ARES net,CCARC,2016-05-23,,,,,,,,,,Part of the Colorado Connection System of Repeaters,,"Wide area: Throughout the Roaring Fork Valley, Glenwood Canyon, East and West on I-70, and the Flattops Wilderness north of Glenwood.",70,,,,,,,,,,,,,,,,,,,,,,,,,,,
146.88,-0.6,107.2,KI0G,"Glenwood Springs, Sunlight Peak",CO,OPEN,,,157.71,NNE,,08,130,39.42639923,-107.37999725,146.88,146.28,107.2,,Garfield,On-Air,Ski Country ARC,,,,CCARC,2012-11-10,,,,,,,,,,,,,,"Full-time to 447.60000 (KI0G) at Glenwood Springs, CO .",,,,,,,,,,,,,,,,,,,,,,,,,,
447.1,-5,107.2,KI0G,"Glenwood Springs, Sunlight Peak",CO,OPEN,,,157.71,NNE,,08,132,39.4264,-107.38,447.1,442.1,107.2,,Garfield,On-Air,Ski Country ARC,,,,CCARC,2012-11-10,,,,,,,,,,,,,,,,,,,,,,,,,,,,,,,,,,,,,,,,
449.6,-5,107.2,N0XLI,"Glenwood Springs, Sunlight Peak",CO,OPEN,,,157.71,NNE,,08,255,39.4264,-107.38,449.6,444.6,107.2,,Garfield,On-Air,,,,,CCARC,2018-01-15,http://www.gmra.org,,,,,,,,,,,Wide area.,e-power Linked to GMRA open system,,,,,,,,,,,,,,,,,,,,,,,,,,,
444.65,5,CC,KE5FYL,"Grants, Rogers Rock",NM,OPEN,,DS,158,SSE,,35,17003,35.1325,-107.889,444.65,449.65,,,Cibola,On-Air,Cibola County Amateur Radio Club,,,,NMFCC,2018-12-27,,yes,1,313508,,yes,,,,,,Grants/Milan NM,,,,yes,KE5FYL (B) Repeater,jfindu lookup / dstar-users lookup,,,,,,,,,,,,,,,,,,,,,,
442.225,5,CC,NM5BB,"Los Alamos, Pajarito Mountain",NM,OPEN,,D,158.02,SE,,35,15733,35.88669968,-106.39499664,442.225,447.225,,,Los Alamos,On-Air,Rocky Mountain Ham Radio,,,Red Cross Net on Wide - Third Thursday of the month at 1900 Tech Net on Wide - First Saturday of the month at 1900,NMFCC,2019-12-16,https://www.rmham.org/wordpress/dmr-radio-site-information/,yes,7,313505,Colorado/Rocky Mountain c Record retrieved from radioid.net,yes,,,,Linked,DM65TV,Wide area 50 mi radius.,TS 1 TG 700 Wide TS 2 TG 719 South TS 2 TG 714 Los Alamos Local TS 2 TG 505 New Mexico,,,,,,,,,,,,,,,,,,,,,,,,,,,
145.19,-0.6,,NM5EC,"Los Alamos, Pajarito Mountain",NM,OPEN,,S,158.02,SE,,35,18232,35.88669968,-106.39499664,145.19,144.59,,,Los Alamos,On-Air,SFARC,,,,,2019-10-30,,,,,,,,,,,DM65TV,Wide area,"Mixed mode DStar, analog and fusion (under another entry, using W5SF callsign)",,,yes,NM5EC (C) Repeater,jfindu lookup / dstar-users lookup,,,,,,,,,,,,,,,,,,,,,,
145.19,-0.6,162.2,W5SF,"Los Alamos, Pajarito Mountain",NM,OPEN,,,158.02,SE,,35,118,35.88669968,-106.39499664,145.19,144.59,162.2,162.2,Los Alamos,On-Air,SFARC,,,Northern New Mexico Amateur Radio Net: Mon at 20:30.,NMFCC,2019-10-30,,,,,,,,,,W5SF/PAJ - Distinct from the NM5SC repeater near Cuba on Pajarito Peak.,DM65TV,Wide Area,"Mixed mode analog, Fusion, and D-star (using call NM5EC C, noted under separate entry)",,,,,,,,,,,,,,,,,Yes; analog capable.,,,25,,,,,,,
145.43,-0.6,162.2,KD5SAR,Zuni,NM,OPEN,,,158.18,S,,35,185,35.06940079,-108.84799957,145.43,144.83,162.2,,McKinley,On-Air,MCARES,,,,NMFCC,2017-01-14,,,,,,,,,,,,Wide are: Southern McKinley County.,Closed autopatch.,,,,,,,,,,,,,,,,,,,,,,,,,,,
447.05,-5,136.5,K0VQ,"Aspen, Aspen Mountain",CO,OPEN,,,158.19,NE,,08,260,39.1761,-106.829,447.05,442.05,136.5,136.5,Pitkin,On-Air,Roaring Fork Amateur Repeater Cooperative,,,,CCARC,2012-11-10,,,,,,,,,,,,Aspen-Snowmass areas.,,,,,,,,,,,,,,,,,,,,,,,,,,,,
223.94,-1.6,CSQ,KB5RX,"Los Alamos, Pajarito Mountain",NM,OPEN,,,158.7,SE,,35,196,35.88399887,-106.38200378,223.94,222.34,CSQ,,Los Alamos,On-Air,,,,,NMFCC,2015-10-16,,,,,,,,,,,DM65TV,,E-power.,,,,,,,,,,,,,,,,Wide area.,,,,,,,,,,,
146.64,-0.6,67,K5URR,"Grants, MW Ridge",NM,OPEN,,,159.04,SSE,,35,15625,35.18880081,-107.59999847,146.64,146.04,67,67,Bernalillo,On-Air,URFMSI,,,,NMFCC,2018-05-03,http://www.urfmsi.org,,,,,,,,,,DM65EE,Wide Area,,,,,,,,,,,,,,,,,,,,,,,,,,,,
449.65,-5,107.2,KC0CVU,"Salida, Methodist Mountain",CO,OPEN,,,159.44,E,,08,205,38.4528,-106.018,449.65,444.65,107.2,,Chaffee,On-Air,,,,,CCARC,2018-01-15,CMRG Repeaters,,,,,,,,,,,Wide area.,E-power.,,,,,,,,,,,,,,,,,,,,,,,,,,,
449.925,-5,103.5,WZ0N,"Salida, Methodist Mountain",CO,OPEN,,,159.44,E,,08,3811,38.4528,-106.018,449.925,444.925,103.5,103.5,Chaffee,On-Air,,,,,CCARC,2013-07-05,,,,,,,,,,Identifies with an 'M' following WZ0N callsign which identifies the site as Methodist.,,"Upper Arkansas and Platte Rivers, and the SLV",E-power (Bat),,Colorado ARES,,,,,,,,,,,,,,,,,,,,,,,,,
449.975,-5,100,K0JSC,"Salida, Methodist Mountain",CO,OPEN,EIA,,159.56,E,ON - IDLE,08,13510,38.4463,-106.011,449.975,444.975,100,100,Chaffee,On-Air,,363976,28368,APRS Net: Sun at 19:00. Region 5 District 2 ARES Net: Sun at 19:30. Statewide ARES Net: Sun at 20:00. Region 5 District 1 ARES Net: Mon at 19:00. RGARC Net: Wed at 19:00.,CCARC,2017-03-11,K0JSC.COM,,,,,,,,,Can be linked to various local repeater systems via the remote base. Echolink/IRLP connects restricted. Email me to be added to the authorized list.,DM68xk,I-25 from Walsenburg to Wyoming and US-50 from La junta to Monarch Pass,2,Full-time to the The Fun Machine System .,,,,,,,,,,,,,,7301,,,,,,,,,,,,
927.8625,-25.8,,WA6IFI,"Salida, Methodist Mountain",CO,OPEN,,,159.62,E,,08,18425,38.44670105,-106.01000214,927.8625,902.025,,,Chaffee,On-Air,CMRG,,,,CCARC,2020-01-01,,,,,,,,,,,,"Wide area coverage, I 25 from Cheyenne south to MM 20 just north of Trinidad. I 76 East to MM 100. I 70 from Idaho Springs to Genoa. Highway 24 from the Colorado Springs to Limon. Highway 24 west of Colorado Springs is spotty to Hartsel. US 50 from Canon City to Las Animas. Salida south to the San Luis Valley to Antonito. Salida North to just south of Leadville. Repeater Coverage Map",,Full-time to the The 900 P25 Network System .,,,,,,,,,,,,,,,,,,,,yes,,yes,,,,
147.285,0.6,88.5,KB0VJJ,"Salida, Methodist Mountain",CO,OPEN,,,159.99,E,,08,204,38.4596,-106.011,147.285,147.885,88.5,123,Chaffee,On-Air,Colorado Connection,,,Central Colorado Traffic Net: Daily at 19:30. Colorado Connection Net (All Welcome): Thu at 20:00. Statewide ARES Net: Sun at 20:00.,CCARC,2016-05-23,,,,,,,,,,,,"Wide area: South Park, Gunnison, Pueblo, and the San Luis Valley south to New Mexico. At extremes, it has been worked from east of Montrose and Blue Mesa Resevoir, on Fremont Pass near Climax, in and around Bailey on U.S. 285, and south toward Trinidad on Interstate 25.",11,Full-time to the Colorado Connection System .,,,,,,,,,,,,,,,,,,,,,,,,,,
145.295,-0.6,107.2,KC0CVU,"Salida, Methodist Mountain",CO,OPEN,,,159.99,E,,08,203,38.4596,-106.011,145.295,144.695,107.2,,Chaffee,On-Air,Cheyenne Mtn Repeater Group,,,,CCARC,2019-08-15,CMRG Repeaters,,,,,,,,,,DM78ik,Wide area.,,,,,,,,,,,,,,,,,,,,,,,,,,,,
146.745,-0.6,100,W0LSD,Nathrop,CO,OPEN,,,160.45,NE,,08,184,38.7129,-106.2,146.745,146.145,100,,Chaffee,On-Air,CLARA,,,,CCARC,2019-07-21,,,,,,,,,,,,,E-power.,,,,,,,,,,,,,,,,,,,,,,,,,,,
442.425,5,,NM5WR,Los Alamos,NM,OPEN,,S,161.74,SE,,35,5181,35.88809967,-106.30699921,442.425,447.425,,,Los Alamos,On-Air,,,,,,2017-07-25,,,,,,,,,,,,30,,,,yes,NM5WR (B),jfindu lookup / dstar-users lookup,,,,,,,,,,,,,,,,,,,,,,
444.775,5,131.8,WD9CMS,Los Alamos,NM,OPEN,,,161.78,SE,,35,123,35.88809967,-106.30599976,444.775,449.775,,,Los Alamos,On-Air,WD9CMS,,,,NMFCC,2017-03-19,,,,,,,,,,"Mixed mode analog and digital P25 system, linked with 927.9 WD9CMS",,Los Alamos and surrounding areas,E-power.,,,,,,,,,,,,,,,,,,,,,yes,293,yes,,,,
146.88,-0.6,CSQ,W5PDO,"Los Alamos, Barranca Mesa",NM,OPEN,,,162.19,SE,,35,194,35.90269852,-106.28199768,146.88,146.28,CSQ,,Los Alamos,On-Air,Los Alamos ARC,,,LAARC: Sun at 2000.,NMFCC,2018-05-17,,,,,,,,,,Located on the Barranca Mesa water tower.,DM65UV,,Autopatch,,,,,,,,,,,,,,,,"Autopatch: Up- *88, wait for dialtone, and dial phone nbr. Down- #.",,,,,,,,,,,
144.265,0,203.5,KC2HSO,Los Alamos,NM,OPEN,I,,162.27,SE,,35,16629,35.88000107,-106.3030014,144.265,144.265,203.5,,Los Alamos,On-Air,,,,,,2017-12-08,,,,,,,,,,,,,,,,,,,,,,,,,,,,8039,,,,,,,,,,,,
442.925,5,CC,KE8AVN,Los Alamos,NM,OPEN,,D,162.27,SE,,35,16602,35.88,-106.303,442.925,447.925,,,Los Alamos,On-Air,,,,,,2018-05-14,,yes,1,,,yes,,,,,,,,,,,,,,,,,,,,,,,,,,,,,,,,,,
927.9,-25,131.8,WD9CMS,Los Alamos,NM,OPEN,,,162.27,SE,,35,12228,35.88000107,-106.3030014,927.9,902.9,,,Los Alamos,On-Air,,,,,NMFCC,2017-02-05,,,,,,,,,,"Mixed mode analog and digital P25 system, linked with 444.775 WD9CMS",,Los Alamos and surrounding areas,,,,,,,,,,,,,,,,,,,,,,yes,293,yes,,,,
224.04,-1.6,100,KA5BIW,Los Alamos,NM,OPEN,,,162.53,SE,,35,9407,35.89199829,-106.28500366,224.04,222.44,100,100,Los Alamos,On-Air,KA5BIW,,,,NMFCC,2019-03-13,,,,,,,,,,linked with 442.0 in Los Alamos and 224.38 in Albuquerque,DM65uv,,,,,,,,,,,,,,,,,,,,,,,,,,,,,
442,5,100,KA5BIW,Los Alamos,NM,OPEN,,,162.53,SE,,35,15608,35.89199829,-106.28500366,442,447,100,,Los Alamos,On-Air,KA5BIW,,,,NMFCC,2019-03-12,http://ka5biw.com/ham_radio/repeater.php,,,,,,,,,Linked to 224.04 in Los Alamos and 224.38 in Albuquerque,DM65UV,,,,,,,,,,,,,,,,,,,,,,,,,,,,,
446.975,-5,,KD0QPG,"Salida, Methodist Mountain",CO,OPEN,,S,163.04,E,,08,9844,38.5347,-105.999,446.975,441.975,,,Chaffee,On-Air,Crestone Amateur Radio Emergency Services,,,,CCARC,2013-07-06,KD0QPG,,,,,,,,,,,,,,Crestone Amateur Radio Emergency Services,yes,KD0QPG (B) Gateway Repeater,jfindu lookup / dstar-users lookup,,,,,,,,,,,,,,,,,,,,,,
446.8125,-5,CC,N0SZ,"Salida, Methodist Mountain",CO,OPEN,,D,163.04,E,,08,12697,38.53469849,-105.99900055,446.8125,441.8125,,,Chaffee,On-Air,RMHAM,,,,,2019-11-27,,yes,7,310825,RMHR c Record retrieved from radioid.net,yes,"Open Talkgroup View Assignment TS TG Access Rocky Mountain Wide 1 700 Southern Colorado 2 719 function myFunction(id) { var x = document.getElementById(id); if (x.className.indexOf(""w3-show"") == -1) { x.className += "" w3-show""; } else { x.className = x.className.replace("" w3-show"", """"); } }",1,2,,,,,,,,,,,,,,,,,,,,,,,,,,,,,,,
447.15,-5,136.5,K0VQ,"Carbondale, Missouri Heights",CO,OPEN,E,,164.54,NNE,ON - IDLE,08,6009,39.4247,-107.097,447.15,442.15,136.5,,Garfield,On-Air,,8150,,,,2011-08-01,,,,,,,,,,"Please contact Tracy, K0VQ, by email or on-the-air prior to attempting to use this node to obtain codes for specific questions and to make sure that proper protocol is followed. Please DO NOT just key up and start issuing DTMF codes, connecting to reflectors, etc., without guidance.",,,,,,,,,,,,,,,,,,,,,,,,,,,,,,
224.02,-1.6,,KI0G,Glenwood Springs,CO,CLOSED,,,166.72,NNE,,08,8181,39.55049896,-107.32499695,224.02,222.42,,,Garfield,,SCARC,,,,CCARC,2012-11-12,,,,,,,,,,,,,,,,,,,,,,,,,,,Unknown,,,,,,,,,,,,,
447.6,-5,,KI0G,Glenwood Springs,CO,CLOSED,,,166.72,NNE,,08,8192,39.5505,-107.325,447.6,442.6,,,Garfield,,Ski Country ARC (SCARC),,,,CCARC,2012-11-12,,,,,,,,,,Link Hub for 146.880.,,40,50,"Full-time to 146.88000 (KI0G) at Glenwood Springs, Sunlight Peak, CO .",,,,,,,,,,,,,Unknown,,,,,,,,,,,,,
449.85,-5,131.8,WA4HND,"Glenwood Springs, Lookout Mountain",CO,OPEN,,,166.72,NNE,,08,13637,39.55049896,-107.32499695,449.85,444.85,131.8,131.8,Garfield,On-Air,,,,Colorado State RACES Wed 1930 local,CCARC,2018-01-15,http://GMRA.org,,,,,,,,,RACES net Wed 1930 Hrs Local,,Glenwood Springs,e-power Linked to GMRA Open System,Full-time to the GMRA Open System .,Grand Mesa Repeater Assoc,,,,,,,,,,,,,,,,,,,,,,,,,
147.3,0.6,107.2,K0VQ,"Glenwood Springs, Three Mile Ridge",CO,OPEN,E,,166.75,NNE,Node Offline,08,131,39.5506,-107.324,147.3,147.9,107.2,,Garfield,Off-Air,Roaring Fork Amateur Repeater Cooperative,266359,,,CCARC,2012-11-10,,,,,,,,,,Single beep courtesy tone when linked and none when unlinked.,,"Wide area: Glenwood Springs, Glenwood Canyon, South Canyon, Carbondale and surrounding areas.",8,,,,,,,,,,,,,,,,,,,,,,,,,,,
448.55,-5,88.5,K7SDC,"Castle Dale, Cedar Mountain",UT,OPEN,I,,167.42,NW,,49,274,39.1719017,-110.6190033,448.55,443.55,88.5,,Emery,On-Air,N7QLO,,,,UVHFS,2014-11-05,,,,,,,,,,Stand alone.,DM49QE,"Wide area: Price on the west to Green River, Utah toward the south, bounded by the Bookcliffs on the north and east.",Remote base.,,,,,,,,,,,,,,,3280,,,,,,,,,,,,
447.125,-5,100,K7YI,"Castle Dale, Cedar Mountain",UT,CLOSED,,,167.42,NW,,49,74,39.1719,-110.619,447.125,442.125,100,,Emery,,San Rafael Cactus Assoc,,,,UVHFS,2008-07-10,,,,,,,,,,,,"Wide area: This covers (approximately) from Price on the west to Green River, Utah toward the south, bounded by the Bookcliffs on the north and east.",7,,Cactus-Intertie,,,,,,,,,,,,Unknown,,,,,,,,,,,,,
147.14,0.6,88.5,K7SDC,"Castle Dale, Cedar Mountain",UT,OPEN,EI,,167.44,NW,ON - IDLE,49,57,39.17150116,-110.62000275,147.14,147.74,88.5,,Emery,On-Air,Sinbad Desert ARC,64264,,,UVHFS,2015-08-04,http://sdarc.us/repeaters/cedar.html,,,,,,,,,7,DM49QE,"Wide area: Price on the west to Green River, Utah toward the south, bounded by the Bookcliffs on the north and east.","Closed autopatch, remote base.",Full-time to the Sinbad Desert (SDARC) System .,,,,,,,,,,,,,,3270,,,,,,,,,,,,
448.075,-5,,K7YI,"Price, Cedar Mountain",UT,OPEN,,S,167.6,NW,,49,4237,39.185,-110.605,448.075,443.075,,,Carbon,Off-Air,Sinbad Desert Amateur Radio Club,,,,,2013-12-07,,,,,,,,,,,,,,,,yes,K7YI (B),jfindu lookup / dstar-users lookup,,,,,,,,,,,,,,,,,,,,,,
147.18,0.6,100,KD5PX,"Dixon, Cerro Abajo",NM,OPEN,,,169.09,SE,,35,15923,36.19889832,-105.88899994,147.18,147.78,100,100,Rio Arriba,On-Air,,,,,NMFCC,2018-04-13,,,,,,,,,,,DM76BF,Dixon Embudo Ojo Sarco St Rd 68 Rio Grande Canyon,,,,,,,,,,,,,,,,,,,,,,,,,,,,
449.625,-5,136.5,NR7G,"St Johns, Red Sky Ranch",AZ,OPEN,,,173.59,SSW,,04,18204,34.90999985,-109.33200073,449.625,444.625,136.5,,Apache,On-Air,,,,,,2019-10-21,,,,,,,,,,,DM54iv,,,,,,,,,,,,,,,,,,,,,,,,,,,,,
145.39,-0.6,100,KF5PFO,"Red River, Molycorp",NM,OPEN,,,175.42,SE,,35,137,36.69300079,-105.51399994,145.39,144.79,100,,Taos,On-Air,Taos ARC,,,,NMFCC,2017-09-01,Taos Amateur Radio Club,,,,,,,,,,DM76FQ,Wide area.,"E-power, linked.",,,,,,,,,,,,,,,,,,,,,,,,,,,
442.75,5,162.2,KC5IPK,Rio Rancho,NM,OPEN,EI,,176.47,SE,Node Offline,35,3112,35.2744,-106.737,442.75,447.75,162.2,,Sandoval,On-Air,KC5IPK,214956,,,NMFCC,2017-02-11,,,,,,,,,,,,"Rio Rancho, Albuquerque, Corrales.",E-power.,,,,,,,,,,,,,,,7855,,,,,,,,,,,,
147.1,0.6,100,NM5RR,"Rio Rancho, Rainbow",NM,OPEN,A,,176.47,SE,,35,139,35.2743988,-106.73699951,147.1,147.7,100,100,Sandoval,On-Air,Sandoval Co ARES,,27749,,NMFCC,2017-02-10,http://www.nmscares.org,,,,,,,,,,DM65PG,,"E-power, remote base, Linked to 443.100 and 147.080.","Full-time to 443.00000 (NM5RR) at Rio Rancho, Rainbow, NM .",,,,,,,,,,,,,,,,,,,,,,,,,,
443,5,100,NM5RR,"Rio Rancho, Rainbow",NM,OPEN,A,,176.47,SE,,35,141,35.2743988,-106.73699951,443,448,100,,Sandoval,On-Air,Sandoval Co ARES,,27750,,NMFCC,2017-02-10,http://www.nmscares.org,,,,,,,,,,DM65PG,Rio Rancho and parts of Santa Fe.,E-power.,"Full-time to 147.10000 (NM5RR) at Rio Rancho, Rainbow, NM .",RACES.,,,,,,,,,,,,,,,,,,,,,,,,,
448.325,-5,100,K0JSC,Westcliffe,CO,OPEN,,,178.91,E,,08,15584,38.1347,-105.466,448.325,443.325,100,100,Custer,On-Air,,,,,,2017-01-06,,,,,,,,,,,,,,Full-time to the The Fun Machine System .,The Fun Machine,,,,,,,,,,,,,,,,,,,,,,,,,
919.1,-25,88.5,ND0Q,"Westcliffe, Deer Peak",CO,OPEN,,,178.91,E,,08,8218,38.1347,-105.466,919.1,894.1,88.5,CSQ,Pueblo,Off-Air,Pueblo HC,,,,CCARC,2016-07-14,,,,,,,,,,,,Wide area.,,,,,,,,,,,,,,,,,,,,,,,,,,,,
147.06,0.6,77,KB0TUC,Westcliffe,CO,OPEN,,,178.96,E,,08,7189,38.1347,-105.465,147.06,147.66,77,77,Custer,On-Air,http://www.qsl.net/rghc,,,,CCARC,2019-08-16,,,,,,,,,,,,,E-power,,,,,,,,,,,,,,,,,,,,,,,,,,,
448.15,-5,103.5,KB0TUC,Westcliffe,CO,OPEN,,,178.96,E,,08,248,38.1347,-105.465,448.15,443.15,103.5,103.5,Custer,On-Air,Royal George ARC,,,,CCARC,2017-03-11,http://www.qsl.net/rghc,,,,,,,,,,,,E-power.,,,,,,,,,,,,,,,,,,,,,,,,,,,
927.775,-25,D116,KB0TUC,Westcliffe,CO,OPEN,,,178.96,E,,08,7192,38.1347,-105.465,927.775,902.775,D116,D116,Custer,On-Air,Royal Gorge Amateur Radio Club,,,,CCARC,2012-06-14,,,,,,,,,,System uses digital PL,,,,,,,,,,,,,,,,,,,,,,,,,,,,,,
448.575,-5,103.5,WZ0N,Hartsel,CO,OPEN,,,178.99,NE,,08,9840,38.88330078,-105.93299866,448.575,443.575,103.5,103.5,Park,Off-Air,,,,,CCARC,2017-11-22,,,,,,,,,,,DM78AV,Western Park County,,"Full-time internet linked to 146.89500 (AB0PC) at Bailey, Dick Mountain, CO .",,,,,,,,,,,,,,,,,,,,,,,,,,
51.5,0,100,KF5PFO,"Taos, Picuris Peak",NM,OPEN,,,179.14,SE,,35,15606,36.24700165,-105.65499878,51.5,51.5,100,,Taos,On-Air,Taos ARC,,,,,2017-08-27,Taos Amateur Radio Club,,,,,,,,,,,,,,,,,,,,,,,,,,,,,,,,,,,,,,,
224.4,-1.6,225.7,KF5PFO,"Taos, Picuris Peak",NM,OPEN,,,179.14,SE,,35,15605,36.24700165,-105.65499878,224.4,222.8,225.7,,Taos,On-Air,Taos ARC,,,,NMFCC,2017-07-06,http://taosarc.org,,,,,,,,,,,,,,,,,,,,,,,,,,,,,,,,,,,,,,,
147.12,0.6,67,KF5PFO,"Taos, Picuris Peak",NM,OPEN,E,,179.2,SE,ON - IDLE,35,172,36.24689865,-105.65399933,147.12,147.72,67,,Taos,On-Air,Taos Amateur Radio Club,828279,,,NMFCC,2017-02-24,http://taosarc.org/,,,,,,,,,,DM76EF,Wide area.,E-power.,,ARRL,,,,,,,,,,,,,,,,,,,,,,,,,
449.875,-5,123,KF5PFO,"Taos, Picuris Peak",NM,OPEN,,,179.22,SE,,35,15612,36.24620056,-105.65399933,449.875,444.875,123,,Taos,Off-Air,Taos ARC,,,,NMFCC,2018-05-21,,,,,,,,,,,DM76EF,,"Linked to 147.34, E-Power.",,,,,,,,,,,,,,,,,,,,,,,,,,,
442.35,5,100,WA5OLD,Rio Rancho,NM,OPEN,,,180.36,SE,,35,140,35.27550125,-106.61799622,442.35,447.35,100,,Sandoval,On-Air,WA5OLD,,,,NMFCC,2017-07-21,,,,,,,,,,,DM65QG,,Autopatch.,,,,,,,,,,,,,,,,,,,,,,,,,,,
147.24,0.6,156.7,N0ZSN,"Leadville, Quail Mountain",CO,OPEN,,,180.9,NE,,08,10827,39.2508,-106.293,147.24,147.84,156.7,156.7,Lake,On-Air,,,,,CCARC,2019-07-23,,,,,,,,,,,,,,,,,,,,,,,,,,,,,,,,,,,,,,,,
147.14,0.6,67,NM5ML,"Taos, Ski Valley",NM,OPEN,,,180.98,SE,,35,11288,36.59780121,-105.44499969,147.14,147.74,67,,Taos,On-Air,,,,,,2017-07-25,http://www.taosarc.com/,,,,,,,,,,,,11,Full-time to the Mega-Link System .,TaosARC,,,,,,,,,,,,,,,,,,,,,,,,,
442.4,5,CC,KG5SLG,"Rio Rancho, NM 528 and Corrales Rd",NM,OPEN,,D,181.24,SE,,35,16499,35.23279953,-106.66300201,442.4,447.4,,,Sandoval,Off-Air,,,,,NMFCC,2019-12-16,,yes,4,,c Record retrieved from radioid.net,yes,,,,Dmr color code 4,,"Rio Rancho, Bernalillo,Albuquerque and plus Northeast heights of Albuquerque","Brandmeister, DMR CC 4, D-Star, Fusion",,,,,,,,,,,,,,,,,,,,,,,,,,,
443.7,5,100,NM5F,Rio Rancho,NM,OPEN,EA,,181.24,SE,ON - IDLE,35,18120,35.23279953,-106.66300201,443.7,448.7,100,,Sandoval,On-Air,,27580,27578,,NMFCC,2019-12-02,,,,,,,,,,,,,,,,,,,,,,,,,,,,,,,,,,,,,,,,
145.37,-0.6,162.2,NM5HD,Rio Rancho,NM,OPEN,I,,181.54,SE,,35,10214,35.19760132,-106.71499634,145.37,144.77,162.2,,Sandoval,On-Air,Adrian Miura,,,,,2014-11-23,,,,,,,,,,,DM65PE,,,,,,,,,,,,,,,,,7706,,,,,,,,,,,,
444.7,5,100,K5CPU,"Rio Rancho, Intel Corp",NM,OPEN,,,181.77,SE,,35,142,35.22499847,-106.66000366,444.7,449.7,100,,Sandoval,On-Air,New Mexico Intel Emergency Amateur Service,,,,NMFCC,2017-07-21,,,,,,,,,,,DM65QF,Albuquerque and vicinity,E-power.,,,,,,,,,,,,,,,,,,,,,,,,,,,
443.2,5,CC,N5QD,Corrales,NM,OPEN,,D,182.82,SE,Static Talkgroups: 93 - North America - Slot 1 3135 - New Mexico - Slot 2 3176 - Southwest USA - Slot 2,35,16498,35.2378006,-106.60700226,443.2,448.2,,,Sandoval,On-Air,,,,,,2019-12-08,http://brandmeister.network/?page=repeater&amp;id=313513,yes,1,313513,Brandmeister c Record retrieved from radioid.net,yes,,,,,,,Brandmeister,,,,,,,,,,,,,,,,,,,,,,,,,,,
443.65,5,CC,NM5SH,Albuquerque,NM,OPEN,,D,183.26,SE,,35,33,35.16189957,-106.72499847,443.65,448.65,,,Bernalillo,On-Air,NM5SH,,,,NMFCC,2019-12-08,NM5SH QSL.net,yes,1,313517,Brandmeister c Record retrieved from radioid.net,yes,,,,,DM65pd,Albuquerque Metro,Brandmeister,,,,,,,,,,,,,,,,,,,,,,,,,,,
443.4,5,100,NM5SV,"Placitas, Sandia Peak",NM,OPEN,,,183.29,SE,,35,14763,35.33599854,-106.44100189,443.4,448.4,100,,Sandoval,On-Air,Sandia Vista ARC,,,,NMFCC,2019-08-10,http://sandiavista.net,,,,,,,,,,DM65SI,,,,,,,,,,,,,,,,,,,,,,,,,,,,,
444.975,5,123,N5TSV,"Taos, Wheeler Peak",NM,OPEN,,,183.39,SE,,35,183,36.55670166,-105.41600037,444.975,449.975,123,,Taos,On-Air,N5TSV,,,,NMFCC,2017-02-13,,,,,,,,,,,DM76HN,,,,,,,,,,,,,,,,,,,,,,,,,,,,,
223.9,-1.6,,KB5UGU,Albuquerque,NM,OPEN,E,,183.67,SE,Node Offline,35,15432,35.1629982,-106.70999908,223.9,222.3,,,Bernalillo,On-Air,,87120,,,,2018-10-16,,,,,,,,,,,DM65PD,,"E-power (solar), Autopatch, Remote base.",,,,,,,,,,,,,,,,United States,,,,,,,,,,,
147.08,0.6,100,NM5SC,"Placitas, La Madera",NM,OPEN,A,,184.22,SE,,35,9768,35.30749893,-106.45700073,147.08,147.68,100,,Sandoval,On-Air,Sandoval County ARES,,28176,Sandoval County ARES: Mon at 19:30.,NMFCC,2017-02-10,http://www.nmscares.org,,,,,,,,,25,DM65SH,"Wide area: Sandia Mtns, Edgewood, Moriarty, Madrid, Golden.","Linked, e-power.",,ARRL,,,,,,,,,,,,,,,,,,,,,,,,,
147.32,0.6,88.5,K7SDC,"Sunnyside, Bruin Point",UT,OPEN,EI,,184.53,NNW,ON - IDLE,49,58,39.6389,-110.342,147.32,147.92,88.5,,Carbon,On-Air,Sinbad Desert ARC,64264,,,UVHFS,2017-09-03,http://sdarc.us/repeaters/bruin.html,,,,,,,,,110,DM49tp,"Wide area: Roosevelt, Duchesne, near Vernal, and Price, with spotty coverage from Price down to I-70 on US-6 and US-10. 50 mi radius.",Remote base.,,,,,,,,,,,,,,,3270,,,,,,,,,yes,,,
449.05,-5,88.5,K7SDC,"Sunnyside, Bruin Point",UT,OPEN,EI,,184.53,NNW,ON - IDLE,49,59,39.6389,-110.342,449.05,444.05,88.5,,Carbon,On-Air,Sinbad Desert ARC,64264,,,UVHFS,2008-07-11,http://sdarc.us/repeaters/bruin.html,,,,,,,,,,,"Wide area: Roosevelt, Duchesne, near Vernal, and Price, with spotty coverage from Price down to I-70 on US-6 and US-10.",Remote base.,,,,,,,,,,,,,,,3270,,,,,,,,,yes,,,
443.15,5,CC,WR7HLN,Santa Fe,NM,OPEN,,D,184.57,SE,"New Repeater in Santa Fe, on the air at 6/24/19 3 Miles West of Santa Fe, NM. 6,870 Feet Elevation. 50 watt Hytera RD985 Repeater. Dual Mix with Analog, PL 131.8. Decibel Products DB-408 omni pattern antenna. Antenna height is 85 feet above ground level. On the air June 24, 2019.",35,18015,35.67869949,-105.99199677,443.15,448.15,,,Bernalillo,On-Air,Mac Pass Repeater Group,,,,NMFCC,2019-12-08,http://www.dmr-montana.net,yes,1,310992,Brandmeister c Record retrieved from radioid.net,yes,,,,,,Santa Fe,"This is a dual mix repeater, analog on PL TONE 131.8, color code 1 DMR",,,,,,,,,,,,,,,,,Yes; analog capable.,,,,,,,,,,
145.175,-0.6,,WX7Y,"Sunny Side, Bruin Peak",UT,OPEN,,,185.04,NNW,,49,15319,39.6447,-110.348,145.175,144.575,,,Carbon,On-Air,SDARC,,,,,2018-01-11,,,,,,,,,,,,Eastern Utah,,,Sinbad Desert A.R.C.,,,,,,,,,,,,,,United States,,,,,,,,,,,
145.25,-0.6,123,KF5PFO,"Red River, Valle Vidal",NM,OPEN,,,185.17,SE,,35,15618,36.75999832,-105.30999756,145.25,144.65,123,,Taos,On-Air,Taos ARC,,,,NMFCC,2017-08-27,Taos Amateur Radio Club,,,,,,,,,,DM76IS,,,,,,,,,,,,,,,,,,,,,,,,,,,,,
449.275,-5,146.2,K9GAJ,Santa Fe,NM,OPEN,I,,185.79,SE,,35,10216,35.651,-105.992,449.275,444.275,146.2,,Santa Fe,On-Air,Fred Homuth,,,,,2017-07-25,,,,,,,,,,,,,,,,,,,,,,,,,,,,3939,,,,,,,,,,,,
445.05,-5,CC,N0SZ,"Leadville, Mosquito Pass",CO,OPEN,,D,185.79,NE,,08,16783,39.2653,-106.182,445.05,440.05,,,Lake,On-Air,K2AD,,,,CCARC,2018-07-07,http://www.rmham.org/,yes,7,310852,,yes,"Open Talkgroup View Assignment TS TG Access Southern Colorado 2 719 Full-Time Central Regional 2 720 Full-Time Northern Colorado Regional 2 721 Full-Time function myFunction(id) { var x = document.getElementById(id); if (x.className.indexOf(""w3-show"") == -1) { x.className += "" w3-show""; } else { x.className = x.className.replace("" w3-show"", """"); } }",,2,,,,,,Rocky Mountain Ham Radio,,,,RMHAM,,,,,,,,,,,,,,,,,,,2,2,
447.775,-5,100,KF5SGT,Santa Fe,NM,OPEN,I,,186.23,SE,,35,13566,35.64799881,-105.98500061,447.775,442.775,100,,Santa Fe,On-Air,,,,,,2017-02-14,,,,,,,,,,,,Santa Fe,,,,,,,,,,,,,,,,7326,,,,,,,,,,,,
145.445,-0.6,88.5,KB0VJJ,"Leadville, Mosquito Pass",CO,OPEN,,,186.43,NE,,08,172,39.28139877,-106.18599701,145.445,144.845,88.5,,Lake,On-Air,Colorado Connection,,,Central Colorado Traffic Net: Daily at 19:30. Colorado Connection Net (all welcome): Thu at 20:00. Statewide ARES: Sun at 20:00.,CCARC,2019-08-16,,,,,,,,,,"At 13,685;, it is one of the highest 2-meter repeaters in North America.",,,E-power (solar).,Full-time to the Colorado Connection System .,,,,,,,,,,,,,,,,,,,,,,,,,,
145.19,-0.6,162.2,,Santa Fe,NM,OPEN,,,186.56,SE,,35,17323,35.68700027,-105.93800354,145.19,144.59,162.2,,Bernalillo,On-Air,,,,,,2018-09-21,,,,,,,,,,,,,,,,,,,,,,,,,,,,,,,,,,,,,,,,
145.21,-0.6,,W5SF,Santa Fe,NM,OPEN,,S,186.56,SE,,35,13769,35.687,-105.938,145.21,144.61,,,Santa Fe,On-Air,W5SF,,,,,2015-11-08,,,,,,,,,,Soon to move to a better location.,,Local Santa Fe,,,Santa Fe Amateur Radio Club,yes,W5SF (C) Gateway Repeater,jfindu lookup / dstar-users lookup,,,,,,,,,,,,,,,,,,,,,,
444.575,5,,W5SF,Santa Fe,NM,OPEN,,S,186.56,SE,,35,13768,35.68700027,-105.93800354,444.575,449.575,,,Santa Fe,On-Air,W5SF,,,,,2015-11-08,,,,,,,,,,Soon to move to a better location,,Local Santa Fe,,,Santa Fe Amateur Radio CLub,yes,W5SF (B) Gateway Repeater,jfindu lookup / dstar-users lookup,,,,,,,,,,,,,,,,,,,,,,
447.125,-5,103.5,AA0BF,"Fairplay, Sacramento Mountain",CO,OPEN,A,,186.83,NE,,08,5336,39.21,-106.087,447.125,442.125,103.5,103.5,Park,On-Air,AA0BF,,45840,"When connected to AB0PC - Bailey: ARES Mon 19:00, Park County Radio Club Wed 19:30.",CCARC,2019-03-08,,,,,,,,,,"Normally linked via Allstar to 45835 - AB0PC, Bailey, CO.",DM69wf,"Covers Fairplay, Alma, and western South Park.",Emergency automatic generator.,,"Park County Radio Club, AB0PC",,,,,,,,,,,,,,,,,,,,,,,,,
147.2,0.6,162.2,W5SF,"Santa Fe, St Vincent Hospital",NM,OPEN,,,187.46,SE,,35,154,35.65930176,-105.94499969,147.2,147.8,162.2,,Santa Fe,On-Air,Santa Fe ARC,,,,NMFCC,2018-09-01,SFARC Repeaters,,,,,,,,,,DM75AP,,E-power. Full time link to Tesuque Peak.,,,,,,,,,,,,,,,,,,,,,,,,,,,
442.25,5,CC,WA5IHL,Albuquerque,NM,OPEN,,D,187.78,SSE,2,35,15732,35.06000137,-106.76999664,442.25,447.25,,,Bernalillo,On-Air,,,,,NMFCC,2019-12-08,http://www.aztrbonet.com/MinimalNetwatch,yes,1,313506,AZ Trbo c Record retrieved from radioid.net,yes,"Open Talkgroup View Assignment TS TG Access Worldwide 1 1 PTT North America 1 3 PTT English 1 13 Full-Time 2 Full-Time Europe 2 2 Full-Time TAC 310 2 310 PTT DCI Bridge 2 3100 PTT Southwest USA 2 3176 PTT function myFunction(id) { var x = document.getElementById(id); if (x.className.indexOf(""w3-show"") == -1) { x.className += "" w3-show""; } else { x.className = x.className.replace("" w3-show"", """"); } }",,,,,Albuquerque,,,,,,,AZ-TrboNet,1,1,1,2,2,2,2,,,,,,,,,,,,,,
224.48,-1.6,100,K6LIE,"Albuquerque, Northeast Heights area",NM,OPEN,I,,188.37,SE,,35,3113,35.1967,-106.51,224.48,222.88,100,,Bernalillo,On-Air,K6LIE,,,,NMFCC,2015-01-12,,,,,,,,,,Moved to new location and added PL,,Entire Albuquerque Area,,,High Desert ARC of New Mexico,,,,,,,,,,,,,3285,,,,,,,,,,,,
446.7625,-5,CC,N0SZ,"Fairplay, Badger",CO,OPEN,,D,188.45,NE,,08,12698,39.0469,-105.87,446.7625,441.7625,,,Park,On-Air,K7PFJ,,,,,2017-03-11,,yes,0,,,yes,"Open Talkgroup View Assignment TS TG Access Rocky Mountain Wide 1 700 Central Regional 2 720 function myFunction(id) { var x = document.getElementById(id); if (x.className.indexOf(""w3-show"") == -1) { x.className += "" w3-show""; } else { x.className = x.className.replace("" w3-show"", """"); } }",1,,,,,,,RMHAM,,,,,,,,,,,,,,,,,,,,,,,2,,
443.85,5,103.5,KC0QIZ,Albuquerque,NM,OPEN,EI,,188.95,SE,Node Offline,35,16283,35.16609955,-106.54299927,443.85,448.85,103.5,,Bernalillo,On-Air,KC0QIZ,881226,,,NMFCC,2017-09-05,,,,,,,,,,,DM65RD,,,,,,,,,,,,,,,,,3818,,,,,,,,,,,,
147.06,0.6,88.5,K7SDC,"Castle Dale, Horn Mountain",UT,OPEN,EI,,189.07,NW,ON - IDLE,49,54,39.2098,-111.142,147.06,147.66,88.5,,Emery,On-Air,Sinbad Desert ARC,64264,,,UVHFS,2015-08-04,http://sdarc.us/repeaters/horn.html,,,,,,,,,8,DM49kf,"Wide area: Most of western Emery County including the towns of Castle Dale, Orangeville, Huntington, Cleveland, Ferron, and further east into the San Rafael desert. It also covers the towns of Sunnyside and East Carbon, UT.","Closed autopatch, remote base.",Full-time to the Sinbad Desert (SDARC) System .,,,,,,,,,,,,,,3270,,,,,,,,,,,,
447.625,-5,100,K7YI,"Castle Dale, Horn Mountain",UT,OPEN,,,189.07,NW,,49,73,39.20959854,-111.14199829,447.625,442.625,100,,Emery,On-Air,San Rafael Cactus Assoc,,,,UVHFS,2008-07-11,,,,,,,,,,,DM49KF,Wide area.,,,Cactus-Intertie,,,,,,,,,,,,,,,,,,,,,,,,,
447.7,-5,123,WX7Y,"Castle Dale, Horn Mountain",UT,OPEN,,,189.07,NW,,49,272,39.2096,-111.142,447.7,442.7,123,,Emery,,,,,,UVHFS,2013-08-05,,,,,,,,,,,,Wide area.,"Closed autopatch, 8,702'.",,,,,,,,,,,,,,Unknown,,,,,,,,,,,,,
223.92,-1.6,88.5,WX7Y,"Huntington, Skyline Dr",UT,OPEN,,,189.08,NW,,49,273,39.20999908,-111.14199829,223.92,222.32,88.5,,Emery,,,,,,UVHFS,,,,,,,,,,,,DM49KF,"Wide area: Extreme southern end of Utah county (to the north) and the valley communities from Fairview and Nephi down to Salina, with coverage toward Delta.","Remote base, 8,702'.",,Sinbad Desert ARC,,,,,,,,,,,,Unknown,,,,,,,,,,,,,
443.75,5,100,WA6CCB,"Albuquerque, Sandia Peak",NM,CLOSED,,,189.24,SE,,35,11724,35.21829987,-106.4509964,443.75,448.75,100,,Bernalillo,Off-Air,"WA6CCB, K5RKE",,,Bosque Youth Amateur Radio Net: M-F at 17:00.,NMFCC,2017-07-21,,,,,,,,,,,DM65SF,,,,,,,,,,,,,,,,,,,,,,,,,,,,,
51.7,-1,156.7,WB5IUZ,"Albuquerque, Sandia Crest",NM,OPEN,,,189.36,SE,,35,4208,35.21670151,-106.44999695,51.7,50.7,156.7,,Bernalillo,Off-Air,K5RKE,,,,NMFCC,2017-07-25,,,,,,,,,,Off the air until spring 2014,DM65SF,,,,,,,,,,,,,,,,,,,,,,,,,,,,,
443.3,5,CC,WR7HLN,"Albuquerque, Sandia Crest",NM,OPEN,,D,189.36,SE,,35,151,35.2167,-106.45,443.3,448.3,,,Bernalillo,On-Air,Mac Pass Repeater Group,,,,NMFCC,2019-08-17,http://dmr-montana.net,yes,1,310792,,yes,,,,Timeslot 1 3135 (New Mexico) Timeslot 2 31301 (MPRG 1),,Wide area.,Brandmeister Networ on DMR Dual Mix Repeater with Analog on PL Tone 131.8,,,,,,,,,,,,,,,,,Yes; analog capable.,,,25,,,,,,,
147.02,0.6,141.3,NM5EM,"Santa Fe, Tesuque Peak",NM,OPEN,,,189.43,SE,,35,15631,35.78530121,-105.78199768,147.02,147.62,141.3,,Santa Fe,On-Air,NMEMA ARC,,,,NMFCC,2017-01-24,,,,,,,,,,,DM75CS,,,,,,,,,,,,,,,,,,,,,,,,,,,,,
442.05,5,100,K5BIQ,"Albuquerque, West Mesa",NM,OPEN,A,,189.48,SE,,35,15759,35.067,-106.701,442.05,447.05,100,100,Bernalillo,On-Air,BERNCO OEM,,28828,,NMFCC,2018-06-16,http://bc-ares.org/wordpress/,,,,,,,,,,,,,,,,,,,,,,,,,,,,,,,,,,,,,,,
442.825,5,131.8,KB5ZQE,"Santa Fe, Tesuque Peak",NM,OPEN,,,189.48,SE,,35,155,35.78499985,-105.78099823,442.825,447.825,131.8,,Santa Fe,On-Air,Santa Fe ARC,,,,NMFCC,2017-07-22,,,,,,,,,,,DM75CS,,Autopatch.,"Full-time to 146.82000 (W5SF) at Santa Fe, Tesuque Peak, NM .",,,,,,,,,,,,,,,,,,,,,,,,,,
146.82,-0.6,162.2,W5SF,"Santa Fe, Tesuque Peak",NM,OPEN,,,189.48,SE,,35,153,35.78499985,-105.78099823,146.82,146.22,162.2,,Santa Fe,On-Air,Santa Fe ARC,,,,NMFCC,2017-07-22,SFARC Repeaters,,,,,,,,,,DM75CS,Wide area.,"Autopatch, e-power.","Full-time to 442.82500 (KB5ZQE) at Santa Fe, Tesuque Peak, NM .",,,,,,,,,,,,,,,,,,,,,,,,,,
442.9,5,CC,KA8JMW,"Albuquerque, Sandia Crest",NM,OPEN,,D,189.53,SE,,35,12414,35.21350098,-106.44999695,442.9,447.9,,,Bernalillo,On-Air,"Rocky Mountain Ham Radio, NM",,,Red Cross Net on Wide - Third Thursday of the month at 1900 Tech Net on Wide - First Saturday of the month at 1900,NMFCC,2019-12-16,DMR Radio Site Information,yes,7,313503,Rocky Mtn c Record retrieved from radioid.net,yes,,,,,DM65SF,,TS 1 TG 700 Wide TS 2 TG 719 South TS 2 TG 713 Albuquerque Local TS 2 TG 505 New Mexico,Full-time to the Colorado TRBO System .,,,,,,,,,,,,,,,,,,,,,,,,,,
445.2625,-5,CC,N0SZ,"Rangely, Cathedral Bluffs",CO,OPEN,,D,189.6,N,,08,17249,40.0875,-108.805,445.2625,440.2625,,,Rio Blanco,On-Air,RMHAM,,,,,2018-10-25,https://www.rmham.org,yes,7,310154,,yes,,,,,,,,,,,,,,,,,,,,,,,,,,,,,,,,,,
145.13,-0.6,100,K5BIQ,"Albuquerque, BCFD Fire Station 35",NM,OPEN,,,189.65,SE,,35,15613,35.1735,-106.51,145.13,144.53,100,100,Bernalillo,On-Air,BERNCO OEM,,,,NMFCC,2018-06-16,http://bc-ares.org/wordpress/,,,,,,,,,,,,,"Full-time to 145.15000 (K5BIQ) at Tijeras, Cedro Peak, NM .",,,,,,,,,,,,,,,,,,,,,,,,,,
443.8,5,,W5MPZ,"Albuquerque, Sandia Crest",NM,OPEN,,S,189.71,SE,,35,9295,35.21030045,-106.44999695,443.8,448.825,,,Bernalillo,On-Air,Sandia National Laboratories ARC,,,,NMFCC,2017-07-08,,,,,,,,,,,,Wide area;,,,,yes,W5MPZ (B) Repeater,jfindu lookup / dstar-users lookup,,,,,,,,,,,,,,,,,,,,,,
442.6,5,100,K5FSB,"Albuquerque, Sandia Peak",NM,OPEN,,,189.89,SE,,35,31,35.20890045,-106.4469986,442.6,447.6,100,,Bernalillo,On-Air,URFMSI,,,,NMFCC,2017-01-15,http://www.urfmsi.org/wp/repeaters/analog/gary-diamond-repeater,,,,,,,,,"Voting receiver. 10,680'",DM65SF,Wide area.,Closed autopatch.,,,,,,,,,,,,,,,,,,,,,,,,,,,
442.1,5,162.2,KB5GAS,"Albuquerque, Sandia Crest",NM,OPEN,I,,189.89,SE,,35,28,35.20890045,-106.4469986,442.1,447.1,162.2,,Bernalillo,On-Air,Albuquerque Gas Balloon Assoc,,,,,2017-07-08,,,,,,,,,,,DM65SF,Wide area.,E-power.,,,,,,,,,,,,,,,3676,,,,,,,,,,,,
442.75,5,162.2,KC5IPK,"Albuquerque, Sandia Crest",NM,OPEN,I,,189.89,SE,,35,203,35.20890045,-106.4469986,442.75,447.75,162.2,,Bernalillo,On-Air,,,,,,2015-04-30,,,,,,,,,,,DM65SF,,10,,,,,,,,,,,,,,,7855,,,,,,,,,,,,
145.29,-0.6,100,NM5ML,"Albuquerque, Sandia Crest",NM,OPEN,,,189.89,SE,,35,15,35.20890045,-106.4469986,145.29,144.69,100,,Bernalillo,On-Air,New Mexico Mega Link Assoc,,,,NMFCC,2017-03-02,http://nm5ml.com/,,,,,,,,,,DM65SF,,10,Full-time to the Mega-Link System .,,,,,,,,,,,,,,,,,,,,,,,,,,
444.325,5,100,NM5ML,"Albuquerque, Sandia Crest",NM,OPEN,,,189.89,SE,,35,37,35.20890045,-106.4469986,444.325,449.325,100,,Bernalillo,On-Air,,,,,NMFCC,2018-01-07,,,,,,,,,,,DM65SF,Wide area.,10,Full-time to the Mega-Link System .,,,,,,,,,,,,,,,,,,,,,,,,,,
145.33,-0.6,100,W5CSY,"Albuquerque, Sandia Crest",NM,OPEN,,,189.89,SE,,35,16,35.2089,-106.447,145.33,144.73,100,,Bernalillo,On-Air,Amateur Radio Caravan Club of New Mexico,,,AACC: Sun at 0900.,NMFCC,2015-12-28,http://caravanradio.org/,,,,,,,,,,,Wide area.,E-power.,"Full-time to 444.00000 (W5CSY) at Albuquerque, Sandia Crest, NM .",,,,,,,,,,,,,,,,,,,,,,,,,,
444,5,100,W5CSY,"Albuquerque, Sandia Crest",NM,OPEN,,,189.89,SE,,35,34,35.2089,-106.447,444,449,100,,Bernalillo,On-Air,Amateur Radio Caravan Club of New Mexico,,,AACC: Sun at 0900.,NMFCC,2017-07-16,http://www.caravanradio.org,,,,,,,,,,,Wide area.,E-power.,"Full-time to 145.33000 (W5CSY) at Albuquerque, Sandia Crest, NM .",,,,,,,,,,,,,,,,,,,,,,,,,,
442.45,5,67,K5FIQ,"Albuquerque, Northern Sandia Mountain Top",NM,OPEN,,,190.07,SE,,35,17186,35.0844,-106.65,442.45,447.45,67,67,Bernalillo,On-Air,Upper Rio Grande FM Society,,,,,2018-07-16,http://www.urfmsi.org,,,,,,,,,,,,"FM, Autopatch",,,,,,,,,,,,,,,,,,,,,,,,,,,
443.5,-5,123,KE5XE,Albuquerque,NM,OPEN,,,190.07,SE,,35,16953,35.08440018,-106.65000153,443.5,438.5,123,,Bernalillo,,,,,,,2018-04-08,,,,,,,,,,,,,,,,,,,,,,,,,,,Unknown,,,,,,,,,,,,,
145.01,0,,W5SCA,"Albuquerque, Sandia Crest",NM,OPEN,,,190.07,SE,,35,16939,35.08440018,-106.65000153,145.01,145.01,,,Bernalillo,,Sandoval County Amateur Radio Emergency Service,,,,,2018-04-04,,,,,,,,,,,,wide-area,Packet node W5SCA-11,,,,,,,,,,,,,,Unknown,,,,,,,,,,,,,
145.29,-0.6,100,WA5IHL,"Albuquerque, Sandia Mnts",NM,OPEN,,,190.07,SE,,35,17322,35.08440018,-106.65000153,145.29,144.69,100,,Bernalillo,On-Air,,,,,,2018-09-21,,,,,,,,,,,,,,,,,,,,,,,,,,,,,,,,,,,,,,,,
146.68,-0.6,,KA7ARZ,Holbrook,AZ,OPEN,,,190.46,SSW,,04,52,34.9022,-110.158,146.68,146.08,,,Navajo,On-Air,Kachina Amateur Radio Club,,,,ARCA,2018-08-06,Kachina Amateur Radio Club,,,,,,,,,,DM44wv,30,,,,,,,,,,,,,,,,,,,,,,,,,,,,
442.525,5,100,K5PRN,"Albuquerque, UNM Campus",NM,OPEN,,,190.83,SE,,35,16270,35.08890152,-106.61799622,442.525,447.525,100,,Bernalillo,On-Air,KE5LOH,,,,NMFCC,2017-07-21,,,,,,,,,,,DM65QC,,,,,,,,,,,,,,,,,,,,,,,,,,,,,
444.35,5,100,NM5ML,"Eagle Nest, Iron Mountain",NM,OPEN,,,191.27,SE,,35,77,36.59999847,-105.25,444.35,449.35,100,,Colfax,On-Air,,,,,NMFCC,2018-01-07,,,,,,,,,,11,DM76JO,,,Full-time to the Mega-Link System .,,,,,,,,,,,,,,,,,,,,,,,,,,
224.32,-1.6,88.5,ND0Q,"Walsenburg, Deer Peak",CO,OPEN,,,191.99,E,,08,245,38.04109955,-105.18499756,224.32,222.72,88.5,,Custer,Off-Air,Pueblo Ham Club,,,,CCARC,2016-07-14,PHC repeaters,,,,,,,,,,DM78JA,,11,,,,,,,,,,,,,,,,,,,,,,,,,,,
447.175,-5,88.5,W0PHC,Pueblo,CO,OPEN,,,191.99,E,,08,197,38.04109955,-105.18499756,447.175,442.175,88.5,,Pueblo,Off-Air,Pueblo Amateur Radio Club,,,,CCARC,2019-12-10,http://www.puebloradio.org/,,,,,,,,,,DM78JA,Wide area: Southeast Colorado.,11,,,,,,,,,,,,,,,,,,,,,,,,,,,
224.58,-1.6,100,KH6JTM,Albuquerque,NM,OPEN,,,192.04,SE,,35,27,35.13769913,-106.4980011,224.58,222.98,100,,Bernalillo,On-Air,KH6JTM,,,,NMFCC,2017-07-20,,,,,,,,,,,DM65SD,,"Autopatch, e-power.",,,,,,,,,,,,,,,,,,,,,,,,,,,
146.74,-0.6,146.2,KD5MHQ,Albuquerque,NM,OPEN,,,192.17,SE,,35,15626,35.109,-106.542,146.74,146.14,146.2,,Bernalillo,On-Air,KD5MHQ,,,,NMFCC,2017-08-25,,,,,,,,,,,,,,,,,,,,,,,,,,,,,,,,,,,,,,,,
147.32,0.6,100,K5LXP,Albuquerque,NM,OPEN,,,192.43,SE,,35,22,35.1306,-106.498,147.32,147.92,100,,Bernalillo,On-Air,K5LXP,,,,NMFCC,2017-08-13,K5LXP Repeters,,,,,,,,,,,,20,,,,,,,,,,,,,,,,,,,,,,,,,,,
449.375,-5,,AE7TA,"Logan, Sedgwick Peak",UT,OPEN,,,192.46,NW,,49,18470,39.32099915,-111.09400177,449.375,444.375,,,Cache,On-Air,Bridgerland ARC,,,,UVHFS,2020-01-19,BARC Repeaters,,,,,,,,,,,,,,,,,,,,,,,,,,,,,,,,,,,,,,,
1299.25,-20,,KF7YIX,"Torquerville, Hurricane Mesa",UT,OPEN,,S,192.46,NW,,49,11163,39.321,-111.094,1299.25,1279.25,,,Washington,On-Air,,,,,UVHFS,,,,,,,,,,,,,,,,,yes,KF7YIX (A) Gateway Repeater,jfindu lookup / dstar-users lookup,,,,,,,,,,,,,,,,,,,,,,
147.465,0,88.5,W5MHG,Albuquerque,NM,OPEN,EA,,192.68,SE,Node Offline,35,15944,35.0946,-106.551,147.465,147.465,88.5,,Bernalillo,On-Air,,465010,28239,,,2017-07-21,http://www.w5mhg.com,,,,,,,,,,,,,,,,,,,,,,,,,,,,,,,,,,,,,,,
224.38,-1.6,100,KA5BIW,Albuquerque,NM,OPEN,,,193.47,SE,,35,17679,35.09590149,-106.52500153,224.38,222.78,100,,Bernalillo,,KA5BIW,,,,,2019-03-21,,,,,,,,,,,,,,,,,,,,,,,,,,,Unknown,,,,,,,,,,,,,
146.9,-0.6,67,K5FIQ,"Albuquerque, Op Ctr",NM,OPEN,,,193.6,SE,,35,38,35.05780029,-106.58699799,146.9,146.3,67,,Bernalillo,On-Air,Upper Rio FM Society,,,,NMFCC,2017-07-16,,,,,,,,,,,DM65QB,Wide area.,5,"Full-time to 147.06000 (K5FIQ) at Clines Corners, Tapia Mesa, NM .",,,,,,,,,,,,,,,,,,,,,,,,,,
449.55,-5,71.9,K5FIQ,"Albuquerque, Op Ctr",NM,OPEN,,,193.6,SE,,35,39,35.05780029,-106.58699799,449.55,444.55,71.9,,Bernalillo,On-Air,Upper Rio FM Soc,,,,NMFCC,2017-07-16,,,,,,,,,,,DM65QB,,5,,,,,,,,,,,,,,,,,,,,,,,,,,,
449.8,-5,67,K5FIQ,"Albuquerque, Op Ctr",NM,OPEN,,,193.6,SE,,35,40,35.0578,-106.587,449.8,444.8,67,,Bernalillo,On-Air,Upper Rio FM Soc,,,,NMFCC,2017-07-16,,,,,,,,,,,,,5,,,,,,,,,,,,,,,,,,,,,,,,,,,
449.45,-5,,W5URR,"Albuquerque, Op Center",NM,OPEN,,S,193.6,SE,,35,7531,35.0578,-106.587,449.45,444.45,,,Bernalillo,On-Air,The Upper Rio FM Society,,,,NMFCC,2017-07-20,http://www.urfmsi.org,,,,,,,,,,,,,,,yes,W5URR (B),jfindu lookup / dstar-users lookup,,,,,,,,,,,,,,,,,,,,,,
147.36,0.6,100,KB5XE,Albuquerque,NM,OPEN,,,193.66,SE,,35,23,35.10919952,-106.49700165,147.36,147.96,100,,Bernalillo,Off-Air,KB5XE,,,,NMFCC,2017-07-16,,,,,,,,,,,DM65SC,,E-power.,,,,,,,,,,,,,,,,,,,,,,,,,,,
147.04,0.6,141.3,NM5EM,"Eagle Nest, Touch Me Not",NM,OPEN,,,194.48,SE,,35,15635,36.57799911,-105.19799805,147.04,147.64,141.3,,Colfax,On-Air,NMEMA ARC,,,,NMFCC,2017-01-24,,,,,,,,,,,DM76JN,,,,,,,,,,,,,,,,,,,,,,,,,,,,,
449,-5,67,WB0WDF,"Canon City, eightmile Mountain",CO,OPEN,,,194.59,E,,08,33,38.5386,-105.349,449,444,67,67,Fremont,On-Air,WB0WDF,,,,CCARC,2012-06-14,Mega Link,,,,,,,,,North of the Royal Gorge Bridge.,,,"E-power (Solar, Wind)",Full-time to the Mega-Link System .,,,,,,,,,,,,,,,,,,,,,,,,,,
927.7,-25,210.7,WB5EZO,Albuquerque,NM,OPEN,,,194.82,SE,,35,192,35.0672,-106.533,927.7,902.7,210.7,,Bernalillo,Off-Air,,,,,,2017-07-21,,,,,,,,,,,,Wide area.,"Closed autopatch, linked.",,,,,,,,,,,,,,,,,,,,,,,,,,,
446.7375,-5,CC,K0JSC,"Canon City, Fremont Peak",CO,OPEN,,D,195.25,E,,08,7184,38.4542,-105.29,446.7375,441.7375,,,Fremont,On-Air,,,,,CCARC,2017-03-11,http://www.k0jsc.com,yes,7,,,yes,"Open Talkgroup View Assignment TS TG Access Rocky Mountain Wide 1 700 Southern Colorado 2 719 function myFunction(id) { var x = document.getElementById(id); if (x.className.indexOf(""w3-show"") == -1) { x.className += "" w3-show""; } else { x.className = x.className.replace("" w3-show"", """"); } }",1,2,Talk Slot 2 linked to the RMHAM trbo system/Talk Slot 1 Local.,DM78ii,Fremont county and state wide on Talk Slot 2. 40 mi radius. Repeater Coverage Map,IPSC Link to the Colorado network on Talk Slot 2.,Full-time to the Colorado TRBO System .,Rocky Mountain Ham Radio,,,,,,,,,,,,,,,,,,,,,,yes,,,
447.25,-5,100,K0JSC,"Canon City, Fremont Peak",CO,OPEN,EIA,,195.25,E,ON - IDLE,08,8879,38.4542,-105.29,447.25,442.25,100,100,Fremont,On-Air,,363976,28368,Region 2 District 2 ARES Net: Tue at 19:00. EOSS Net: Tue at 20:00. RGARC Net: Wed at 19:00. Region 5 District 1 ARES Net: Wed at 19:30. APRS Net: Sun at 19:00. Region 5 District 2 ARES Net: Sun at 19:30. Statewide ARES Net: Sun at 20:00.,CCARC,2013-01-27,K0JSC dot Com,,,,,,,,,,DM78ik,Wide from Custer County to Park County and Chaffee County to Pueblo County. Repeater Coverage Map,,Full-time to the The Fun Machine System .,,,,,,,,,,,,,,7301,,,,,,,,,yes,,,Listen Live
53.03,-1.7,88.5,WB0WDF,"Canon City, Fremont Peak",CO,OPEN,,,195.25,E,,08,29,38.4542,-105.29,53.03,51.33,88.5,88.5,Fremont,On-Air,WB0WDF,,,,CCARC,2012-07-10,Http://www.qsl.net/rghc,,,,,,,,,Split site Fremont peak transmitter and 8 mile mountain reciever.,,,"E-power (Bat). Split Site; TX Fremont Peak, RX 8 Mile Mountain",,RGARC,,,,,,,,,,,,,,,,,,,,,,,,,
145.49,-0.6,103.5,WD0EKR,"Canon City, Fremont Peak",CO,OPEN,,,195.25,E,,08,30,38.4542,-105.29,145.49,144.89,103.5,103.5,Fremont,On-Air,Royal Gorge Amateur Radio Club,,,RGARC Net: Wed at 19:00. ARES Net: Wed at 19:30.,CCARC,2017-03-11,Royal Gorge Amateur Radio Club,,,,,,,,,,DM78ik,,E-power (Bat),,Colorado ARES Region 5 District 1,,,,,,,,,,,,,,,,,,,,,,yes,,,
223.96,-1.6,103.5,WD0EKR,"Canon City, Fremont Peak",CO,OPEN,,,195.25,E,,08,31,38.4542,-105.29,223.96,222.36,103.5,103.5,Fremont,On-Air,RGARC,,,,CCARC,2017-10-04,,,,,,,,,,,,Wide area. Repeater Coverage Map,"E-power (Bat), Remote Base",,,,,,,,,,,,,,,,,,,,,,,,yes,,,
447.75,-5,103.5,WD0EKR,"Canon City, Fremont Peak",CO,OPEN,I,,195.25,E,,08,32,38.4542,-105.29,447.75,442.75,103.5,103.5,Fremont,On-Air,RGARC,,,,CCARC,2017-03-11,Royal Gorge Amateur Radio Club,,,,,,,,,,,,E-power (Bat),,,,,,,,,,,,,,,3081,,,,,,,,,yes,,,
449.9,-5,136.5,W7BAR,"Vernal, Uintah County EOC",UT,OPEN,I,,195.29,NNW,,49,13408,40.1069,-109.378,449.9,444.9,136.5,,Uintah,,Borderline Amateur Radio Club,,,,,2015-07-04,,,,,,,,,,,,"Vernal, Roosevelt, Duchesne and other Uintah basin communities.",,,,,,,,,,,,,,,Unknown,7705,,,,,,,,,,,,
147.38,0.6,,N5GU,Albuquerque,NM,OPEN,,,195.33,SE,,35,24,35.07910156,-106.49700165,147.38,147.98,,,Bernalillo,On-Air,ED&amp;DREW,,,,NMFCC,2017-07-21,,,,,,,,,,,DM65SB,,,,,,,,,,,,,,,,,,,,,,,,,,,,,
927.65,-25,151.4,KC5ZXW,Albuquerque,NM,OPEN,,,195.4,SE,,35,15611,35.06679916,-106.51599884,927.65,902.65,151.4,,Bernalillo,Off-Air,,,,,NMFCC,2017-07-16,,,,,,,,,,,DM65RB,,,,,,,,,,,,,,,,,,,,,,,,,,,,,
927.7,-25,D114,KB0TUC,"Canon City, Fremont Peak",CO,OPEN,,,195.44,E,,08,278,38.45389938,-105.28600311,927.7,902.7,D114,,Fremont,On-Air,Royal Gorge ARC,,,,CCARC,2017-03-11,,,,,,,,,,,,,,,,,,,,,,,,,,,,,,,,,,,,,,,,
444.6,5,CC,N5GU,"Albuquerque, Southeast",NM,OPEN,,D,195.6,SE,,35,16118,35.07920074,-106.48899841,444.6,449.6,,,Bernalillo,On-Air,Drew J. Riedle,,,,NMFCC,2017-07-21,http://brandmeister.network/?page=repeater&amp;id=313509,yes,1,3135092,c Record retrieved from radioid.net,yes,,,,,DM65SB,Albuquerque area,TS 1 Talk Groups *91 World wide *93 North America *3100 USA Nation wide TS 2 Talk Groups *310 TAC 310 *3135 New Mexico State wide *3176 Southwest Region USA,,,,,,,,,,,,,,,,,,,,,,,,,,,
444.1,5,100,KC5ZXW,"Albuquerque, Southeast",NM,OPEN,,,195.65,SE,,35,16271,35.06290054,-106.51499939,444.1,449.1,100,,Bernalillo,On-Air,,,,,NMFCC,2017-07-21,,,,,,,,,,,DM65RB,,,,,,,,,,,,,,,,,,,,,,,,,,,,,
449.75,-5,100,N0ZSN,"La Veta, Cordova Pass",CO,OPEN,EIA,,195.66,ESE,ON - IDLE,08,13485,37.34069824,-105.02400208,449.75,444.75,100,100,Las Animas,On-Air,N0ZSN,363976,28368,,CCARC,2015-07-27,The Fun Machine,,,,,,,,,,,,,Full-time to the The Fun Machine System .,The Fun Machine,,,,,,,,,,,,,7301,,,,,,,,,,,,
445.075,-5,CC,N0SZ,Vail,CO,OPEN,,D,195.77,NE,,08,16781,39.6348,-106.447,445.075,440.075,,,Eagle,On-Air,K2AD,,,,CCARC,2018-02-01,http://www.rmham.org/,yes,7,310851,,yes,,,,,,,,,Rocky Mountain Ham Radio,,,,,,,,,,,,,,,,,,,,,,,,,
224.94,-1.6,,W5AOX,Sandia Park,NM,OPEN,E,,195.85,SE,Node Offline,35,152,35.1631012,-106.34799957,224.94,223.34,,,Bernalillo,Off-Air,W5AOX,3061,,,NMFCC,2018-05-21,http://www.qsl.net/w5aox/,,,,,,,,,,DM65TD,,Remote base.,"Full-time to 444.15000 (W5AOX) at Sandia park, NM .",,,,,,,,,,,,,,,"CB58 (this selects mem 58, or 146.58.. Enter B and the desired memory number, then unkey) VFO Freq Entry CD14*275D (example is to enter 14.275 MHz) Step Freq UP 1 KHz C2 Step Freq DOWN 1 Khz C1 Select/Toggle through Modes C8 Read Back Current Mode C0 (Zero) Read Current Freq in CW C4 Activate Remote Base Transmit 587 Remote Base Receive Only 576 Toggle RX Preamp C5 Toggle RX 20dB Attenuator C3 Select 80/40M Dipole *1A Select Triband (10-15-20-6M) Beam *1B Select Ringo Ranger 2M vert ant *2A Select 2M + 432 horiz beams *2B Scan Start CA (MUST be in monitor-only mode (576) to scan, Starts from current freq) Scan Stop PTT",,,,,,,,,,,
444.15,5,100,W5AOX,Sandia park,NM,OPEN,E,,195.85,SE,Node Offline,35,35,35.1631012,-106.34799957,444.15,449.15,100,,Bernalillo,On-Air,W5AOX,3061,,,NMFCC,2017-07-16,,,,,,,,,,,DM65TD,,,"Full-time to 224.94000 (W5AOX) at Sandia Park, NM .",,,,,,,,,,,,,,,,,,,,,,,,,,
147.345,0.6,88.5,KB0VJJ,Vail,CO,OPEN,,,196.59,NE,,08,241,39.6554,-106.457,147.345,147.945,88.5,123,Eagle,On-Air,Colorado Connection,,,Central Colorado Traffic Net: Daily at 19:3030 Colorado Connection Net (All Welcome): Thu at 20:00. Statewide ARES net: Sun at 20:00.,CCARC,2017-01-06,,,,,,,,,,,,Wide area: Vail Pass to Glenwood Canyon and the Flattops Wilderness to Tennessee Pass. Map,9,Full-time to the Colorado Connection System .,,,,,,,,,,,,,,,,,,,,,,,,,,
145.355,-0.6,100,N0JPX,La Veta,CO,OPEN,I,,196.67,ESE,,08,168,37.50500107,-105.00700378,145.355,144.755,100,,Huerfano,On-Air,N0JPX,,,,CCARC,2019-03-17,,,,,,,,,,,,,"E-power, linked.",,,,,,,,,,,,,,,3974,,,,,,,,,,,,
146.61,-0.6,107.2,K0RV,"Vail, Bald Mountain",CO,OPEN,,,197.16,NE,,08,256,39.6061,-106.356,146.61,146.01,107.2,,Eagle,On-Air,ECHO,,,,CCARC,2012-11-10,,,,,,,,,,,,,11,,,,,,,,,,,,,,,,,,,,,,,,,,,
147.2,0.6,88.5,K7GX,"Price, Wood Hill",UT,OPEN,EI,,197.3,NW,ON - IDLE,49,10058,39.61109924,-110.81199646,147.2,147.8,88.5,,Carbon,On-Air,,64264,,,UVHFS,2018-05-20,,,,,,,,,,,,,,,,,,,,,,,,,,,,3270,,,,,,,,,,,,
448.3,-5,,K7GX,"Price, Wood Hill",UT,OPEN,EI,,197.3,NW,ON - IDLE,49,10061,39.6111,-110.812,448.3,443.3,,,Carbon,,,64264,,,UVHFS,2013-08-05,,,,,,,,,,,,,,,,,,,,,,,,,,,Unknown,3270,,,,,,,,,,,,
145.43,-0.6,88.5,W7CEU,"Price, Wood Hill",UT,OPEN,,,197.34,NW,,49,78,39.6119,-110.812,145.43,144.83,88.5,,Carbon,,,,,,UVHFS,2008-07-11,,,,,,,,,,,,Price.,5,,,,,,,,,,,,,,Unknown,,,,,,,,,,,,,
224.5,-1.6,88.5,W7CEU,"Price, Wood Hill",UT,OPEN,,,197.34,NW,,49,2764,39.6119,-110.812,224.5,222.9,88.5,,Carbon,,College of Eastern Utah ARC,,,,UVHFS,2008-11-25,,,,,,,,,,,,,5,,,,,,,,,,,,,,Unknown,,,,,,,,,,,,,
448.3,-5,88.5,W7CEU,"Price, Wood Hill",UT,OPEN,,,197.34,NW,,49,2765,39.61190033,-110.81199646,448.3,443.3,88.5,,Carbon,,College of Eastern Utah ARC,,,,UVHFS,,,,,,,,,,,,DM49OO,Price.,,,,,,,,,,,,,,,Unknown,,,,,,,,,,,,,
447.6,-5,CC 88.5,W0PHC,"Walsenburg, Badito Cone",CO,OPEN,,D,197.38,ESE,,08,18345,37.77199936,-105.02200317,447.6,442.6,88.5,88.5,Huerfano,Off-Air,Pueblo Amateur Radio Club,,,,CCARC,2019-12-12,http://www.puebloradio.org/,yes,,,c Record retrieved from radioid.net,yes,,,,Repeater off line due to road closure for the winter. (note entered 12/2019),DM77LS,,,,,,,,,,,,,,,,,,,Yes; analog capable.,,,6.25,,,,,,,
447.975,-5,100,K0JSC,"Canon City, Colorado",CO,OPEN,EIA,,197.55,E,ON - IDLE,08,7185,38.43009949,-105.23200226,447.975,442.975,100,100,Fremont,On-Air,K0JSC,363976,28368,Region 2 District 2 ARES Net: Tue at 19:00. EOSS Net: Tue at 20:00. RGARC Net: Wed at 19:00. Region 5 District 1 ARES Net: Wed at 19:30. APRS Net: Sun at 19:00. Region 5 District 2 ARES Net: Sun at 19:30. Statewide ARES Net: Sun at 20:00.,CCARC,2017-03-11,http://www.k0jsc.com,,,,,,,,,,,Canon City area. Repeater Coverage Map,Autopatch.,Full-time to the The Fun Machine System .,,,,,,,,,,,,,,7301,,,,,,,,,,,,Listen Live
224.8,-1.6,,N0AFO,Vail,CO,OPEN,,,198.43,NE,,08,242,39.6403,-106.374,224.8,223.2,,,Eagle,Off-Air,ECHO,,,,CCARC,2018-06-02,,,,,,,,,,,,,,,,,,,,,,,,,,,,,,,,,,,,,,,,
449.9,-5,107.2,N0AFO,Vail,CO,OPEN,,,198.43,NE,,08,243,39.6403,-106.374,449.9,444.9,107.2,107.2,Eagle,Off-Air,ECHO,,,,CCARC,,,,,,,,,,,,,,,,,,,,,,,,,,,,,,,,,,,,,,,,,
442.15,5,100,AB1Q,"Albuquerque, Isleta Pueblo",NM,OPEN,,,198.68,SSE,,35,15696,34.91,-106.7,442.15,447.15,100,,Bernalillo,Off-Air,AB1Q,,,,NMFCC,2018-03-24,,,,,,,,,,,,,Autopatch.,,,,,,,,,,,,,,,,,,,,,,,,,,,
147.34,0.6,100,N5LEM,"Angel Fire, Agua Fria Peak",NM,OPEN,,,198.76,SE,,35,41,36.36000061,-105.20999908,147.34,147.94,100,,Colfax,On-Air,Taos ARC,,,,NMFCC,2017-08-27,Taos Amateur Radio Club,,,,,,,,,,DM76JI,Wide area.,E-power.,,,,,,,,,,,,,,,,,,,,,,,,,,,
147.04,0.6,67,AB1Q,"Isleta Pueblo, 1505 Hwy 314",NM,OPEN,,,198.8,SSE,,35,15633,34.90499878,-106.70600128,147.04,147.64,67,,Bernalillo,On-Air,AB1Q,,,,NMFCC,2020-01-12,,,,,,,,,,,DM64PV,Bernalillo and Valencia counties,,,,,,,,,,,,,,,,,,,,,,,,,,,,
146.84,-0.6,,N7RDZ,Winslow,AZ,OPEN,,,199.14,SW,,04,77,35.02420044,-110.6969986,146.84,146.24,,,Navajo,Off-Air,N7RDZ,,,,ARCA,2019-08-28,N7RDZ,,,,,,,,,,DM45pa,I-40 15 mi radius.,,,Arizona Traffic And Emergency Net,,,,,,,,,,,,,,,,,,,,,,,,,
147.38,0.6,91.5,N7RDZ,Winslow,AZ,OPEN,,,199.14,SW,,04,176,35.0242,-110.697,147.38,147.98,91.5,,Navajo,Off-Air,N7RDZ,,,,ARCA,2019-08-28,N7RDZ,,,,,,,,,,DM45pa,I-40 15 mi radius.,,,Arizona Traffic And Emergency Net,,,,,,,,,,,,,,,,,,,,,,,,,
53.2,-1,107.2,N9PGQ,La Cueva,NM,OPEN,,,199.74,SE,,35,101,35.59109879,-105.73200226,53.2,52.2,107.2,,Santa Fe,Off-Air,N9PGQ,,,,NMFCC,2017-08-22,,,,,,,,,,,,,,,,,,,,,,,,,,,,,,,,,,,,,,,,
146.84,-0.6,107.2,N9PGQ,La Cueva,NM,OPEN,,,199.74,SE,,35,102,35.59109879,-105.73200226,146.84,146.24,107.2,,Santa Fe,,N9PGQ,,,,NMFCC,,,,,,,,,,,,,,,,,,,,,,,,,,,,Unknown,,,,,,,,,,,,,
442.125,5,107.2,N9PGQ,La Cueva,NM,OPEN,,,199.74,SE,,35,103,35.59109879,-105.73200226,442.125,447.125,107.2,,Santa Fe,,,,,,NMFCC,,,,,,,,,,,,,,,,,,,,,,,,,,,,Unknown,,,,,,,,,,,,,
