Frequency,Offset,Tone,Call,Location,ST/PR,Use,VOIP,DGTL,Mi,Dir,,state_id,ID,Latitude,Longitude,Downlink,Uplink,Uplink Tone,County,Op Status,Web links,Coordination,Last update,On-air,Coverage,Sponsor,Features,Downlink Tone,Links,Notes,Affiliate,EchoLink,IRLP,AllStar,Nets,DMR Enabled,Color Code,DMR ID,Wide Network,Talkgroups,Rocky Mountain Wide,Southern Colorado,D-STAR Enabled,Node,Sources,Talkgroup Network,Worldwide,North America,English,Europe,TAC 310,DCI Bridge,Southwest USA,Commands,Grid,Location Photo,P-25 Digital Enabled,NAC,Default Reflector,Central Regional,Northern Colorado Regional,Bandwidth,Mixed-Mode,YSF Digital Enabled,DG-ID
145.19,-0.6,100,KB5ITS,"Cortez, Goodman",CO,OPEN,,,29.82,SE,,08,16606,37.4739,-108.505,145.19,144.59,100,Montezuma,On-Air,http://www.sjcham.com,CCARC,2018-01-15,,,,,,,,,,,,,,,,,,,,,,,,,,,,,,,,,,,,,,,,,,
447.275,-5,100,KB5ITS,"Dolores, Summit Ridge",CO,OPEN,,,29.82,SE,,08,16623,37.4739,-108.505,447.275,442.275,100,Montezuma,On-Air,http://www.sjcham.com,,2017-12-07,,,,,,,,,,,,,,,,,,,,,,,,,,,,,,,,,,,,,,,,,,
223.94,-1.6,,K7QEQ,"Monticello, Abajo Pk",UT,CLOSED,,,30.77,W,,49,49,37.8392,-109.462,223.94,222.34,,San Juan,,,UVHFS,,Unknown,"Wide area: Southeastern Utah, Southwest Colorado, Northwest New Mexico and extreme Northeastern Arizona, including Monticello, Blanding, and much of Canyonlands National Park.",Grand Mesa Rptr Assoc,11,,,,,,,,,,,,,,,,,,,,,,,,,,,,,,,,,,,,,,
447.1,-5,107.2,K7QEQ,"Monticello, Abajo Peak",UT,OPEN,,,30.77,W,,49,124,37.8392,-109.462,447.1,442.1,107.2,San Juan,On-Air,http://gmra.org,UVHFS,2017-04-07,,Wide area.,Grand Mesa Repeater Association (GMRA),E-power.,107.2,Full-time to the GMRA Open System .,11,,,,,,,,,,,,,,,,,,,,,,,,,,,,,,,,,,,
447.4,-5,,K7QEQ,"Monticello, Abajo Peak",UT,CLOSED,,,30.77,W,,49,50,37.8392,-109.462,447.4,442.4,,San Juan,,,UVHFS,,Unknown,"Wide area: Southeastern Utah, Southwest Colorado, Northwest New Mexico and extreme Northeastern Arizona, including Monticello, Blanding, and much of Canyonlands National Park.",,11,,,,Cactus-Intertie,,,,,,,,,,,,,,,,,,,,,,,,,,,,,,,,,,
146.61,-0.6,88.5,K7SDC,"Monticello, Abajo Peak",UT,OPEN,EI,,30.77,W,ON - IDLE,49,60,37.8392,-109.462,146.61,146.01,88.5,San Juan,On-Air,http://www.sdarc.us/repeaters/abajo.html,UVHFS,2017-04-07,,"Wide area: Southeastern Utah, Southwest Colorado, Northwest New Mexico and extreme Northeastern Arizona, including Monticello, Blanding, and much of Canyonlands National Park.",Sinbad Desert ARC,Remote base.,,,11.36,,64264,3270,,,,,,,,,,,,,,,,,,,,,,,,,,,,,,,,
447.275,-5,100,KB5ITS,"Monticello, Abajo Peak",UT,OPEN,,,30.83,W,,49,18460,37.83940125,-109.46299744,447.275,442.275,100,Wayne,On-Air,http://www.sjcham.com,,2020-01-13,,,San Juan Connection,,,Full-time to the SAN JUAN CONNECTION System .,,,,,,,,,,,,,,,,,,,,,,,,,,,,,,,,,,,,
146.79,-0.6,127.3,KD5LWU,"Cortez, Downtown",CO,OPEN,EA,,33.77,SSE,Node Offline,08,61,37.3489,-108.585,146.79,146.19,127.3,Montezuma,On-Air,,CCARC,2015-04-30,,,KD5LWU,,127.3,,,,24336,,29317,4,,,,,,,,,,,,,,,,,,,,,,,,,,,,,,
449.175,-5,127.3,KD5LWU,Cortez,CO,OPEN,E,,33.77,SSE,Node Offline,08,62,37.3489,-108.585,449.175,444.175,127.3,Montezuma,Off-Air,,CCARC,2014-06-30,,,KD5LWU,,,,,,24336,,,,,,,,,,,,,,,,,,,,,,,,,,,,,,,,,
446.7375,-5,CC,N5UBJ,"Mancos, Caviness Mountain",CO,OPEN,,D,44.6,SE,,08,15895,37.345,-108.289,446.7375,441.7375,,Montezuma,On-Air,http://www.rmham.org,CCARC,2018-09-27,,,RMHAM,,,,Talkgroup 700 TS 1 Talkgroup 719 TS 2,,,,,,yes,6,310826,yes,"Open Talkgroup View Assignment TS TG Access Rocky Mountain Wide 1 700 Southern Colorado 1 719 function myFunction(id) { var x = document.getElementById(id); if (x.className.indexOf(""w3-show"") == -1) { x.className += "" w3-show""; } else { x.className = x.className.replace("" w3-show"", """"); } }",1,1,,,,,,,,,,,,,,,,,,,,,,,
145.325,-0.6,100,KB5ITS,"Mancos, Menefee Mountain",CO,OPEN,,,47.16,SE,,08,8168,37.326,-108.248,145.325,144.725,100,Montezuma,On-Air,http://www.sjcham.com,CCARC,2018-01-15,,Wide area.,,E-power.,,,Full time to the San Juan Connection,,,,,,,,,,,,,,,,,,,,,,,,,,,,,,,,,,,
145.325,-0.6,,KB5ITS,"Mancos, Caviness",CO,OPEN,,,49.93,SE,,08,18459,37.36460114,-108.14800262,145.325,144.725,,Montezuma,On-Air,http://www.sjcham.com,,2020-01-12,,,San Juan Connection,,,,,,,,,,,,,,,,,,,,,,,,,,,,,,,,,,,,,,,
442.375,5,100,KB5ITS,"Mancos, Caviness Mountain",CO,OPEN,,,50.02,SE,,08,15896,37.36,-108.15,442.375,447.375,100,Montezuma,On-Air,,,2017-11-30,,,San Juan Connection,,,Full-time to the San Juan Connection System .,,,,,,,,,,,,,,,,,,,,,,,,,,,,,,,,,,,,
449.7,-5,107.2,KB0YNA,"Telluride, Gray Head",CO,OPEN,I,,53.26,E,,08,254,37.991,-107.972,449.7,444.7,107.2,San Miguel,On-Air,,CCARC,2017-12-07,,Wide Area via links - Western Colorado - Eastern Utah,Grand Mesa Repeater Association ( GMRA ),E-power.,107.2,Full-time to the GMRA Open System .,Closed IRLP out - Ask for a control Op,,,3710,,RACES: Wed at 19:30.,,,,,,,,,,,,,,,,,,,,,,,,,,,,,,
146.67,-0.6,100,K0EP,"Durango, Eagle Pass",CO,OPEN,,,54.62,SE,,08,113,37.4153,-108.012,146.67,146.07,100,La Plata,On-Air,DARC Repeaters,CCARC,2019-04-01,,Wide area.,Durango ARC,11,100,"Part-time to 147.37500 (KB5ITS) at Silverton, Kendall Mountain, CO .",Linked active in the summer months only.,,,,,,,,,,,,,,,,,,,,,,,,,,,,,,,,,,,
146.76,-0.6,88.5,K7QEQ,"Moab, Bald Mesa",UT,OPEN,,,57.33,NNW,,49,13042,38.5286,-109.322,146.76,146.16,88.5,Grand,On-Air,http://www.sdarc.us/repeaters/bald.html,UVHFS,2017-11-04,,Moab and immediate surroundings.,Sinbad Desert ARC,,,,8,,,,,,,,,,,,,,,,,,,,,,,,,,,,,,,,,,,
449.1,-5,107.2,K7QEQ,"Moab, Bald Mesa",UT,OPEN,,,57.4,NNW,,49,52,38.5286,-109.325,449.1,444.1,107.2,Grand,On-Air,GMRA Repeaters,UVHFS,2017-11-04,,"Wide area: Moab and surrounding areas, including large portions of Arches and Canyonlands National Parks.",Grand Mesa Repeater Association (GMRA),8,107.2,,,,,,,RACES Wed. 1930 hours,,,,,,,,,,,,,,,,,,,,,,,,,,,,,,
449.4,-5,131.8,KB0YNA,"Delta, Uncompahgre Butte",CO,OPEN,I,,57.75,NNE,,08,127,38.5767,-108.647,449.4,444.4,131.8,Mesa,On-Air,http://www.gmra.org,CCARC,2016-08-19,,Wide area via links - Western Colorado - Eastern Utah,"WA4HND, Grand Mesa Repeater Association",E-power.,131.8,Full-time to the GMRA Open System .,Closed IRLP out - Ask for a control op,,,3710,,RACES Wed 1930 Hrs,,,,,,,,,,,,,,,,,,,,,,,,,,,,,,
145.37,-0.6,100,KB0VIU,Hesperus,CO,OPEN,,,57.89,SE,,08,8169,37.3,-108.028,145.37,144.77,100,La Plata,On-Air,http://www.sjcham.com,CCARC,2018-01-15,,,,E-power.,100,,,,,,,,,,,,,,,,,,,,,,,,,,,,,,,,,,,,,
147.27,0.6,127.3,KB5ITT,"Silverton, Engineer Mountain",CO,OPEN,,,60.29,ESE,,08,208,37.6992,-107.806,147.27,147.87,127.3,San Juan,On-Air,,CCARC,2017-04-14,,Wide area.,KB5ITT,E-power.,,,,Durango ARC,,,,,,,,,,,,,,,,,,,,,,,,,,,,,,,,,,
147.135,0.6,100,KB5ITS,"Durango, Smelter Mountain",CO,OPEN,,,64.93,SE,,08,11545,37.2622,-107.906,147.135,147.735,100,La Plata,On-Air,http://www.sjcham.com,CCARC,2018-01-15,,,,,100,,,,,,,,,,,,,,,,,,,,,,,,,,,,,,,,,,,,,
449.85,-5,100,K0EP,Durango,CO,OPEN,,,65.66,SE,,08,11546,37.2753,-107.88,449.85,444.85,100,La Plata,On-Air,,CCARC,2018-09-26,,,DARC,,100,,,,,,,,,,,,,,,,,,,,,,,,,,,,,,,,,,,,,
448.625,-5,131.8,KC5EVE,Durango,CO,OPEN,,,65.71,SE,,08,115,37.2753,-107.879,448.625,443.625,131.8,La Plata,On-Air,,CCARC,2018-09-26,,Wide area.,KC5EVE,,131.8,,,,,,,,,,,,,,,,,,,,,,,,,,,,,,,,,,,,,
146.9,-0.6,88.5,K7QEQ,Moab,UT,OPEN,,,65.85,NNW,,49,48,38.5739,-109.549,146.9,146.3,88.5,Grand,On-Air,http://sdarc.us/repeaters/moab.html,UVHFS,2015-03-29,,Moab and immediate surroundings.,Sinbad Desert ARC,"Closed autopatch, remote base, linked to Bald Mesa (146.760).",,,,,,,,,,,,,,,,,,,,,,,,,,,,,,,,,,,,,,
449.9,-5,123,KD7HLL,Mexican Hat,UT,OPEN,,,67.05,WSW,,49,100,37.2693,-109.957,449.9,444.9,123,San Juan,On-Air,,UVHFS,2018-01-15,,"Lake Powell area from Bullfrog to Wahweap and Hite, toward the south into Arizona and North as far as Boulder.",,6,,,Part time link to two repeaters,,,,,,,,,,,,,,,,,,,,,,,,,,,,,,,,,,,
447.8,-5,CC,AD0RM,"Ridgway, On top of Log Hill",CO,OPEN,,D,67.18,E,,08,17998,38.18,-107.79,447.8,442.8,,Ouray,On-Air,,,2019-08-17,,Montrose to Ouray,AD0RM,,,,,,,,,,yes,1,,yes,,,,,,,,,,,,,,,,,,,,,,,,,,
146.7,-0.6,100,K0EP,"Durango, Missionary Ridge",CO,OPEN,,,67.21,SE,,08,116,37.3828,-107.778,146.7,146.1,100,La Plata,On-Air,http://durangoarc.org/,CCARC,2018-01-16,,Local.,Durango ARC,9,100,,,,,,,,,,,,,,,,,,,,,,,,,,,,,,,,,,,,,
445.1375,-5,CC,N0SZ,"Durango, Missionary Ridge",CO,OPEN,,D,67.31,SE,,08,16782,37.3669,-107.785,445.1375,440.1375,,La Plata,On-Air,http://www.rmham.org/,CCARC,2018-09-27,,,K2AD,,,,Talkgroup 700 TS 1 Talkgroup 719 TS 2,Rocky Mountain Ham Radio,,,,,yes,7,310854,yes,,,,,,,,,,,,,,,,,,,,,,,,,,
145.325,-0.6,127.3,KB5ITS,"Silverton, Buffalo Boy",CO,OPEN,,,67.84,ESE,,08,16605,37.8119,-107.665,145.325,144.725,127.3,San Juan,On-Air,http://www.sjcham.com,CCARC,2018-01-15,,,,Solar powered,,,,,,,,,,,,,,,,,,,,,,,,,,,,,,,,,,,,,,
444,5,67,KB5ITS,"Silverton, Hazelton",CO,OPEN,,,67.84,ESE,,08,16624,37.8119,-107.665,444,449,67,San Juan,On-Air,http://www.sjcham.com,,2018-08-03,,,,,,,,,,,,,,,,,,,,,,,,,,,,,,,,,,,,,,,,,,
447.525,-5,127.3,KB5ITS,Silverton,CO,OPEN,,,67.89,ESE,,08,210,37.8119,-107.664,447.525,442.525,127.3,San Juan,On-Air,,CCARC,2014-06-30,,Wide area.,KB5ITS,E-power.,,,,,,,,,,,,,,,,,,,,,,,,,,,,,,,,,,,,,,
147.345,0.6,88.5,KB0VJJ,"Durango, Missionary Ridge",CO,OPEN,,,68.7,SE,,08,114,37.35,-107.767,147.345,147.945,88.5,La Plata,On-Air,,CCARC,2016-06-20,,Durango and north towards Molas Divide.,Colorado Connection,,123,Full-time to the Colorado Connection System .,,,,,,Central Colorado Traffic Net: Daily at 19:30. Colorado Connection Net (All Welcome): Thu at 20:00. Statewide ARES: Sun at 20:00.,,,,,,,,,,,,,,,,,,,,,,,,,,,,,,
147.27,0.6,127.3,KB5ITS,"Ouray, Engineer Mountain",CO,OPEN,,,69.64,E,,08,16604,38.0228,-107.671,147.27,147.87,127.3,Ouray,On-Air,http://www.sjcham.com,CCARC,2018-01-15,,,,,,,,,,,,,,,,,,,,,,,,,,,,,,,,,,,,,,,,,,
147.375,0.6,156.7,KB5ITS,"Silverton, Kendall Mountain",CO,OPEN,,,69.77,ESE,,08,209,37.7933,-107.629,147.375,147.975,156.7,San Juan,On-Air,http://www.sjcham.com,CCARC,2018-01-15,,Wide area.,,13,,"Part-time to 146.67000 (K0EP) at Durango, Eagle Pass, CO .",,,,,,,,,,,,,,,,,,,,,,,,,,,,,,,,,,,,
448.825,-5,100,KB5ITS,"Montrose, Raspberry",CO,OPEN,,,73.13,NE,,08,18465,38.41740036,-107.84600067,448.825,443.825,100,Montrose,On-Air,http://www.sjcham.com,,2020-01-17,,"Nucla, Uncompahgre Plateau, coverage into Montrose and ?West End?",San Juan Connection,,,,,,,,,,,,,,,,,,,,,,,,,,,,,,,,,,,,,,,
146.91,-0.6,107.2,KC0UUX,Montrose,CO,OPEN,,,74.54,NE,,08,12442,38.4783,-107.876,146.91,146.31,107.2,Montrose,On-Air,,CCARC,2014-12-13,,,,E-Power,107.2,,,,,,,,,,,,,,,,,,,,,,,,,,,,,,,,,,,,,
146.79,-0.6,107.2,KD5OPD,Montrose,CO,OPEN,,,74.54,NE,,08,7953,38.4783,-107.876,146.79,146.19,107.2,Montrose,On-Air,,CCARC,2012-09-06,,,KC0UXX,E-power.,107.2,,,,,,,,,,,,,,,,,,,,,,,,,,,,,,,,,,,,,
448.65,-5,,KB0YNA,"Montrose, Waterdog Peak",CO,OPEN,,,79.59,E,,08,15213,38.3875,-107.674,448.65,443.65,,Montrose,On-Air,,,2016-10-11,,Wide area.,KB0YNA,,151.4,"Full-time to 447.65000 (KB0YNA) at Gunnison, W Mountain or Tenderfoot Mountain, CO .",,,,,,,,,,,,,,,,,,,,,,,,,,,,,,,,,,,,
447.2,-5,107.2,WA4HND,"Montrose, Waterdog Peak",CO,OPEN,I,,79.59,E,,08,69,38.3875,-107.674,447.2,442.2,107.2,Montrose,On-Air,GMRA Repeaters,CCARC,2018-01-15,,Delta/Montrose,,9,107.2,Full-time to the GMRA Open System .,Closed IRLP out - Ask for a control op,Grand Mesa Repeater Assoc,,3710,,RACES Net Wed at 1930 Hrs.,,,,,,,,,,,,,,,,,,,,,,,,,,,,,,
147.06,0.6,100,NM5SJ,"Nebo, Cedar Hill",NM,OPEN,,,80.89,SE,,35,16667,36.95,-107.85,147.06,147.66,100,San Juan,On-Air,,NMFCC,2018-01-07,,,,,,,,,,,,,,,,,,,,,,,,,,,,,,,,,,,,,,,,,,
444.15,5,,KF5VBF,Farmington,NM,OPEN,,S,81.07,SSE,,35,15650,36.7281,-108.219,444.15,449.15,,San Juan,On-Air,,,2018-02-02,,,San Juan County,DV only,,,,,,,,,,,,,,,,yes,KF5VBF (B) Repeater,jfindu lookup / dstar-users lookup,,,,,,,,,,,,,,,,,,,,
442.325,5,CC,N5UBJ,Farmington,NM,OPEN,,D,81.07,SSE,2,35,12412,36.7281,-108.219,442.325,447.325,,San Juan,On-Air,http://www.aztrbonet.com/MinimalNetwatch,NMFCC,2018-01-19,,,,AZ-TRBONET,,,,,,,,,yes,1,313501,yes,"Open Talkgroup View Assignment TS TG Access Worldwide 1 1 PTT North America 1 3 PTT English 1 13 Full-Time 2 Full-Time Europe 2 2 Full-Time TAC 310 2 310 PTT DCI Bridge 2 3100 PTT Southwest USA 2 3176 PTT function myFunction(id) { var x = document.getElementById(id); if (x.className.indexOf(""w3-show"") == -1) { x.className += "" w3-show""; } else { x.className = x.className.replace("" w3-show"", """"); } }",,,,,,AZ-TrboNet,1,1,1,2,2,2,2,,,,,,,,,,,,
146.85,-0.6,100,K5WXI,Farmington,NM,OPEN,,,81.09,SSE,,35,85,36.7281,-108.218,146.85,146.25,100,San Juan,On-Air,,NMFCC,,,,Totah ARC,Closed autopatch.,100,,,,,,,,,,,,,,,,,,,,,,,,,,,,,,,,,,,,,
449,-5,100,K5WY,Farmington,NM,OPEN,,,81.09,SSE,,35,87,36.7281,-108.218,449,444,100,San Juan,,,NMFCC,,Unknown,,K5WY,E-power.,,,,,,,,,,,,,,,,,,,,,,,,,,,,,,,,,,,,,,
53.01,-1,131.8,KB5ITS,Farmington,NM,OPEN,,,81.09,SSE,,35,81,36.7281,-108.218,53.01,52.01,131.8,San Juan,On-Air,,NMFCC,2017-07-02,,,KB5ITS,,,,,,,,,,,,,,,,,,,,,,,,,,,,,,,,,,,,,,,
146.76,-0.6,100,KB5ITS,Farmington,NM,OPEN,,,81.09,SSE,,35,84,36.7281,-108.218,146.76,146.16,100,San Juan,On-Air,http://www.sjcham.com,NMFCC,2018-01-15,,,,"Closed autopatch, e-power.",100,Full-time to the San Juan Connection System .,,,,,,,,,,,,,,,,,,,,,,,,,,,,,,,,,,,,
147,0.6,100,KB5ITS,"Farmington, College Hill",NM,OPEN,,,81.09,SSE,,35,86,36.7281,-108.218,147,147.6,100,San Juan,On-Air,,NMFCC,2017-11-30,,,,"Autopatch, e-power.",,,,,,,,,,,,,,,,,,,,,,,,,,,,,,,,,,,,,,
448.15,-5,100,W0GJT,Grand Junction,CO,OPEN,EI,,81.37,NNE,Node Offline,08,153,38.899,-108.496,448.15,443.15,100,Mesa,On-Air,,CCARC,2016-04-22,,,,,,,,,312189,7963,,,,,,,,,,,,,,,,,,,,,,,,,,,,,,,,
1291.7,-20,,KF5VBF,"Farmington, Farmington Bluffs",NM,CLOSED,,S,82.11,SSE,,35,16279,36.7083,-108.226,1291.7,1271.7,,San Juan,On-Air,,NMFCC,2018-02-02,,,San Juan County,DV only,,,,,,,,,,,,,,,,yes,KF5VBF (A) Repeater,jfindu lookup / dstar-users lookup,,,,,,,,,,,,,,,,,,,,
146.88,-0.6,100,KB5ITS,"Aztec, Tank Mtn",NM,OPEN,,,82.29,SE,,35,15629,36.8222,-107.993,146.88,146.28,100,San Juan,On-Air,http://www.sjcham.com,NMFCC,2018-01-15,,,,,,Full-time to the San Juan Connection System .,,,,,,,,,,,,,,,,,,,,,,,,,,,,,,,,,,,,
442.25,5,CC,N5UBJ,Aztec,NM,OPEN,,D,82.29,SE,2,35,12413,36.8222,-107.993,442.25,447.25,,San Juan,On-Air,http://www.aztrbonet.com/MinimalNetwatch,NMFCC,2018-01-21,,,,,,,,,,,,,yes,1,313502,yes,"Open Talkgroup View Assignment TS TG Access Worldwide 1 1 PTT North America 1 3 PTT English 1 13 Full-Time 2 Full-Time Europe 2 2 Full-Time TAC 310 2 310 PTT DCI Bridge 2 3100 PTT Southwest USA 2 3176 PTT function myFunction(id) { var x = document.getElementById(id); if (x.className.indexOf(""w3-show"") == -1) { x.className += "" w3-show""; } else { x.className = x.className.replace("" w3-show"", """"); } }",,,,,,AZ-TrboNet,1,1,1,2,2,2,2,,,,,,,,,,,,
447.45,-5,107.2,KB5ITS,Aztec,NM,OPEN,,,82.33,SE,,35,44,36.8222,-107.992,447.45,442.45,107.2,San Juan,On-Air,,NMFCC,2017-07-19,,,KB5ITS,"E-power, remote base.",,,,,,,,,,,,,,,,,,,,,,,,,,,,,,,,,,,,,,
146.74,-0.6,100,NM5SJ,Aztec,NM,OPEN,,,82.33,SE,,35,43,36.8222,-107.992,146.74,146.14,100,San Juan,On-Air,,NMFCC,2017-07-19,,,Totah ARC,"Closed autopatch, e-power.",,,,,,,,,,,,,,,,,,,,,,,,,,,,,,,,,,,,,,
146.61,-0.6,100,KB5ITS,"Aztec, Hottel Hill",NM,OPEN,,,82.87,SE,,35,18461,36.80630112,-108.0019989,146.61,146.01,100,Taos,On-Air,http://www.sjcham.com,,2020-01-13,,,San Juan Connection,,,,Linked to San Juan Connection,,,,,,,,,,,,,,,,,,,,,,,,,,,,,,,,,,,
147.15,0.6,100,KB5ITS,"Ignacio, Spring Creek",CO,OPEN,,,83.07,SE,,08,8177,37.115,-107.633,147.15,147.75,100,La Plata,On-Air,http://www.sjcham.com,CCARC,2018-01-16,,Bayfield,,E-power.,,,,,,,,,,,,,,,,,,,,,,,,,,,,,,,,,,,,,,
449.2,-5,107.2,,Glade Park,CO,OPEN,,,84.36,N,,08,18392,38.97999954,-108.73999786,449.2,444.2,107.2,Mesa,On-Air,http://www.gmra.org/repeaters.html,,2019-12-22,,,GMRA,Solar Powered,,,,,,,,,,,,,,,,,,,,,,,,,,,,,,,,,,,,,,
145.115,-0.6,,KF5VBE,Farmington,NM,OPEN,,S,84.64,SE,,35,11428,36.7817,-107.99,145.115,144.515,,San Juan,On-Air,,,2018-01-29,,,,,,,,,,,,,,,,,,,,yes,KF5VBE (C) Gateway Repeater,jfindu lookup / dstar-users lookup,,,,,,,,,,,,,,,,,,,,
1291.1,-20,,KF5VBE,Aztec,NM,CLOSED,,S,84.67,SE,,35,16280,36.7823,-107.988,1291.1,1271.1,,San Juan,On-Air,,NMFCC,2019-05-12,,,San Juan County,DV only,,,,,,,,,,,,,,,,yes,KF5VBE (A) Repeater,jfindu lookup / dstar-users lookup,,,,,,,,,,,,,,,,,,,,
147.135,-0.6,123,KB5ITS,"Lake City, Hill 71",CO,OPEN,,,88.64,E,,08,16607,38.03,-107.315,147.135,146.535,123,Hinsdale,On-Air,http://www.sjcham.com,CCARC,2018-01-15,,,,E-power (solar),,,,,,,,,,,,,,,,,,,,,,,,,,,,,,,,,,,,,,
448.65,-5,127.3,KB5ITS,Bloomfield,NM,OPEN,,,88.77,SE,,35,16636,36.7111,-107.985,448.65,443.65,127.3,San Juan,On-Air,,NMFCC,2018-01-07,,,,,,,,,,,,,,,,,,,,,,,,,,,,,,,,,,,,,,,,,,
146.92,-0.6,100,K5WXI,Bloomfield,NM,OPEN,,,88.8,SE,,35,50,36.7111,-107.984,146.92,146.32,100,San Juan,On-Air,,NMFCC,2017-08-25,,,San Juan County OEM,,,,,,,,,,,,,,,,,,,,,,,,,,,,,,,,,,,,,,,
146.94,-0.6,107.2,W0RRZ,"Grand Junction, Black Ridge (Above Colorado Ntl Monument)",CO,OPEN,,,90.2,N,,08,151,39.0656,-108.748,146.94,146.34,107.2,Mesa,On-Air,http://w0rrz.org,CCARC,2016-05-11,,Grand Junction 30-50 mi,Western Colorado Amateur Radio Club,E-power and autopatch for WCARC members,107.2,,,,,,,Oatmeal Net: Mon-Fri at 7:30AM-8:00AM,,,,,,,,,,,,,,,,,,,,,,,,,,,,,,
449.575,-5,131.8,WA4HND,"Grand Junction, Black Ridge",CO,OPEN,I,,90.2,N,,08,155,39.0656,-108.748,449.575,444.575,131.8,Mesa,On-Air,GMRA Repeaters,CCARC,2018-01-15,,Grand Junction,,e-power. Linked to GMRA Open System,131.8,,Closed IRLP out,Grand Mesa Repeater Assoc,,3710,,Wed RACES Net 1930 Hrs,,,,,,,,,,,,,,,,,,,,,,,,,,,,,,
147.355,-0.6,88.5,KB0VJJ,"Grand Junction, Grand Mesa",CO,OPEN,,,90.75,NNE,,08,15581,39.052,-108.565,147.355,146.755,88.5,Mesa,On-Air,,CCARC,2017-01-06,,,Colorado Connection,,123,Full-time to the Colorado Connection System .,,,,,,,,,,,,,,,,,,,,,,,,,,,,,,,,,,,,
145.25,-0.6,100,KB5ITS,"Lukachukai, Roof Butte",AZ,OPEN,,,90.76,S,,04,163,36.4614,-109.096,145.25,144.65,100,Apache,On-Air,,ARCA,2018-10-17,,,San Juan Connection,"E-power, linked.",,Full-time to the San Juan Connection System .,,,,,,,,,,,,,,,,,,,,,,,,,,,,,,,,,,,,
146.82,-0.6,100,NM5SJ,"Red Rock, Roof Butte",AZ,OPEN,,,90.76,S,,04,72,36.4614,-109.096,146.82,146.22,100,Apache,On-Air,,ARCA,2018-02-28,,,Totah ARC,,,,,,,,,,,,,,,,,,,,,,,,,,,,,,,,,,,,,,,
447.5,-5,114.8,KC0ARV,Grand Junction,CO,OPEN,,,91.7,NNE,,08,3757,39.0638,-108.551,447.5,442.5,114.8,Mesa,,,CCARC,2012-11-10,Unknown,,KC0ARV,,,,,,,,,,,,,,,,,,,,,,,,,,,,,,,,,,,,,,,
147.105,0.6,,K0SSI,Grand Junction,CO,OPEN,,,91.71,NNE,,08,8175,39.0639,-108.551,147.105,147.705,,Mesa,On-Air,,CCARC,2013-04-20,,,K0SSI,,,,,,,,,,,,,,,,,,,,,,,,,,,,,,,,,,,,,,,
449,-5,,KB0SW,Grand Junction,CO,CLOSED,,,91.71,NNE,,08,8206,39.0639,-108.551,449,444,,Mesa,On-Air,,CCARC,2015-08-03,,,KB0SW,,107.2,,,Grand Mesa Repeater Assoc,,,,,,,,,,,,,,,,,,,,,,,,,,,,,,,,,,
446.775,-5,,KD0RED,Grand Junction,CO,OPEN,,S,91.71,NNE,,08,11792,39.0639,-108.551,446.775,441.775,,Mesa,On-Air,,,2014-08-16,,,,,,,,,,,,,,,,,,,,yes,KD0RED (B) Gateway Repeater,jfindu lookup / dstar-users lookup,,,,,,,,,,,,,,,,,,,,
449.775,-5,173.8,KD0SMZ,Grand Junction,CO,OPEN,EI,,91.71,NNE,Node Offline,08,11793,39.0639,-108.551,449.775,444.775,173.8,Mesa,On-Air,,CCARC,2015-10-25,,,,,88.5,,,,7572,7573,,,,,,,,,,,,,,,,,,,,,,,,,,,,,,,,
145.22,-0.6,107.2,KE0TY,Grand Junction,CO,OPEN,,,91.71,NNE,,08,8167,39.0639,-108.551,145.22,144.62,107.2,Mesa,,,CCARC,2012-11-12,Unknown,,KE0TY,,,,,,,,,,,,,,,,,,,,,,,,,,,,,,,,,,,,,,,
147.39,0.6,107.2,KE0TY,Grand Junction,CO,OPEN,,,91.72,NNE,,08,152,39.0639,-108.55,147.39,147.99,107.2,Mesa,,,CCARC,2012-11-10,Unknown,,KE0TY,Linked.,,,,,,,,,,,,,,,,,,,,,,,,,,,,,,,,,,,,,,
146.82,-0.6,107.2,W0GJT,"Grand Junction, 9 Mile, Hwy 141, Unaweep",CO,OPEN,A,,91.72,NNE,,08,261,39.0639,-108.55,146.82,146.22,107.2,Mesa,On-Air,,CCARC,2019-02-12,,Wide area: North Western Colorado - South to Montrose and East on I-70.,,,,,,,,,43554,,,,,,,,,,,,,,,,,,,,Enter *83 node# to link. *81 Unlink,,,,,,,,,,,
147.195,0.6,107.2,KC0QXX,"Cedaredge, Cedar Mesa",CO,OPEN,,,94.75,NE,,08,3745,38.9016,-107.926,147.195,147.795,107.2,Delta,,,,2018-04-04,Unknown,Local.,,,,,,Colorado District 25 ARES,,,,,,,,,,,,,,,,,,,,,,,,,,,,,,,,,,
147.36,0.6,100,W0ALC,Cedaredge,CO,OPEN,,,94.75,NE,,08,3749,38.9016,-107.926,147.36,147.96,100,Delta,On-Air,,CCARC,2019-08-26,,,W0ALC,,,,,,,,,,,,,,,,,,,,,,,,,,,,,,,,,,,,,,,
449.825,-5,100,W0ALC,Cedaredge,CO,OPEN,,,94.75,NE,,08,3760,38.9016,-107.926,449.825,444.825,100,Delta,,,CCARC,2018-04-04,Unknown,,W0ALC,,,,,,,,,,,,,,,,,,,,,,,,,,,,,,,,,,,,,,,
145.175,-0.6,107.2,W0RRZ,"Grand Junction, GJT",CO,OPEN,I,,95.65,NNE,,08,147,39.1173,-108.522,145.175,144.575,107.2,Mesa,On-Air,,CCARC,2016-05-11,,Greater grand Junction area.,,"E-power,",,,,,,3161,,,,,,,,,,,,,,,,,,,,,Standard IRLP node commands.,,,,,,,,,,,
449.3,-5,107.2,WA4HND,"Grand Junction, Grand Mesa",CO,OPEN,I,,95.73,NNE,,08,154,39.0539,-108.254,449.3,444.3,107.2,Mesa,On-Air,http://www.gmra.org/,CCARC,2018-01-16,,Wide Area I-70 West Rifle to Western Utah,,e-power Linked to GMRA Open System,107.2,,Closed IRLP out,,,3710,,RACES Wed 1930 hrs,,,,,,,,,,,,,,,,,,,,,,,,,,,,,,
147.36,0.6,100,KB5ITS,"Navajo Dam, Navajo Lake",NM,OPEN,,,97.23,SE,,35,15644,36.8,-107.62,147.36,147.96,100,San Juan,On-Air,http://www.sjcham.com,NMFCC,2018-01-15,,,,,,Full-time to the San Juan Connection System .,,,,,,,,,,,,,,,,,,,,,,,,,,,,,,,,,,,,
446.9125,-5,CC,W0BX,"Grand Junction, Grand Mesa",CO,OPEN,,D,98.51,NNE,,08,16721,39.0889,-108.227,446.9125,441.9125,,Mesa,On-Air,,,2018-01-09,,"Grand Junction, I70",Bill Frost,,,,Brandmeister network,,,,,,yes,1,310868,yes,,,,,,,,,,,,,,,,,,,,,,,,,,
1292.3,-20,,KF5VBD,"Bloomfield, Harris Mesa",NM,CLOSED,,S,98.55,SE,,35,11429,36.65,-107.791,1292.3,1272.3,,San Juan,On-Air,,NMFCC,2018-02-02,,,San Juan County,,,,,,,,,,,,,,,,,yes,KF5VBD (A) Gateway Repeater,jfindu lookup / dstar-users lookup,,,,,,,,,,,,,,,,,,,,
447.35,-5,107.2,,"Cedaredge, Grand Mesa",CO,OPEN,,,98.78,NNE,,08,3755,38.9944,-107.973,447.35,442.35,107.2,Delta,,GMRA Repeaters,CCARC,2012-11-10,Unknown,,Grand Mesa Repeater Assoc (GMRA),,,,,,,,,,,,,,,,,,,,,,,,,,,,,,,,,,,,,,,
147.1,0.6,100,KB5ITS,"Bloomfield, Harris mesa",NM,OPEN,,,100.1,SE,,35,49,36.61,-107.81,147.1,147.7,100,San Juan,On-Air,http://www.sjcham.com,NMFCC,2018-01-15,,,San Juan connection,,,Full-time to the San Juan Connection System .,,,,,,,,,,,,,,,,,,,,,,,,,,,,,,,,,,,,
147.28,0.6,67,NM5ML,"Bloomfield, Harris Mesa",NM,OPEN,,,100.45,SE,,35,51,36.6067,-107.805,147.28,147.88,67,San Juan,On-Air,,NMFCC,2018-01-07,,Wide area.,,6,,Full-time to the Mega-Link System .,,,,,,,,,,,,,,,,,,,,,,,,,,,,,,,,,,,,
449.525,-5,100,N0PKT,"Creede, Bristol Head",CO,OPEN,A,,101.1,ESE,,08,14923,37.7933,-107.055,449.525,444.525,100,Mineral,On-Air,,,2017-01-06,,,N0PKT,,100,Full-time to the The Fun Machine System .,,The Fun Machine,,,43265,,,,,,,,,,,,,,,,,,,,,DM67lt,,,,,,,,,,
449.65,-5,151.4,KB0YNA,"Grand Junction, Grand Mesa",CO,OPEN,I,,104.05,NNE,,08,8763,39.0666,-107.937,449.65,444.65,151.4,Mesa,On-Air,,CCARC,2016-10-28,,Wide area coverage,Keri Washburn,NWS weather alert system.,151.4,"Full-time to 447.65000 (KB0YNA) at Gunnison, W Mountain or Tenderfoot Mountain, CO .",,,,8162,,,,,,,,,,,,,,,,,,,,,11,,,,,,,,,,,
145.355,-0.6,88.5,KB0VJJ,"Grand Junction, Grand Mesa",CO,OPEN,,,104.09,NNE,,08,149,39.0667,-107.936,145.355,144.755,88.5,Mesa,On-Air,,CCARC,2017-01-06,,"Rifle to the east, several miles east of Green River, Utah to the west.",Colorado Connection,E-power.,123,Full-time to the Colorado Connection System .,Colorado Connection system of repeaters,,,,,Central Colorado Traffic Net: Daily at 19:30. Colorado Connection Net (all welcome): Thu at 20:00. Statewide ARES: Sun at 20:00.,,,,,,,,,,,,,,,,,,,,,,,,,,,,,,
147.33,0.6,107.2,KI0MR,Paonia,CO,OPEN,,,104.28,NE,,08,8179,38.8683,-107.592,147.33,147.93,107.2,Delta,On-Air,,CCARC,2016-05-16,,Wide area.,North Fork Repeater Assoc.,,,,,,,,,,,,,,,,,,,,,,,,,,,,,,,,,,,,,,,
147.08,0.6,136.5,K7SDC,"Hanksville, Ellen Peak",UT,OPEN,EI,,105.12,WNW,ON - IDLE,49,56,38.0726,-110.795,147.08,147.68,136.5,Wayne,On-Air,http://sdarc.us/repeaters/mt-ellen.html,UVHFS,2018-08-11,,"Wide area: Areas around the Henry Mountain range in southeastern Utah including Hanksville, Hite, Boulder, Escalante, and Bullfrog.",Sinbad Desert ARC,"Closed autopatch, remote base.",,Full-time to the Sinbad Desert (SDARC) System .,11,,64264,3270,,,,,,,,,,,,,,,,,,,,,,,,,,,,,,,,
146.61,-0.6,123,N0JSP,"Pagosa Springs, Oakbrush Hill",CO,OPEN,,,106.65,SE,,08,188,37.193,-107.1,146.61,146.01,123,Archuleta,On-Air,http://durangoarc.org/,CCARC,2018-01-15,,,,,,,,,,,,,,,,,,,,,,,,,,,,,,,,,,,,,,,,,,
146.925,-0.6,,WA0JS,Creede,CO,OPEN,,,108.24,ESE,,08,63,37.8492,-106.926,146.925,146.325,,Mineral,Off-Air,,CCARC,2012-11-12,,,Creede ARC,,,,WA0JS license expired,,,,,,,,,,,,,,,,,,,,,,,,,,,,,,,,,,,
449.5,-5,107.2,KB0SW,Collbran,CO,OPEN,,,113.98,NNE,,08,36,39.2406,-107.961,449.5,444.5,107.2,Mesa,Off-Air,,CCARC,2016-07-01,,,Grand Mesa Repeater Association (GMRA),E-power.,,,,,,,,,,,,,,,,,,,,,,,,,,,,,,,,,,,,,,
448.75,-5,100,NA7DB,"Page (az), Navajo Mountain",UT,OPEN,,,119.03,WSW,,49,169,37.0342,-110.869,448.75,443.75,100,San Juan,On-Air,,UVHFS,2014-06-30,,"Wide area: Lake Powell area from Bullfrog to Wahweap and Hite, toward the south into Arizona and North as far as Boulder.",,10,,,,,,,,,,,,,,,,,,,,,,,,,,,,,,,,,,,,,,
449.925,-5,100,W7CWI,"Page (AZ), Navajo Mountain",UT,OPEN,,,119.03,WSW,,49,183,37.0342,-110.869,449.925,444.925,100,San Juan,On-Air,,UVHFS,2014-12-20,,"Wide area: Lake Powell area from Bullfrog to Wahweap and Hite, toward the south into Arizona and North as far as Boulder.",Lake Powell ARG,10,,,,,,,,,,,,,,,,,,,,,,,,,,,,,,,,,,,,,,
146.96,-0.6,100,W7WAC,"Page (AZ), Navajo Mountain",UT,OPEN,,,119.03,WSW,,49,218,37.0342,-110.869,146.96,146.36,100,San Juan,On-Air,,UVHFS,2018-06-18,,"Wide area: Lake Powell area from Bullfrog to Wahweap and Hite, toward the south into Arizona and North as far as Boulder.",KE7OZE,,,,10,Intermountain Intertie,,,,,,,,,,,,,,,,,,,,,,,,,,,,,,,,,,
448.6,-5,100,WA7VHF,"Page, Navajo Mountain",UT,OPEN,,,119.03,WSW,,49,11827,37.034,-110.869,448.6,443.6,100,San Juan,On-Air,http://utahvhfs.org/snowlink.html,UVHFS,2018-11-25,,Wide Area.,Utah VHF Society,,,"Full-time to 448.87500 (W7ARA) at Flagstaff, Mt. Elden, AZ . Full-time to the Intermountain Intertie System .",,Intermountain Intertie,,,,UVHFS: Tue at 20:00.,,,,,,,,,,,,,,,,,,,,,,,,,,,,,,
145.43,-0.6,136.5,NM5SJ,Dulce,NM,OPEN,,,119.5,SE,,35,15624,36.9336,-106.999,145.43,144.83,136.5,Rio Arriba,On-Air,,NMFCC,2017-08-25,,,SJC EMCOMM,,,,,,,,,,,,,,,,,,,,,,,,,,,,,,,,,,,,,,,
449.95,-5,,K5GF,Gunnison,CO,OPEN,,,120.36,E,,08,161,38.5458,-106.925,449.95,444.95,,Gunnison,,,CCARC,2012-11-10,Unknown,,K5GF,,,,,,,,,,,,,,,,,,,,,,,,,,,,,,,,,,,,,,,
147.12,0.6,,W0VTL,Gunnison,CO,OPEN,,,120.36,E,,08,160,38.5458,-106.925,147.12,147.72,,Gunnison,On-Air,,CCARC,2014-09-01,,,W0VTL,E-power.,,,,,,,,,,,,,,,,,,,,,,,,,,,,,,,,,,,,,,
449.8,-5,107.2,WA4HND,"Parachute, Mount Callahan",CO,OPEN,,,125.28,NNE,,08,253,39.4519,-108.052,449.8,444.8,107.2,Garfield,On-Air,GMRA Repeaters,CCARC,2018-01-15,,,,8,,,,,,,,,,,,,,,,,,,,,,,,,,,,,,,,,,,,,,
447,-5,107.2,KB0SW,"Loma, Baxter Pass",CO,OPEN,,,125.49,N,,08,174,39.5819,-108.952,447,442,107.2,Garfield,On-Air,,CCARC,2018-01-15,,Wide area.,,8,,,,,,,,,,,,,,,,,,,,,,,,,,,,,,,,,,,,,,
448.2,-5,100,KC5WDV,"Gallup, Deza Bluffs",NM,OPEN,,,128.94,S,,35,13539,35.9031,-108.772,448.2,443.2,100,McKinley,On-Air,,NMFCC,2017-12-27,,,,,,,,McKinley County ARES,,,,,,,,,,,,,,,,,,,,,,,,,,,,,,,,,,
147.22,0.6,67,NM5ML,"Gallup, Deza Bluffs",NM,OPEN,,,128.94,S,,35,89,35.9031,-108.772,147.22,147.82,67,McKinley,On-Air,,NMFCC,2017-12-23,,Wide area.,New Mexico Mega Link Assoc,"Closed autopatch, e-power.",,Full-time to the Mega-Link System .,,,,,,,,,,,,,,,,,,,,,,,,,,,,,,,,,,,,
145.49,-0.6,100,NM5SJ,Lybrook,NM,OPEN,,,129.3,SE,,35,128,36.2333,-107.562,145.49,144.89,100,Rio Arriba,On-Air,,NMFCC,2017-01-16,,,Totah ARC,Closed autopatch.,,,,,,,,,,,,,,,,,,,,,,,,,,,,,,,,,,,,,,
146.76,-0.6,107.2,N0SWE,Rifle,CO,OPEN,E,,132.97,NNE,Node Offline,08,200,39.4745,-107.772,146.76,146.16,107.2,Garfield,Off-Air,,CCARC,2015-06-03,,"New Castle, Silt, Rifle and Rulison and areas around Parachute.","N0SWE, Roaring Fork Amateur Repeater Cooperative",E-power.,,,,,243117,,,,,,,,,,,,,,,,,,,,,,,DM69cl,,,,,,,,,,
448.55,-5,88.5,K7SDC,"Castle Dale, Cedar Mountain",UT,OPEN,I,,134.25,NW,,49,274,39.1719,-110.619,448.55,443.55,88.5,Emery,On-Air,,UVHFS,2014-11-05,,"Wide area: Price on the west to Green River, Utah toward the south, bounded by the Bookcliffs on the north and east.",N7QLO,Remote base.,,,Stand alone.,,,3280,,,,,,,,,,,,,,,,,,,,,,,,,,,,,,,,
447.125,-5,100,K7YI,"Castle Dale, Cedar Mountain",UT,CLOSED,,,134.25,NW,,49,74,39.1719,-110.619,447.125,442.125,100,Emery,,,UVHFS,2008-07-10,Unknown,"Wide area: This covers (approximately) from Price on the west to Green River, Utah toward the south, bounded by the Bookcliffs on the north and east.",San Rafael Cactus Assoc,7,,,,Cactus-Intertie,,,,,,,,,,,,,,,,,,,,,,,,,,,,,,,,,,
147.14,0.6,88.5,K7SDC,"Castle Dale, Cedar Mountain",UT,OPEN,EI,,134.27,NW,ON - IDLE,49,57,39.1715,-110.62,147.14,147.74,88.5,Emery,On-Air,http://sdarc.us/repeaters/cedar.html,UVHFS,2015-08-04,,"Wide area: Price on the west to Green River, Utah toward the south, bounded by the Bookcliffs on the north and east.",Sinbad Desert ARC,"Closed autopatch, remote base.",,Full-time to the Sinbad Desert (SDARC) System .,7,,64264,3270,,,,,,,,,,,,,,,,,,,,,,,,,,,,,,,,
448.075,-5,,K7YI,"Price, Cedar Mountain",UT,OPEN,,S,134.38,NW,,49,4237,39.185,-110.605,448.075,443.075,,Carbon,Off-Air,,,2013-12-07,,,Sinbad Desert Amateur Radio Club,,,,,,,,,,,,,,,,,yes,K7YI (B),jfindu lookup / dstar-users lookup,,,,,,,,,,,,,,,,,,,,
147.08,0.6,162.2,W5SF,"Chama, Overlook Mtn",NM,OPEN,,,140.81,SE,,35,15079,36.91,-106.58,147.08,147.68,162.2,Rio Arriba,On-Air,,NMFCC,2017-04-05,,,SFARC,,,,,,,,,,,,,,,,,,,,,,,,,,,,,,,,,,,,,,,
447.65,-5,151.4,KB0YNA,"Gunnison, W Mountain or Tenderfoot Mountain",CO,OPEN,,,141.02,E,,08,15212,38.6125,-106.543,447.65,442.65,151.4,Gunnison,On-Air,,CCARC,2016-10-28,,Gunnison valley and along East and west on Highway 50.,KB0YNA,"Linked to 448.650 in Montrose, Colorado and 449.650 in Grand Junction, Colorado.",151.4,"Full-time to 448.65000 (KB0YNA) at Montrose, Waterdog Peak, CO . Full-time to 449.65000 (KB0YNA) at Grand Junction, Grand Mesa, CO .",,,,,,,,,,,,,,,,,,,,,,,,,,,,,,,,,,,,
146.85,-0.6,88.5,KB0VJJ,"Glenwood Springs, Sunlight Peak",CO,OPEN,,,141.25,NE,,08,129,39.4264,-107.38,146.85,146.25,88.5,Garfield,On-Air,,CCARC,2016-05-23,,"Wide area: Throughout the Roaring Fork Valley, Glenwood Canyon, East and West on I-70, and the Flattops Wilderness north of Glenwood.",Colorado Connection,70,123,,Part of the Colorado Connection System of Repeaters,,,,,Daily 7:30PM Local Time Central Colorado Traffic Net Thursdays 8:00PM Colorado Connection Net All Welcome Sundays 8:00PM Statewide ARES net,,,,,,,,,,,,,,,,,,,,,,,,,,,,,,
146.88,-0.6,107.2,KI0G,"Glenwood Springs, Sunlight Peak",CO,OPEN,,,141.25,NE,,08,130,39.4264,-107.38,146.88,146.28,107.2,Garfield,On-Air,,CCARC,2012-11-10,,,Ski Country ARC,,,"Full-time to 447.60000 (KI0G) at Glenwood Springs, CO .",,,,,,,,,,,,,,,,,,,,,,,,,,,,,,,,,,,,
447.1,-5,107.2,KI0G,"Glenwood Springs, Sunlight Peak",CO,OPEN,,,141.25,NE,,08,132,39.4264,-107.38,447.1,442.1,107.2,Garfield,On-Air,,CCARC,2012-11-10,,,Ski Country ARC,,,,,,,,,,,,,,,,,,,,,,,,,,,,,,,,,,,,,,,
449.6,-5,107.2,N0XLI,"Glenwood Springs, Sunlight Peak",CO,OPEN,,,141.25,NE,,08,255,39.4264,-107.38,449.6,444.6,107.2,Garfield,On-Air,http://www.gmra.org,CCARC,2018-01-15,,Wide area.,,e-power Linked to GMRA open system,,,,,,,,,,,,,,,,,,,,,,,,,,,,,,,,,,,,,,
449.725,-5,179.9,K0ELK,"Carbondale, Four Mile Ridge",CO,OPEN,IA,,141.88,NE,,08,35,39.4,-107.315,449.725,444.725,179.9,Garfield,On-Air,,CCARC,2012-11-10,,Wide area.,Roaring Fork Amateur Repeater Cooperative (RFARC),EchoLink.,,,,,,3722,28434,,,,,,,,,,,,,,,,,,,,,,,,,,,,,,,
147.39,0.6,107.2,K0SNO,"Carbondale, Four Mile Ridge",CO,OPEN,,,141.88,NE,,08,259,39.4,-107.315,147.39,147.99,107.2,Garfield,On-Air,,,2016-07-14,,"Rifle, Carbondale, El Jebel, Glenwood Springs, Basalt and Aspen.",Roaring Fork Amateur Repeater Cooperative,,,,,,,,,,,,,,,,,,,,,,,,,,,,,,,,,,,,,,,
145.29,-0.6,123,K7LEN,Window Rock,NM,OPEN,,,144.33,S,,35,16750,35.6806,-109.053,145.29,144.69,123,McKinley,Off-Air,,,2018-09-05,,,NARC,,,,,,,,,,,,,,,,,,,,,,,,,,,,,,,,,,,,,,,
442,5,100,KD7LEN,Window Rock,NM,OPEN,,,144.33,S,,35,17731,35.6806,-109.053,442,447,100,McKinley,,,,2019-04-12,Unknown,,NARC,,,,,,,,,,,,,,,,,,,,,,,,,,,,,,,,,,,,,,,
146.67,-0.6,107.2,K0CL,Snowmass Village,CO,OPEN,,,146.07,NE,,08,211,39.2131,-106.937,146.67,146.07,107.2,Pitkin,On-Air,,CCARC,2012-11-10,,Wide area.,Ski Country ARC,Linked.,,,,,,,,,,,,,,,,,,,,,,,,,,,,,,,,,,,,,,
145.325,-0.6,100,KD0MRC,Maysville,CO,OPEN,,,148.28,E,,08,16739,38.5063,-106.345,145.325,144.725,100,Chaffee,On-Air,,,2019-09-04,,wide area,Chaffee Lake Amateur Repeater Association,,,,,,,,,,,,,,,,,,,,,,,,,,,,,,,,,,,,,,,
447.05,-5,136.5,K0VQ,"Aspen, Aspen Mountain",CO,OPEN,,,148.71,NE,,08,260,39.1761,-106.829,447.05,442.05,136.5,Pitkin,On-Air,,CCARC,2012-11-10,,Aspen-Snowmass areas.,Roaring Fork Amateur Repeater Cooperative,,136.5,,,,,,,,,,,,,,,,,,,,,,,,,,,,,,,,,,,,,
147.26,0.6,100,KC5WDV,"Gallup, Gibson Peak",NM,OPEN,,,149.82,S,,35,90,35.6051,-108.685,147.26,147.86,100,McKinley,On-Air,,NMFCC,2018-01-07,,,KC5WDV,VHF/UHF Remote Bases,,,,,,,,,,,,,,,,,,,,,,,,,,,,,,,,,,,,,,
224.02,-1.6,,KI0G,Glenwood Springs,CO,CLOSED,,,149.93,NE,,08,8181,39.5505,-107.325,224.02,222.42,,Garfield,,,CCARC,2012-11-12,Unknown,,SCARC,,,,,,,,,,,,,,,,,,,,,,,,,,,,,,,,,,,,,,,
447.6,-5,,KI0G,Glenwood Springs,CO,CLOSED,,,149.93,NE,,08,8192,39.5505,-107.325,447.6,442.6,,Garfield,,,CCARC,2012-11-12,Unknown,40,Ski Country ARC (SCARC),50,,"Full-time to 146.88000 (KI0G) at Glenwood Springs, Sunlight Peak, CO .",Link Hub for 146.880.,,,,,,,,,,,,,,,,,,,,,,,,,,,,,,,,,,,
449.85,-5,131.8,WA4HND,"Glenwood Springs, Lookout Mountain",CO,OPEN,,,149.93,NE,,08,13637,39.5505,-107.325,449.85,444.85,131.8,Garfield,On-Air,http://GMRA.org,CCARC,2018-01-15,,Glenwood Springs,,e-power Linked to GMRA Open System,131.8,Full-time to the GMRA Open System .,RACES net Wed 1930 Hrs Local,Grand Mesa Repeater Assoc,,,,Colorado State RACES Wed 1930 local,,,,,,,,,,,,,,,,,,,,,,,,,,,,,,
147.3,0.6,107.2,K0VQ,"Glenwood Springs, Three Mile Ridge",CO,OPEN,E,,149.96,NE,Node Offline,08,131,39.5506,-107.324,147.3,147.9,107.2,Garfield,Off-Air,,CCARC,2012-11-10,,"Wide area: Glenwood Springs, Glenwood Canyon, South Canyon, Carbondale and surrounding areas.",Roaring Fork Amateur Repeater Cooperative,8,,,Single beep courtesy tone when linked and none when unlinked.,,266359,,,,,,,,,,,,,,,,,,,,,,,,,,,,,,,,,
447.15,-5,136.5,K0VQ,"Carbondale, Missouri Heights",CO,OPEN,E,,150.59,NE,ON - IDLE,08,6009,39.4247,-107.097,447.15,442.15,136.5,Garfield,On-Air,,,2011-08-01,,,,,,,"Please contact Tracy, K0VQ, by email or on-the-air prior to attempting to use this node to obtain codes for specific questions and to make sure that proper protocol is followed. Please DO NOT just key up and start issuing DTMF codes, connecting to reflectors, etc., without guidance.",,8150,,,,,,,,,,,,,,,,,,,,,,,,,,,,,,,,,
147.32,0.6,88.5,K7SDC,"Sunnyside, Bruin Point",UT,OPEN,EI,,150.8,NNW,ON - IDLE,49,58,39.6389,-110.342,147.32,147.92,88.5,Carbon,On-Air,http://sdarc.us/repeaters/bruin.html,UVHFS,2017-09-03,,"Wide area: Roosevelt, Duchesne, near Vernal, and Price, with spotty coverage from Price down to I-70 on US-6 and US-10. 50 mi radius.",Sinbad Desert ARC,Remote base.,,,110,,64264,3270,,,,,,,,,,,,,,,,,,,,,,DM49tp,yes,,,,,,,,,
449.05,-5,88.5,K7SDC,"Sunnyside, Bruin Point",UT,OPEN,EI,,150.8,NNW,ON - IDLE,49,59,39.6389,-110.342,449.05,444.05,88.5,Carbon,On-Air,http://sdarc.us/repeaters/bruin.html,UVHFS,2008-07-11,,"Wide area: Roosevelt, Duchesne, near Vernal, and Price, with spotty coverage from Price down to I-70 on US-6 and US-10.",Sinbad Desert ARC,Remote base.,,,,,64264,3270,,,,,,,,,,,,,,,,,,,,,,,yes,,,,,,,,,
145.175,-0.6,,WX7Y,"Sunny Side, Bruin Peak",UT,OPEN,,,151.31,NNW,,49,15319,39.6447,-110.348,145.175,144.575,,Carbon,On-Air,,,2018-01-11,,Eastern Utah,SDARC,,,,,Sinbad Desert A.R.C.,,,,,,,,,,,,,,,,,,,,,,,United States,,,,,,,,,,,
449.625,-5,94.8,K0SLV,Monte Vista,CO,OPEN,,,152.32,ESE,,08,18580,37.58418274,-106.13030243,449.625,444.625,94.8,Rio Grande,On-Air,http://K0SLV.COM,,2020-03-11,,,S.A.R.A.,Emergency Power,,,,,,,,,,,,,,,,,,,,,,,,,,,,,,,,,,,,,,
447.1,-5,77,N0KM,Center,CO,OPEN,,,152.47,ESE,,08,16645,37.75,-106.115,447.1,442.1,77,Saguache,On-Air,,,2017-12-13,,,,,,,,,,,,,,,,,,,,,,,,,,,,,,,,,,,,,,,,,,
146.64,-0.6,77,N0KM,Center,CO,OPEN,A,,152.79,ESE,,08,14200,37.7531,-106.109,146.64,146.04,77,Rio Grande,On-Air,,,2016-12-25,,Low level local coverage,,,77,,,,,,28781,,,,,,,,,,,,,,,,,,,,,,,,,,,,,,,
449.75,-5,100,KC5WDV,Gallup,NM,OPEN,E,,154.91,S,ON - IDLE,35,91,35.5281,-108.742,449.75,444.75,100,McKinley,On-Air,,NMFCC,2017-12-23,,,KC5WDV,,,,,,6810,,,,,,,,,,,,,,,,,,,,,,,,,,,,,,,,,
447.625,-5,100,K7YI,"Castle Dale, Horn Mountain",UT,OPEN,,,156.75,NW,,49,73,39.2096,-111.142,447.625,442.625,100,Emery,On-Air,,UVHFS,2008-07-11,,Wide area.,San Rafael Cactus Assoc,,,,,Cactus-Intertie,,,,,,,,,,,,,,,,,,,,,,,,,,,,,,,,,,
447.7,-5,123,WX7Y,"Castle Dale, Horn Mountain",UT,OPEN,,,156.75,NW,,49,272,39.2096,-111.142,447.7,442.7,123,Emery,,,UVHFS,2013-08-05,Unknown,Wide area.,,"Closed autopatch, 8,702'.",,,,,,,,,,,,,,,,,,,,,,,,,,,,,,,,,,,,,,
147.06,0.6,88.5,K7SDC,"Castle Dale, Horn Mountain",UT,OPEN,EI,,156.76,NW,ON - IDLE,49,54,39.2098,-111.142,147.06,147.66,88.5,Emery,On-Air,http://sdarc.us/repeaters/horn.html,UVHFS,2015-08-04,,"Wide area: Most of western Emery County including the towns of Castle Dale, Orangeville, Huntington, Cleveland, Ferron, and further east into the San Rafael desert. It also covers the towns of Sunnyside and East Carbon, UT.",Sinbad Desert ARC,"Closed autopatch, remote base.",,Full-time to the Sinbad Desert (SDARC) System .,8,,64264,3270,,,,,,,,,,,,,,,,,,,,,,DM49kf,,,,,,,,,,
223.92,-1.6,88.5,WX7Y,"Huntington, Skyline Dr",UT,OPEN,,,156.77,NW,,49,273,39.21,-111.142,223.92,222.32,88.5,Emery,,,UVHFS,,Unknown,"Wide area: Extreme southern end of Utah county (to the north) and the valley communities from Fairview and Nephi down to Salina, with coverage toward Delta.",,"Remote base, 8,702'.",,,,Sinbad Desert ARC,,,,,,,,,,,,,,,,,,,,,,,,,,,,,,,,,,
449.375,-5,,AE7TA,"Logan, Sedgwick Peak",UT,OPEN,,,159.76,NW,,49,18470,39.32099915,-111.09400177,449.375,444.375,,Cache,On-Air,BARC Repeaters,UVHFS,2020-01-19,,,Bridgerland ARC,,,,,,,,,,,,,,,,,,,,,,,,,,,,,,,,,,,,,,,
1299.25,-20,,KF7YIX,"Torquerville, Hurricane Mesa",UT,OPEN,,S,159.76,NW,,49,11163,39.321,-111.094,1299.25,1279.25,,Washington,On-Air,,UVHFS,,,,,,,,,,,,,,,,,,,,,yes,KF7YIX (A) Gateway Repeater,jfindu lookup / dstar-users lookup,,,,,,,,,,,,,,,,,,,,
445.2625,-5,CC,N0SZ,"Rangely, Cathedral Bluffs",CO,OPEN,,D,160.5,N,,08,17249,40.0875,-108.805,445.2625,440.2625,,Rio Blanco,On-Air,https://www.rmham.org,,2018-10-25,,,RMHAM,,,,,,,,,,yes,7,310154,yes,,,,,,,,,,,,,,,,,,,,,,,,,,
146.745,-0.6,100,W0LSD,Nathrop,CO,OPEN,,,160.76,E,,08,184,38.7129,-106.2,146.745,146.145,100,Chaffee,On-Air,,CCARC,2019-07-21,,,CLARA,E-power.,,,,,,,,,,,,,,,,,,,,,,,,,,,,,,,,,,,,,,
145.175,-0.6,141.3,NM5EM,"Cuba, Eureka Mesa",NM,OPEN,,,161.57,SE,,35,15615,36.0222,-106.958,145.175,144.575,141.3,Sandoval,Off-Air,,NMFCC,2017-02-18,,,NMEMA ARC,,,,,,,,,,,,,,,,,,,,,,,,,,,,,,,,,,,,,,,
449.9,-5,136.5,W7BAR,"Vernal, Uintah County EOC",UT,OPEN,I,,163.72,N,,49,13408,40.1069,-109.378,449.9,444.9,136.5,Uintah,,,,2015-07-04,Unknown,"Vernal, Roosevelt, Duchesne and other Uintah basin communities.",Borderline Amateur Radio Club,,,,,,,7705,,,,,,,,,,,,,,,,,,,,,,,,,,,,,,,,
147.2,0.6,88.5,K7GX,"Price, Wood Hill",UT,OPEN,EI,,163.76,NW,ON - IDLE,49,10058,39.6111,-110.812,147.2,147.8,88.5,Carbon,On-Air,,UVHFS,2018-05-20,,,,,,,,,64264,3270,,,,,,,,,,,,,,,,,,,,,,,,,,,,,,,,
448.3,-5,,K7GX,"Price, Wood Hill",UT,OPEN,EI,,163.76,NW,ON - IDLE,49,10061,39.6111,-110.812,448.3,443.3,,Carbon,,,UVHFS,2013-08-05,Unknown,,,,,,,,64264,3270,,,,,,,,,,,,,,,,,,,,,,,,,,,,,,,,
145.43,-0.6,88.5,W7CEU,"Price, Wood Hill",UT,OPEN,,,163.8,NW,,49,78,39.6119,-110.812,145.43,144.83,88.5,Carbon,,,UVHFS,2008-07-11,Unknown,Price.,,5,,,,,,,,,,,,,,,,,,,,,,,,,,,,,,,,,,,,,,
224.5,-1.6,88.5,W7CEU,"Price, Wood Hill",UT,OPEN,,,163.8,NW,,49,2764,39.6119,-110.812,224.5,222.9,88.5,Carbon,,,UVHFS,2008-11-25,Unknown,,College of Eastern Utah ARC,5,,,,,,,,,,,,,,,,,,,,,,,,,,,,,,,,,,,,,,
448.3,-5,88.5,W7CEU,"Price, Wood Hill",UT,OPEN,,,163.8,NW,,49,2765,39.6119,-110.812,448.3,443.3,88.5,Carbon,,,UVHFS,,Unknown,Price.,College of Eastern Utah ARC,,,,,,,,,,,,,,,,,,,,,,,,,,,,,,,,,,,,,,,
449.65,-5,107.2,KC0CVU,"Salida, Methodist Mountain",CO,OPEN,,,164.02,E,,08,205,38.4528,-106.018,449.65,444.65,107.2,Chaffee,On-Air,CMRG Repeaters,CCARC,2018-01-15,,Wide area.,,E-power.,,,,,,,,,,,,,,,,,,,,,,,,,,,,,,,,,,,,,,
449.925,-5,103.5,WZ0N,"Salida, Methodist Mountain",CO,OPEN,,,164.02,E,,08,3811,38.4528,-106.018,449.925,444.925,103.5,Chaffee,On-Air,,CCARC,2013-07-05,,"Upper Arkansas and Platte Rivers, and the SLV",,E-power (Bat),103.5,,Identifies with an 'M' following WZ0N callsign which identifies the site as Methodist.,Colorado ARES,,,,,,,,,,,,,,,,,,,,,,,,,,,,,,,,,,
449.975,-5,100,K0JSC,"Salida, Methodist Mountain",CO,OPEN,EIA,,164.26,E,ON - IDLE,08,13510,38.4463,-106.011,449.975,444.975,100,Chaffee,On-Air,K0JSC.COM,CCARC,2017-03-11,,I-25 from Walsenburg to Wyoming and US-50 from La junta to Monarch Pass,,2,100,Full-time to the The Fun Machine System .,Can be linked to various local repeater systems via the remote base. Echolink/IRLP connects restricted. Email me to be added to the authorized list.,,363976,7301,28368,APRS Net: Sun at 19:00. Region 5 District 2 ARES Net: Sun at 19:30. Statewide ARES Net: Sun at 20:00. Region 5 District 1 ARES Net: Mon at 19:00. RGARC Net: Wed at 19:00.,,,,,,,,,,,,,,,,,,,,DM68xk,,,,,,,,,,
927.8625,-25.8,,WA6IFI,"Salida, Methodist Mountain",CO,OPEN,,,164.32,E,,08,18425,38.44670105,-106.01000214,927.8625,902.025,,Chaffee,On-Air,,CCARC,2020-01-01,,"Wide area coverage, I 25 from Cheyenne south to MM 20 just north of Trinidad. I 76 East to MM 100. I 70 from Idaho Springs to Genoa. Highway 24 from the Colorado Springs to Limon. Highway 24 west of Colorado Springs is spotty to Hartsel. US 50 from Canon City to Las Animas. Salida south to the San Luis Valley to Antonito. Salida North to just south of Leadville. Repeater Coverage Map",CMRG,,,Full-time to the The 900 P25 Network System .,,,,,,,,,,,,,,,,,,,,,,,,,,,,yes,,yes,,,,,,
147.285,0.6,88.5,KB0VJJ,"Salida, Methodist Mountain",CO,OPEN,,,164.51,E,,08,204,38.4596,-106.011,147.285,147.885,88.5,Chaffee,On-Air,,CCARC,2016-05-23,,"Wide area: South Park, Gunnison, Pueblo, and the San Luis Valley south to New Mexico. At extremes, it has been worked from east of Montrose and Blue Mesa Resevoir, on Fremont Pass near Climax, in and around Bailey on U.S. 285, and south toward Trinidad on Interstate 25.",Colorado Connection,11,123,Full-time to the Colorado Connection System .,,,,,,Central Colorado Traffic Net: Daily at 19:30. Colorado Connection Net (All Welcome): Thu at 20:00. Statewide ARES Net: Sun at 20:00.,,,,,,,,,,,,,,,,,,,,,,,,,,,,,,
145.295,-0.6,107.2,KC0CVU,"Salida, Methodist Mountain",CO,OPEN,,,164.51,E,,08,203,38.4596,-106.011,145.295,144.695,107.2,Chaffee,On-Air,CMRG Repeaters,CCARC,2019-08-15,,Wide area.,Cheyenne Mtn Repeater Group,,,,,,,,,,,,,,,,,,,,,,,,,,,,,DM78ik,,,,,,,,,,
147.24,0.6,67,NM5ML,"Cuba, Eureka Mesa",NM,OPEN,,,166.27,SE,,35,66,36.0136,-106.844,147.24,147.84,67,Sandoval,On-Air,,NMFCC,2018-01-07,,Wide area.,,9,,Full-time to the Mega-Link System .,,,,,,,,,,,,,,,,,,,,,,,,,,,,,,,,,,,,
446.975,-5,,KD0QPG,"Salida, Methodist Mountain",CO,OPEN,,S,166.64,E,,08,9844,38.5347,-105.999,446.975,441.975,,Chaffee,On-Air,KD0QPG,CCARC,2013-07-06,,,Crestone Amateur Radio Emergency Services,,,,,Crestone Amateur Radio Emergency Services,,,,,,,,,,,,yes,KD0QPG (B) Gateway Repeater,jfindu lookup / dstar-users lookup,,,,,,,,,,,,,,,,,,,,
446.8125,-5,CC,N0SZ,"Salida, Methodist Mountain",CO,OPEN,,D,166.64,E,,08,12697,38.5347,-105.999,446.8125,441.8125,,Chaffee,On-Air,,,2015-01-13,,,RMHAM,,,,,,,,,,yes,0,,yes,"Open Talkgroup View Assignment TS TG Access Rocky Mountain Wide 1 700 Southern Colorado 2 719 function myFunction(id) { var x = document.getElementById(id); if (x.className.indexOf(""w3-show"") == -1) { x.className += "" w3-show""; } else { x.className = x.className.replace("" w3-show"", """"); } }",1,2,,,,,,,,,,,,,,,,,,,,,,,
146.76,-0.6,67,KF5PFO,"Tres Piedras, San Antonio Mountain",NM,OPEN,,,170.57,SE,,35,19,36.8594,-106.019,146.76,146.16,67,Rio Arriba,On-Air,,,2016-04-30,,"Most of Taos County, eastern Rio Arriba County and the San Luis Valley in Southern Colorado.",Taos ARC,11,,,,,,,,,,,,,,,,,,,,,,,,,,,,,,,,,,,,,,
147.22,0.6,100,NM5ML,"Tres Piedras, San Antonio Mountain",NM,OPEN,,,170.61,SE,,35,175,36.8597,-106.018,147.22,147.82,100,Rio Arriba,On-Air,,NMFCC,2017-01-23,,Wide area.,New Mexico Mega Link Assoc,10,,Full-time to the Mega-Link System .,,,,,,,,,,,,,,,,,,,,,,,,,,,,,,,,,,,,
147.24,0.6,156.7,N0ZSN,"Leadville, Quail Mountain",CO,OPEN,,,174.59,NE,,08,10827,39.2508,-106.293,147.24,147.84,156.7,Lake,On-Air,,CCARC,2019-07-23,,,,,156.7,,,,,,,,,,,,,,,,,,,,,,,,,,,,,,,,,,,,,
224.64,-1.6,,N7IMF,"Ephraim, Horseshoe",UT,OPEN,,,175.18,NW,,49,143,39.3367,-111.451,224.64,223.04,,Sanpete,,,UVHFS,,Unknown,Wasatch Front from Payson to Tremonton.,,E-power.,,,,,,,,,,,,,,,,,,,,,,,,,,,,,,,,,,,,,,
146.66,-0.6,100,W7DHH,"Ephraim, Horseshoe",UT,OPEN,I,,175.18,NW,,49,190,39.3367,-111.451,146.66,146.06,100,Sanpete,On-Air,,UVHFS,2017-11-12,,Wide area: Provo to Salina.,Skyline Repeater System,"Autopatch, 10,350'.",,,,,,3576,,,,,,,,,,,,,,,,,,,,,,,,,,,,,,,,
146.72,-0.6,100,WB7REL,"Indianola, Indianola Peak",UT,OPEN,I,,175.18,NW,,49,10229,39.3367,-111.451,146.72,146.12,100,Sanpete,On-Air,,UVHFS,2014-01-20,,Northern San Pete County,W7REL and Sanpete County,,,Full-time to the Skyline Repeater System .,,Skyline Radio Club,,3576,,,,,,,,,,,,,,,,,,,,,,,,,,,,,,,,
146.72,-0.6,100,WB7REL,"East Salina, Salina Canyon",UT,OPEN,I,,176.91,WNW,,49,255,38.9302,-111.814,146.72,146.12,100,Sanpete,On-Air,,UVHFS,2015-06-20,,,Skyline,7,,,,Skyline Repeater System,,3576,,,,,,,,,,,,,,,,,,,,,,,,,,,,,,,,
145.31,-0.6,88.5,K7SDC,"Scofield, Ford Ridge",UT,OPEN,I,,177.5,NW,,49,55,39.7558,-110.99,145.31,144.71,88.5,Carbon,On-Air,http://sdarc.us/repeaters/ford.html,UVHFS,2017-09-03,,Wide area: Scofield and Soldier Smt areas as well as into the Price valley as far south as Huntington and as far east as Sunnyside.,Sinbad Desert ARC,"Closed autopatch, remote base.",,,9,,,3270,,,,,,,,,,,,,,,,,,,,,,,,,,,,,,,,
448.575,-5,103.5,WZ0N,Hartsel,CO,OPEN,,,178.68,E,,08,9840,38.8833,-105.933,448.575,443.575,103.5,Park,Off-Air,,CCARC,2017-11-22,,Western Park County,,,103.5,"Full-time internet linked to 146.89500 (AB0PC) at Bailey, Dick Mountain, CO .",,,,,,,,,,,,,,,,,,,,,,,,,,,,,,,,,,,,
147.04,0.6,141.3,NM5EM,"Abiquiu, Cerro Pelon",NM,OPEN,,,178.85,SE,,35,15632,36.2072,-106.319,147.04,147.64,141.3,Rio Arriba,Off-Air,,NMFCC,2017-01-16,,,NMEMA ARC,,,,,,,,,,,,,,,,,,,,,,,,,,,,,,,,,,,,,,,
146.76,-0.6,67,KF5PFO,"Tres Piedras, San Antonio Mountain",NM,OPEN,,,179.27,SE,,35,174,36.6469,-105.967,146.76,146.16,67,Taos,On-Air,,,2016-08-20,,"Wide area: Most of Taos County, Eastern Rio Arriba County and the San Luis Valley in Southern Colorado.",Taos ARC,11,,,,,,,,,,,,,,,,,,,,,,,,,,,,,,,,,,,,,,
145.175,-0.6,141.3,NM5EM,"Tres Piedras, San Antonio Mtn.",NM,OPEN,,,179.27,SE,,35,15616,36.647,-105.967,145.175,144.575,141.3,Taos,Off-Air,,NMFCC,2017-01-16,,,NMEMA ARC,,,,,,,,,,,,,,,,,,,,,,,,,,,,,,,,,,,,,,,
146.92,-0.6,136.5,W7BYU,Roosevelt,UT,OPEN,E,,179.36,N,Node Offline,49,281,40.355,-109.148,146.92,146.32,136.5,Duchesne,Off-Air,,UVHFS,2017-06-29,,"Vernal, Roosevelt, Duchesne and other Uintah basin communities.",,E-power.,,,,,458695,,,,,,,,,,,,,,,,,,,,,,,,,,,,,,,,,
147.08,0.6,88.5,K7SDC,"Scofield, Boardinghouse Ridge",UT,OPEN,EI,,179.37,NW,ON - IDLE,49,53,39.6568,-111.186,147.08,147.68,88.5,Carbon,On-Air,http://sdarc.us/repeaters/boardinghouse.html,UVHFS,2017-09-03,,Wide area: Scofield and Soldier Smt areas as well as into the Price valley as far south as Huntington and as far east as Sunnyside.,Sinbad Desert ARC,"Closed autopatch, remote base.",,Full-time to the Sinbad Desert (SDARC) System .,9,,64264,3270,,,,,,,,,,,,,,,,,,,,,,,,,,,,,,,,
449.7,-5,136.5,W7BYU,Vernal,UT,OPEN,,,179.45,N,,49,182,40.3564,-109.146,449.7,444.7,136.5,Uintah,,,UVHFS,,Unknown,"Vernal, Roosevelt, Duchesne and other Uintah basin communities.",W7BYU,8,,,,,,,,,,,,,,,,,,,,,,,,,,,,,,,,,,,,,,
147.1,0.6,136.5,W7BAR,"Vernal, Blue Mountain",UT,OPEN,EI,,179.5,N,ON - IDLE,49,163,40.3572,-109.147,147.1,147.7,136.5,Uintah,On-Air,,UVHFS,2017-06-29,,"Wide area: Vernal, Roosevelt, Duchesne and other Uintah basin communities.",""">Borderline ARC","Autopatch, e-power.",,"Full-time to 147.34000 (KG7DSO) at Vernal, Tabby Mountain, UT .",8,,458414,3577,,,,,,,,,,,,,,,,,,,,,"IRLP: No access code, bring up your node by it's node no. and bring it down with a 73.",,,,,,,,,,,
224.98,-1.6,88.5,WX7Y,"Scofield, Boardinghouse Rdge",UT,OPEN,,,179.85,NW,,49,271,39.6567,-111.199,224.98,223.38,88.5,Carbon,,,UVHFS,2013-08-05,Unknown,"Wide area: Price, Wellington, Helper, and Huntington areas.","Intermountain Repeater Emergency Amateur Network, Sinbad Desert ARC",Remote base.,,,,,,,,,,,,,,,,,,,,,,,,,,,,,,,,,,,,,,
445.05,-5,CC,N0SZ,"Leadville, Mosquito Pass",CO,OPEN,,D,180.04,NE,,08,16783,39.2653,-106.182,445.05,440.05,,Lake,On-Air,http://www.rmham.org/,CCARC,2018-07-07,,,K2AD,,,,,Rocky Mountain Ham Radio,,,,,yes,7,310852,yes,"Open Talkgroup View Assignment TS TG Access Southern Colorado 2 719 Full-Time Central Regional 2 720 Full-Time Northern Colorado Regional 2 721 Full-Time function myFunction(id) { var x = document.getElementById(id); if (x.className.indexOf(""w3-show"") == -1) { x.className += "" w3-show""; } else { x.className = x.className.replace("" w3-show"", """"); } }",,2,,,,RMHAM,,,,,,,,,,,,,,2,2,,,,
145.15,-0.6,,KB7BSK,Sterling,UT,OPEN,,S,180.1,NW,,49,14748,39.1936,-111.692,145.15,144.55,,Sanpete,,http://skylineradioclub.com,,2019-03-02,Unknown,,,,,,,,,,,,,,,,,,,yes,KB7BSK (C),jfindu lookup / dstar-users lookup,,,,,,,,,,,,,,,,,,,,
447.95,-5,,KB7BSK,Sterling,UT,OPEN,,S,180.1,NW,,49,14749,39.1936,-111.692,447.95,442.95,,Utah,,http://skylineradioclub.com,,2016-05-16,Unknown,,,,,,,,,,,,,,,,,,,yes,KB7BSK (B),jfindu lookup / dstar-users lookup,,,,,,,,,,,,,,,,,,,,
447.45,-5,114.8,W7DHH,"Monroe, Monroe Peak",UT,OPEN,,,180.11,WNW,,49,189,38.5362,-112.073,447.45,442.45,114.8,Sevier,On-Air,,UVHFS,2017-04-07,,"Wide area: Richfield and its surrounding communities including Nephi to the north, Fillmore to the west, Ferron and Emery to the east, and Panguitch to the south.",,,,Full-time to the Skyline Repeater System .,11,,,,,,,,,,,,,,,,,,,,,,,,,,,,,,,,,,,
146.64,-0.6,100,WA7HSW,"Monroe, Monroe Peak",UT,OPEN,,,180.12,WNW,,49,239,38.5367,-112.073,146.64,146.04,100,Sevier,On-Air,http://www.sanpeteso.org/skyline/skyline_files/frame.html,UVHFS,2015-09-08,,"Richfield and its surrounding communities including Nephi to the north, Fillmore to the west, Ferron and Emery to the east, and Panguitch to the south.",Sanpete Co SO,Autopatch.,,,,,,,,,,,,,,,,,,,,,,,,,,,,,,,,,,,,,,
145.29,-0.6,131.8,WB7REL,"Starling, Sterling",UT,OPEN,,,180.12,NW,,49,6704,39.1942,-111.692,145.29,144.69,131.8,Sanpete,On-Air,,UVHFS,2014-01-20,,Sanpete and Sevier Valleys.,,Autopatch,,,,,,,,,,,,,,,,,,,,,,,,,,,,,,,,,,,,,,
146.86,-0.6,100,WB7REL,"Monroe, Monroe Peak",UT,OPEN,,,180.12,WNW,,49,106,38.5367,-112.073,146.86,146.26,100,Sevier,On-Air,Skyline Repeater System,UVHFS,2015-03-10,,"The general area of Salina, including Scipio, Manti, and south of Richfield, and coverage east into Emery, Ferron, and the San Rafael Desert.","WB7REL, Sanpete Co SO",11,,Full-time to the Skyline Repeater System .,,,,,,,,,,,,,,,,,,,,,,,,,,,,,,,,,,,,
447.85,-5,131.8,WB7REL,Sterling,UT,OPEN,,,180.12,NW,,49,257,39.1942,-111.692,447.85,442.85,131.8,Sanpete,On-Air,,UVHFS,2014-01-20,,Fairview North to Richfield to the South.,wb7rel,,,,,,,,,,,,,,,,,,,,,,,,,,,,,,,,,,,,,,,
443,5,100,K5YEJ,"San Luis, Cabezon",NM,OPEN,,,180.2,SE,,35,16603,35.5993,-107.096,443,448,100,Sandoval,On-Air,,NMFCC,2017-12-25,,,,,,,,,,,,,,,,,,,,,,,,,,,,,,,,,,,,,,,,,,
449.75,-5,131.8,N7YFZ,Manti,UT,OPEN,,,180.42,NW,,49,166,39.2683,-111.636,449.75,444.75,131.8,Sanpete,,,UVHFS,,Unknown,"Manti and surroundings, as well as Nephi and Fairview to the north and Richfield to the south.",,Closed autopatch.,,,,,,,,,,,,,,,,,,,,,,,,,,,,,,,,,,,,,,
145.445,-0.6,88.5,KB0VJJ,"Leadville, Mosquito Pass",CO,OPEN,,,180.49,NE,,08,172,39.2814,-106.186,145.445,144.845,88.5,Lake,On-Air,,CCARC,2019-08-16,,,Colorado Connection,E-power (solar).,,Full-time to the Colorado Connection System .,"At 13,685;, it is one of the highest 2-meter repeaters in North America.",,,,,Central Colorado Traffic Net: Daily at 19:30. Colorado Connection Net (all welcome): Thu at 20:00. Statewide ARES: Sun at 20:00.,,,,,,,,,,,,,,,,,,,,,,,,,,,,,,
147.16,0.6,100,N7NKK,"Panguitch, Mount Dutton",UT,OPEN,,,181.39,W,,49,148,38.0202,-112.217,147.16,147.76,100,Garfield,On-Air,,UVHFS,2015-06-18,,Wide area: South-central Utah in the general area of Panguitch and the western portion of Garfield County.,ERC,,,,,,,,,,,,,,,,,,,,,,,,,,,,,,,,,,,,,,,
145.49,-0.6,136.5,W7BYU,"Myton, Flat Top",UT,OPEN,,,181.49,NNW,,49,13041,40.2222,-110.104,145.49,144.89,136.5,Duchesne,On-Air,http://sdarc.us/repeaters/flat-top.html,UVHFS,2017-06-29,,"Duchesne, UT area.",,E-power.,,,5,Sinbad Desert ARC (SDARC),,,,,,,,,,,,,,,,,,,,,,,,,,,,,,,,,,
145.41,-0.6,100,W5HO,La Cueva,NM,OPEN,,,181.52,SE,,35,15622,35.8673,-106.638,145.41,144.81,100,Santa Fe,Off-Air,,NMFCC,2017-08-25,,,W5HO,,,,,,,,,,,,,,,,,,,,,,,,,,,,,,,,,,,,,,,
449.25,-5,131.8,WB7REL,"Sterling, Salina Canyon",UT,OPEN,,,182.02,NW,,49,256,39.2016,-111.728,449.25,444.25,131.8,Sevier,,http://www.sanpeteso.org/skyline/skyline_files/frame.html,UVHFS,2015-07-25,Unknown,"Wide area: The general area of Salina, including Scipio, Manti, and south of Richfield, and coverage east into Emery, Ferron, and the San Rafael Desert.",,,,,,,,,,,,,,,,,,,,,,,,,,,,,,,,,,,,,,,,
447.125,-5,103.5,AA0BF,"Fairplay, Sacramento Mountain",CO,OPEN,A,,182.19,NE,,08,5336,39.21,-106.087,447.125,442.125,103.5,Park,On-Air,,CCARC,2019-03-08,,"Covers Fairplay, Alma, and western South Park.",AA0BF,Emergency automatic generator.,103.5,,"Normally linked via Allstar to 45835 - AB0PC, Bailey, CO.","Park County Radio Club, AB0PC",,,45840,"When connected to AB0PC - Bailey: ARES Mon 19:00, Park County Radio Club Wed 19:30.",,,,,,,,,,,,,,,,,,,,DM69wf,,,,,,,,,,
443.1,5,100,NM5SC,"San Ysidro, Pajarito Peak",NM,OPEN,A,,182.46,SE,,35,9767,35.6967,-106.859,443.1,448.1,100,Sandoval,On-Air,http://nmscares.org/,NMFCC,2017-02-10,,Wide area - NW NM.,Sandoval County ARES,"Linked, e-power.",,,"KNWD TKR-850, RTCM Interface. 25W, 9000' MSL. (Pajarito Peak differs from Pajarito Mountain near Los Alamos)",ARRL,,,27748,Sandoval County ARES: Mon at 19:30.,,,,,,,,,,,,,,,,,,,,,,,,,,,,,,
147.26,0.6,,N7PQD,Duchense,UT,OPEN,,,183.34,NNW,,49,152,40.1547,-110.392,147.26,147.86,,Duchesne,On-Air,,UVHFS,2016-05-07,,"Tabby mountain and nearby communities including Duchesne, Roosevelt, and Vernal.",Borderline ARC,5,,,,,,,,,,,,,,,,,,,,,,,,,,,,,,,,,,,,,,
447.35,-5,88.5,N7RVS,"Gunnison, N7RVS QTH",UT,OPEN,,,184.48,WNW,,49,15286,39.1552,-111.818,447.35,442.35,88.5,Sanpete,,,UVHFS,2016-07-05,Unknown,,,,,,,,,,,,,,,,,,,,,,,,,,,,,,,,,,,,,,,,,
445.075,-5,CC,N0SZ,Vail,CO,OPEN,,D,185.07,NE,,08,16781,39.6348,-106.447,445.075,440.075,,Eagle,On-Air,http://www.rmham.org/,CCARC,2018-02-01,,,K2AD,,,,,Rocky Mountain Ham Radio,,,,,yes,7,310851,yes,,,,,,,,,,,,,,,,,,,,,,,,,,
147.345,0.6,88.5,KB0VJJ,Vail,CO,OPEN,,,185.67,NE,,08,241,39.6554,-106.457,147.345,147.945,88.5,Eagle,On-Air,,CCARC,2017-01-06,,Wide area: Vail Pass to Glenwood Canyon and the Flattops Wilderness to Tennessee Pass. Map,Colorado Connection,9,123,Full-time to the Colorado Connection System .,,,,,,Central Colorado Traffic Net: Daily at 19:3030 Colorado Connection Net (All Welcome): Thu at 20:00. Statewide ARES net: Sun at 20:00.,,,,,,,,,,,,,,,,,,,,,,,,,,,,,,
146.84,-0.6,100,WA7VHF,"Richfield, Monroe Peak",UT,OPEN,,,185.89,WNW,,49,11816,38.7725,-112.084,146.84,146.24,100,Sevier,On-Air,,UVHFS,2017-04-07,,Wide area: 100 mi radius.,UVHFS,,,Full-time to the Intermountain Intertie System .,,Intermountain Intertie,,,,Tue at 20:00.,,,,,,,,,,,,,,,,,,,,,,,,,,,,,,
145.43,-0.6,162.2,KD5SAR,Zuni,NM,OPEN,,,186.36,S,,35,185,35.0694,-108.848,145.43,144.83,162.2,McKinley,On-Air,,NMFCC,2017-01-14,,Wide are: Southern McKinley County.,MCARES,Closed autopatch.,,,,,,,,,,,,,,,,,,,,,,,,,,,,,,,,,,,,,,
446.7625,-5,CC,N0SZ,"Fairplay, Badger",CO,OPEN,,D,186.68,E,,08,12698,39.0469,-105.87,446.7625,441.7625,,Park,On-Air,,,2017-03-11,,,K7PFJ,,,,,RMHAM,,,,,yes,0,,yes,"Open Talkgroup View Assignment TS TG Access Rocky Mountain Wide 1 700 Central Regional 2 720 function myFunction(id) { var x = document.getElementById(id); if (x.className.indexOf(""w3-show"") == -1) { x.className += "" w3-show""; } else { x.className = x.className.replace("" w3-show"", """"); } }",1,,,,,,,,,,,,,,,,,,,2,,,,,
146.61,-0.6,107.2,K0RV,"Vail, Bald Mountain",CO,OPEN,,,187.28,NE,,08,256,39.6061,-106.356,146.61,146.01,107.2,Eagle,On-Air,,CCARC,2012-11-10,,,ECHO,11,,,,,,,,,,,,,,,,,,,,,,,,,,,,,,,,,,,,,,
145.35,-0.6,123,W6DZL,Bryce Canyon,UT,OPEN,,,187.55,W,,49,6495,37.4005,-112.3,145.35,144.75,123,Garfield,On-Air,,,2014-01-13,,"Wide Area: Covers much of south-central Utah and parts of northern Arizona from Page, Arizona on the east to Zion National Park on the west.",,Emergency Power,,,,,,,,,,,,,,,,,,,,,,,,,,,,,,,,,,,,,,
224.8,-1.6,,N0AFO,Vail,CO,OPEN,,,188.17,NE,,08,242,39.6403,-106.374,224.8,223.2,,Eagle,Off-Air,,CCARC,2018-06-02,,,ECHO,,,,,,,,,,,,,,,,,,,,,,,,,,,,,,,,,,,,,,,
449.9,-5,107.2,N0AFO,Vail,CO,OPEN,,,188.17,NE,,08,243,39.6403,-106.374,449.9,444.9,107.2,Eagle,Off-Air,,CCARC,,,,ECHO,,107.2,,,,,,,,,,,,,,,,,,,,,,,,,,,,,,,,,,,,,
444.95,5,100,KE5FYL,"Grants, La Mosca Peak",NM,OPEN,,,188.25,SSE,,35,96,35.253,-107.597,444.95,449.95,100,Cibola,On-Air,,NMFCC,2018-11-29,,Wide area.,Cibola County Amateur Radio Club,,88.5,"Full-time to 147.18000 (KE5FYL) at Grants, NM .",,,,,,,,,,,,,,,,,,,,,,,,,,,,,,,,,,,,
443.35,5,CC,WR7HLN,"Grants, La Mosca Peak (Mount Taylor)",NM,OPEN,,D,188.25,SSE,,35,18016,35.2529,-107.597,443.35,448.35,,Bernalillo,On-Air,http://www.dmr-montana.net,NMFCC,2019-08-17,,"Central New Mexico,",Mac Pass Repeater Group,BrandMeister on DMR Dual Mix Analog on PL Tone 131.8,,,,,,,,,yes,1,310793,yes,,,,,,,,,,,,,,,"Time Slot 1 3135 New Mexico Statewide, Time Slot 2 31301 MPRG1",,,,,,,,25,Yes; analog capable.,,
146.98,-0.6,141.3,NM5EM,"Grants, Mt Taylor",NM,OPEN,,,188.28,SSE,,35,5349,35.2525,-107.597,146.98,146.38,141.3,Cibola,On-Air,,,2016-08-31,,,New Mexico Emergency Management Association Amateur Radio Club,,141.3,"Full-time to 444.97500 (K5EMO) at Grants, 515 West High Street, NM .",Located inside the state of NM radio building.,,,,,,,,,,,,,,,,,,,,,,,,,,,,,,,,,Yes; analog capable.,,
448.275,-5,107.2,KD7YE,"Manti, Barton Peak",UT,OPEN,I,,188.5,NW,,49,107,39.3225,-111.771,448.275,443.275,107.2,Sanpete,On-Air,http://www.sanpeteso.org/skyline/skyline_files/frame.html,UVHFS,2015-07-19,,"Manti and surroundings, as well as Nephi and Fairview to the north and Richfield to the south.",Sanpete Co SO,Autopatch.,,,,,,3576,,,,,,,,,,,,,,,,,,,,,,,,,,,,,,,,
146.94,-0.6,100,K5URR,"Grants, Mt Taylor",NM,OPEN,,,188.93,SSE,,35,97,35.2386,-107.608,146.94,146.34,100,Cibola,On-Air,http://www.urfmsi.org/,,2018-12-13,,Wide area.,Upper Rio FM Society,11,,,,,,,,,,,,,,,,,,,,,,,,,,,,,,,,,,,,,,
448.325,-5,100,K0JSC,Westcliffe,CO,OPEN,,,189.14,ESE,,08,15584,38.1347,-105.466,448.325,443.325,100,Custer,On-Air,,,2017-01-06,,,,,100,Full-time to the The Fun Machine System .,,The Fun Machine,,,,,,,,,,,,,,,,,,,,,,,,,,,,,,,,,,
919.1,-25,88.5,ND0Q,"Westcliffe, Deer Peak",CO,OPEN,,,189.14,ESE,,08,8218,38.1347,-105.466,919.1,894.1,88.5,Pueblo,Off-Air,,CCARC,2016-07-14,,Wide area.,Pueblo HC,,CSQ,,,,,,,,,,,,,,,,,,,,,,,,,,,,,,,,,,,,,
147.06,0.6,77,KB0TUC,Westcliffe,CO,OPEN,,,189.2,ESE,,08,7189,38.1347,-105.465,147.06,147.66,77,Custer,On-Air,,CCARC,2019-08-16,,,http://www.qsl.net/rghc,E-power,77,,,,,,,,,,,,,,,,,,,,,,,,,,,,,,,,,,,,,
448.15,-5,103.5,KB0TUC,Westcliffe,CO,OPEN,,,189.2,ESE,,08,248,38.1347,-105.465,448.15,443.15,103.5,Custer,On-Air,http://www.qsl.net/rghc,CCARC,2017-03-11,,,Royal George ARC,E-power.,103.5,,,,,,,,,,,,,,,,,,,,,,,,,,,,,,,,,,,,,
927.775,-25,D116,KB0TUC,Westcliffe,CO,OPEN,,,189.2,ESE,,08,7192,38.1347,-105.465,927.775,902.775,D116,Custer,On-Air,,CCARC,2012-06-14,,,Royal Gorge Amateur Radio Club,,D116,,System uses digital PL,,,,,,,,,,,,,,,,,,,,,,,,,,,,,,,,,,,
444.975,5,67,K5EMO,"Grants, 515 West High Street",NM,OPEN,E,,189.7,SSE,ON - IDLE,35,17042,35.1542,-107.854,444.975,449.975,67,Cibola,On-Air,,NMFCC,2018-12-27,,Local,Cibola County Emergency Manager,Linked to 147.980 NM5EM,67,"Full-time to 146.98000 (NM5EM) at Grants, Mt Taylor, NM .",,,707790,,,,,,,,,,,,,,,,,,,,,,,,,,,,,,,,,
442.225,5,CC,NM5BB,"Los Alamos, Pajarito Mountain",NM,OPEN,,D,190.12,SE,,35,15733,35.88,-106.31,442.225,447.225,,Los Alamos,Testing,,NMFCC,2019-10-06,,,,,,,TS1 only. Rocky Mountain Ham Radio,,,,,,yes,7,313505,yes,,,,,,,,,,,,,,,,,,,,,,,6.25,,,
145.19,-0.6,,NM5EC,"Los Alamos, Pajarito Mountain",NM,OPEN,,S,190.12,SE,,35,18232,35.88669968,-106.39499664,145.19,144.59,,Los Alamos,On-Air,,,2019-10-30,,Wide area,SFARC,"Mixed mode DStar, analog and fusion (under another entry, using W5SF callsign)",,,,,,,,,,,,,,,,yes,NM5EC (C) Repeater,jfindu lookup / dstar-users lookup,,,,,,,,,,DM65TV,,,,,,,,,,
145.19,-0.6,162.2,W5SF,"Los Alamos, Pajarito Mountain",NM,OPEN,,,190.12,SE,,35,118,35.8877,-106.4,145.19,144.59,,Los Alamos,On-Air,,NMFCC,2018-11-19,,Wide Area,SFARC,,,,W5SF/PAJ - Distinct from the NM5SC repeater near Cuba on Pajarito Peak.,,,,,Northern New Mexico Amateur Radio Net: Mon at 20:30.,,,,,,,,yes,W5SF (C) Repeater,jfindu lookup / dstar-users lookup,,,,,,,,,,,,,,,,,,,,
147.18,0.6,100,KE5FYL,Grants,NM,OPEN,,Y,190.21,SSE,,35,10215,35.1473,-107.851,147.18,147.78,,Cibola,On-Air,,NMFCC,2018-11-29,,,Cibola County Amateur Radio Club,,,"Full-time to 444.95000 (KE5FYL) at Grants, La Mosca Peak, NM .",PL 100.0 must but placed on both RX &amp; TX to avoid hearing Digital Traffic noise.,,,,,,,,,,,,,,,,,,,,,,,,,,,,,,,,,,yes,Open  / Open 
444.8,5,67,NM5ML,"Grants, La Mosca",NM,OPEN,,,190.21,SSE,,35,15885,35.1473,-107.851,444.8,449.8,67,Cibola,On-Air,,NMFCC,2018-01-07,,Wide area,Mega Link Repeater System,Full time to the New Mexico MegaLink system,,Full-time to the Mega-Link System .,10,,,,,,,,,,,,,,,,,,,,,,,,,,,,,,,,,,,
146.66,-0.6,100,NM5ML,"Grants, Microwave Ridge",NM,OPEN,,,190.22,SSE,,35,94,35.1472,-107.851,146.66,146.06,100,Cibola,On-Air,,NMFCC,2017-07-25,,Wide area.,Mega-Link Rptr System,9,,Full-time to the Mega-Link System .,,,,,,,,,,,,,,,,,,,,,,,,,,,,,,,,,,,,
444.65,5,CC,KE5FYL,"Grants, Rogers Rock",NM,OPEN,,DS,190.55,SSE,,35,17003,35.1325,-107.889,444.65,449.65,,Cibola,On-Air,,NMFCC,2018-12-27,,Grants/Milan NM,Cibola County Amateur Radio Club,,,,,,,,,,yes,1,313508,yes,,,,yes,KE5FYL (B) Repeater,jfindu lookup / dstar-users lookup,,,,,,,,,,,,,,,,,,,,
223.94,-1.6,CSQ,KB5RX,"Los Alamos, Pajarito Mountain",NM,OPEN,,,190.78,SE,,35,196,35.884,-106.382,223.94,222.34,CSQ,Los Alamos,On-Air,,NMFCC,2015-10-16,,,,E-power.,CSQ,,,,,,,,,,,,,,,,,,,,,,,,,,Wide area.,,,,,,,,,,,
146.64,-0.6,67,K5URR,"Grants, MW Ridge",NM,OPEN,,,192.29,SSE,,35,15625,35.1888,-107.6,146.64,146.04,67,Bernalillo,On-Air,http://www.urfmsi.org,NMFCC,2018-05-03,,Wide Area,URFMSI,,67,,,,,,,,,,,,,,,,,,,,,,,,,,,,,,,,,,,,,
442.425,5,,NM5WR,Los Alamos,NM,OPEN,,S,193.64,SE,,35,5181,35.8881,-106.307,442.425,447.425,,Los Alamos,On-Air,,,2017-07-25,,30,,,,,,,,,,,,,,,,,,yes,NM5WR (B),jfindu lookup / dstar-users lookup,,,,,,,,,,,,,,,,,,,,
444.775,5,131.8,WD9CMS,Los Alamos,NM,OPEN,,,193.68,SE,,35,123,35.8881,-106.306,444.775,449.775,,Los Alamos,On-Air,,NMFCC,2017-03-19,,Los Alamos and surrounding areas,WD9CMS,E-power.,,,"Mixed mode analog and digital P25 system, linked with 927.9 WD9CMS",,,,,,,,,,,,,,,,,,,,,,,,,,,yes,293,yes,,,,,,
147.28,0.6,107.2,AD7ZW,Altamont,UT,OPEN,EI,,193.85,NNW,ON - IDLE,49,14977,40.3597,-110.284,147.28,147.88,107.2,Duchesne,On-Air,http://ad7zwrepeater.xyz,UVHFS,2016-11-20,,,AD7ZW,Autopatch,107.2,,,,458414,3205,,,,,,,,,,,,,,,,,,,,,B21 = 911 B22 = Local Public Safety Dispatch (Non Emergency) B3 = 3 Minute Autopatch Extension B0 = Autopatch Disconnect,,,,,,,,,,,
146.74,-0.6,100,WB7CBS,Altamont,UT,OPEN,,,193.88,NNW,,49,253,40.3594,-110.286,146.74,146.14,100,Duchesne,Off-Air,,UVHFS,2015-06-11,,,,Autopatch.,,,,,,,,,,,,,,,,,,,,,,,,,,,,,,,,,,,,,,
146.88,-0.6,CSQ,W5PDO,"Los Alamos, Barranca Mesa",NM,OPEN,,,193.99,SE,,35,194,35.9027,-106.282,146.88,146.28,CSQ,Los Alamos,On-Air,,NMFCC,2018-05-17,,,Los Alamos ARC,Autopatch,CSQ,,Located on the Barranca Mesa water tower.,,,,,LAARC: Sun at 2000.,,,,,,,,,,,,,,,,,,,"Autopatch: Up- *88, wait for dialtone, and dial phone nbr. Down- #.",,,,,,,,,,,
144.265,0,203.5,KC2HSO,Los Alamos,NM,OPEN,I,,194.18,SE,,35,16629,35.88,-106.303,144.265,144.265,203.5,Los Alamos,On-Air,,,2017-12-08,,,,,,,,,,8039,,,,,,,,,,,,,,,,,,,,,,,,,,,,,,,,
442.925,5,CC,KE8AVN,Los Alamos,NM,OPEN,,D,194.18,SE,,35,16602,35.88,-106.303,442.925,447.925,,Los Alamos,On-Air,,,2018-05-14,,,,,,,,,,,,,yes,1,,yes,,,,,,,,,,,,,,,,,,,,,,,,,,
927.9,-25,131.8,WD9CMS,Los Alamos,NM,OPEN,,,194.18,SE,,35,12228,35.88,-106.303,927.9,902.9,,Los Alamos,On-Air,,NMFCC,2017-02-05,,Los Alamos and surrounding areas,,,,,"Mixed mode analog and digital P25 system, linked with 444.775 WD9CMS",,,,,,,,,,,,,,,,,,,,,,,,,,,yes,293,yes,,,,,,
224.04,-1.6,100,KA5BIW,Los Alamos,NM,OPEN,,,194.36,SE,,35,9407,35.892,-106.285,224.04,222.44,100,Los Alamos,On-Air,,NMFCC,2019-03-13,,,KA5BIW,,100,,linked with 442.0 in Los Alamos and 224.38 in Albuquerque,,,,,,,,,,,,,,,,,,,,,,,,,DM65uv,,,,,,,,,,
442,5,100,KA5BIW,Los Alamos,NM,OPEN,,,194.36,SE,,35,15608,35.892,-106.285,442,447,100,Los Alamos,On-Air,http://ka5biw.com/ham_radio/repeater.php,NMFCC,2019-03-12,,,KA5BIW,,,,Linked to 224.04 in Los Alamos and 224.38 in Albuquerque,,,,,,,,,,,,,,,,,,,,,,,,,DM65UV,,,,,,,,,,
146.7,-0.6,107.2,WB0QMR,Breckenridge,CO,OPEN,I,,194.98,NE,,08,23,39.4817,-106.038,146.7,146.1,107.2,Summit,On-Air,,CCARC,2013-01-07,,,GRARC,E-power.,,,,,,3972,,,,,,,,,,,,,,,,,,,,,,,,,,,,,,,,
147.3,0.6,100,N7YSE,"Jacob Lake, Jacob Lake Inn",AZ,OPEN,,,195.26,WSW,,04,2,36.7375,-112.213,147.3,147.9,100,Coconino,On-Air,AB7UT,ARCA,2018-06-15,,"Kanab and Fredonia, to Long Valley Junction and Escalante toward the north, East of Page, Vermillion Cliffs and Lee's Ferry in Arizona. 45 mi radius.",KC Amateur Radio Club,,,,,AB7UT,,,,Kane County ARES net: Mon at 08:00.,,,,,,,,,,,,,,,,,,,,DM36vr,,,,,,,,,,
147.1,0.6,100,N7GGN,"Holden, Beesting Peak",UT,OPEN,,,196.13,WNW,,49,137,39.0417,-112.142,147.1,147.7,100,Sevier,On-Air,http://www.skylineradioclub.com/repeaters.html,UVHFS,2017-08-24,,"Wide area: West Desert, Nephi to Delta, Fillmore to Manti, Mt. Pleasant, Richfield",,Closed autopatch.,,,,,,,,,,,,,,,,,,,,,,,,,,,,,,,,,,,,,,
147.39,0.6,88.5,KB0VJJ,"Breckenridge, Bald Mountain",CO,OPEN,,,196.43,NE,,08,24,39.4439,-105.969,147.39,147.99,88.5,Summit,On-Air,Breckenridge Repeater,CCARC,2015-01-30,,Wide area.,Colorado Connection,12,123,Full-time to the Colorado Connection System .,"Please Note that 146.790 is the old Breckenridge frequency and this repeater may return to that frequency eventually but is now working on 147.390-. This machine has a split tone, 88.5 rx and 123.0 tx",,,,,Central Colorado Traffic Net: Daily at 19:30. Colorado Connection Net (all welcome): Thu at 20:00. Statewide ARES: Sun at 20:00.,,,,,,,,,,,,,,,,,,,,,,,,,,,,,,
445.0875,-5,CC,N0SZ,"Breckenridge, Baldy",CO,OPEN,,D,196.6,NE,,08,16780,39.459,-105.979,445.0875,440.0875,,Fremont,On-Air,http://www.rmham.org/,,2018-02-01,,,K2AD,,,,,Rocky Mountain Ham Radio,,,,,yes,7,310830,yes,,,,,,,,,,,,,,,,,,,,,,,,,,
145.27,-0.6,103.5,K7JL,"Levan, Levan Peak",UT,OPEN,,,197.76,NW,,49,32,39.4919,-111.829,145.27,144.67,103.5,Juab,On-Air,http://www.utahvhfs.org/snowlink.html,UVHFS,2019-02-25,,Wide area.,K7JL,E-power.,,Full-time to the Intermountain Intertie System .,8,Intermountain Intertie,,,,State RACES: 3rd Thursday of even-numbered months.,,,,,,,,,,,,,,,,,,,,,,,,,,,,,,
147.18,0.6,100,KD5PX,"Dixon, Cerro Abajo",NM,OPEN,,,198.62,SE,,35,15923,36.1989,-105.889,147.18,147.78,100,Rio Arriba,On-Air,,NMFCC,2018-04-13,,Dixon Embudo Ojo Sarco St Rd 68 Rio Grande Canyon,,,100,,,,,,,,,,,,,,,,,,,,,,,,,,,DM76BF,,,,,,,,,,
449.625,-5,136.5,NR7G,"St Johns, Red Sky Ranch",AZ,OPEN,,,198.77,S,,04,18204,34.90999985,-109.33200073,449.625,444.625,136.5,Apache,On-Air,,,2019-10-21,,,,,,,,,,,,,,,,,,,,,,,,,,,,,,,,DM54iv,,,,,,,,,,
