Frequency,Offset,Tone,Call,Location,ST/PR,Use,VOIP,DGTL,Mi,Dir,,state_id,ID,Latitude,Longitude,Downlink,Uplink,Uplink Tone,County,On-air,Sponsor,Features,Coordination,Last update,Op Status,EchoLink,IRLP,Notes,Nets,Coverage,Downlink Tone,Links,DMR Enabled,Color Code,DMR ID,Wide Network,Affiliate,Web links,Grid,Commands,IPSC Network,Talkgroups,Rocky Mountain Wide,Northern Colorado Regional,Bandwidth,YSF Digital Enabled,DG-ID,Local Network,D-STAR Enabled,Node,Sources,Central Regional,AllStar,Talkgroup Network,Worldwide English,North America,DCI Bridge,Local/Cluster,Colorado,N. Colorado,TAC 310,Mountain Reg USA,Mixed-Mode,WIRES-X,Worldwide,English,Feed,P-25 Digital Enabled,NAC,Default Reflector,RX Location,Gunbarrel,Lousville,Lyons,Louisville #2,Wyoming,WyLOCAL,NXDN Enabled,RAN,NXDN Bandwidth,NXDN Network,Southern Colorado,Devilshead Local
146.955,-0.6,,N0JUN,Holyoke,CO,OPEN,,,27.98,S,,08,163,40.58440018,-102.30200195,146.955,146.355,,Phillips,Unknown,PCARC,E-power.,CCARC,2012-11-10,,,,,,,,,,,,,,,,,,,,,,,,,,,,,,,,,,,,,,,,,,,,,,,,,,,,,,,,,,,
146.76,-0.6,123,N0UGO,Ogallala,NE,OPEN,EI,,29.95,E,ON - In Conference IRLP 0082,31,11025,41.12820053,-101.72000122,146.76,146.16,123,Keith,,Charlie Allen,,,2015-07-09,On-Air,751985,7349,Linked to 146.940 in North Platte and 442.250 south of North Platte,Sun at 19:30. Wed at 20:00.,,,,,,,,,,,,,,,,,,,,,,,,,,,,,,,,,,,,,,,,,,,,,,,,,,,,,,
145.295,-0.6,100,WA0JTB,"Sterling, CO",CO,OPEN,,,55.32,WSW,,08,238,40.6256,-103.207,145.295,144.695,,Logan,,NECARA,"Autopatch, e-power.",CCARC,2018-07-10,On-Air,,,,,Wide area,,,,,,,,,,,,,,,,,,,,,,,,,,,,,,,,,,,,,,,,,,,,,,,,,,,,,
145.4,-0.6,88.5,KB0VJJ,Akron,CO,OPEN,,,75.87,SW,,08,2,40.16059875,-103.21399689,145.4,144.8,88.5,Washington,,Colorado Connection,,CCARC,2018-11-02,On-Air,,,Part of the Colorado Connection system of repeaters,Colorado Traffic Net: Daily at 19:30. Colorado Connection Net (all welcome): Thu at 20:00. Statewide ARES: Sun at 20:00.,Northeastern plains of Colorado.,123,Full-time to the Colorado Connection System .,,,,,,,,,,,,,,,,,,,,,,,,,,,,,,,,,,,,,,,,,,,,,,,,,,,
448.175,-5,CC,W0FT,Akron,CO,OPEN,,D,75.88,SW,,08,16784,40.1605,-103.214,448.175,443.175,,Morgan,,W0FT,,CCARC,2018-02-01,On-Air,,,,,,,,yes,7,310833,,Rocky Mountain Ham Radio,http://www.rmham.org/,,,,,,,,,,,,,,,,,,,,,,,,,,,,,,,,,,,,,,,,,,,,,
146.835,-0.6,CSQ,K0KDC,North Platte,NE,OPEN,,,78.66,ESE,,31,44,41.1239,-100.765,146.835,146.235,CSQ,Lincoln,,K0KDC,,,2019-05-05,On-Air,,,,,,,,,,,,,,,,,,,,,,,,,,,,,,,,,,,,,,,,,,,,,,,,,,,,,,,,,,
146.7,-0.6,,NE0NP,North Platte,NE,OPEN,,,78.66,ESE,,31,43,41.12390137,-100.76499939,146.7,146.1,,Lincoln,,North Platte Progressive Amateur Radio Club,E-power.,,2018-10-14,Off-Air,,,,,,123,,,,,,,,,,,,,,,,,,,,,,,,,,,,,,,,,,,,,,,,,,,,,,,,,,,,
147.33,0.6,123,N0IQ,North Platte,NE,OPEN,EI,,79.05,ESE,Node Offline,31,11023,41.1403,-100.76,147.33,147.93,123,Lincoln,,Randy Allen,,,2017-06-29,On-Air,857936,7627,,,,,,,,,,,,,,,,,,,,,,,,,,,,,,,,,,,,,,,,,,,,,,,,,,,,,,,,
444.4,5,123,N0IQ,North Platte,NE,OPEN,EI,,79.05,ESE,Node Offline,31,11022,41.14030075,-100.76000214,444.4,449.4,123,Lincoln,,Randy Allen,,,2014-05-04,On-Air,857936,7627,,,Maxwell to Sutherland across I-80.,,,,,,,,,,,,,,,,,,,,,,,,,,,,,,,,,,,,,,,,,,,,,,,,,,,,,
146.94,-0.6,123,N0UGO,North Platte,NE,OPEN,EI,,79.05,ESE,Node Offline,31,11026,41.1403,-100.76,146.94,146.34,123,Lincoln,,Charlie Allen,Linked to 146.760 in Ogallala and 442.250 south of North Platte,WB0CMC,2019-05-05,On-Air,751985,7349,,Sunday Night net: Sun at 20:30 Wednesday Night net: Wed at 21:00.,,,,,,,,,,,,,,,,,,,,,,,,,,,,,,,,,,,,,,,,,,,,,,,,,,,,,,
442.25,5,123,N0UGO,North Platte,NE,OPEN,EI,,79.05,ESE,Node Offline,31,11024,41.1403,-100.76,442.25,447.25,123,Lincoln,,Charlie Allen,,,2018-10-14,Off-Air,751985,7349,Linked to 146.940 in North Platte and 146.760 in Ogallala.,Sunt at 20:30 Wed at 21:00,,,,,,,,,,,,,,,,,,,,,,,,,,,,,,,,,,,,,,,,,,,,,,,,,,,,,,
147.015,0.6,,N2VHZ,Alliance,NE,OPEN,E,,82.52,NNW,Node Offline,31,10450,42.093,-102.87,147.015,147.615,,Box Butte,,N2VHZ,,,2018-01-14,On-Air,775183,,,,Local.,,,,,,,,,,,,,,,,,,,,,,,,,,,,,,,,,,,,,,,,,,,,,,,,,,,,,
146.715,-0.6,103.5,N0NEB,Alliance,NE,OPEN,,,84.05,NNW,,31,10034,42.11700058,-102.87000275,146.715,146.115,103.5,Box Butte,,TriCity,,,2018-01-14,On-Air,,,,,,103.5,,,,,,,,DN82NC,,,,,,,,,,,,,,,,,,,,,,,,,,,,,,,,,,,,,,,,,,,,
147,-0.6,103.5,N0NEB,Harrisburg,NE,OPEN,,,84.87,WNW,,31,58,41.49000168,-103.75499725,147,146.4,103.5,Banner,,Tri-City Radio Amateur Club,,,2017-09-07,On-Air,,,,,,,,,,,,,,DN81CL,,,,,,,,,,,,,,,,,,,,,,,,,,,,,,,,,,,,,,,,,,,,
444.125,5,114.8,WB7GR,"Scottsbluff, Stage Hill",NE,OPEN,,,88.48,NW,,31,110,41.70100021,-103.68099976,444.125,449.125,114.8,Scotts Bluff,,SBCEMA,Linked to Albin (147.165) and Cheyenne (146.775),,2018-12-02,On-Air,,,,,Wide area,114.8,,,,,,,,DN81DQ,,,,,,,,,,,,,,,,,,,,,,,,,,,,,,,,,,,,,,,,,,,,
146.445,0,88.5,AG0N,Scottsbluff,NE,OPEN,I,,92.17,NW,,31,11355,41.90399933,-103.55799866,146.445,146.445,88.5,Scotts Bluff,,,,,2015-03-16,On-Air,,3055,This is a simplex IRLP node. 147.285 rptr is down. 3055 is directly accessed on 146.445 w/88.5 tone. Controlled access. Contact AG0N for access. 147.435/123PL Scottsbluff node 8930 available 24/7 no access code.,,,88.5,,,,,,,http://garymcduffie.com,,Access pre-fix = 5,,,,,,,,,,,,,,,,,,,,,,,,,,,,,,,,,,,,,,,,,,,
147.375,0.6,123,,Scottsbluff,NE,OPEN,,,94.69,NW,,31,18469,41.86660004,-103.66699982,147.375,147.975,123,Scotts Bluff,,,,,2020-01-18,On-Air,,,,,,,,,,,,,,,,,,,,,,,,,,,,,,,,,,,,,,,,,,,,,,,,,,,,,,,,,,
448.2,-5,CC,W0FT,"Fort Morgan, Fort Morgan EOC",CO,OPEN,,D,95.34,WSW,,08,10783,40.25030136,-103.80000305,448.2,443.2,,Morgan,,,Mixed Mode,CCARC,2019-11-27,On-Air,,,"See the website for more info on Time Slot, Talk Group and Color Code Programming.",,,,Full-time to the Colorado TRBO System .,yes,7,310812,,NEAHR,Rocky Mountain Ham Radio,,,RMHR c Record retrieved from radioid.net,"Open Talkgroup View Assignment TS TG Access Rocky Mountain Wide 1 700 Northern Colorado Regional 2 721 function myFunction(id) { var x = document.getElementById(id); if (x.className.indexOf(""w3-show"") == -1) { x.className += "" w3-show""; } else { x.className = x.className.replace("" w3-show"", """"); } }",1,2,,,,,,,,,,,,,,,,,,,,,,,,,,,,,,,,,,,,,,,
444.825,5,100,W0KAV,Scottsbluff,NE,OPEN,,,95.48,NW,,31,111,41.88710022,-103.66400146,444.825,449.825,100,Scotts Bluff,,W0KAV/KW0R,"Autopatch, e-power.",,2020-01-05,On-Air,,,,,,,,,,,,,,DN81EV,,,,,,,,,,,,,,,,,,,,,,,,,,,,,,,,,,,,,,,,,,,,
145.475,-0.6,CSQ,WD0BQM,Scottsbluff,NE,OPEN,,,95.48,NW,,31,57,41.8871,-103.664,145.475,144.875,CSQ,Scotts Bluff,,RWMC,e-power.,,2018-12-02,On-Air,,,,,,CSQ,,,,,,,,,,,,,,,,,,,,,,,,,,,,,,,,,,,,,,,,,,,,,,,,,,,,
147.075,0.6,,N0NEB,Scottsbluff,NE,OPEN,,,97.59,NW,,31,59,41.9406,-103.656,147.075,147.675,,Scotts Bluff,,Tri-City Radio Amateur Club,,,2014-07-08,On-Air,,,,,,,,,,,,,,,,,,,,,,,,,,,,,,,,,,,,,,,,,,,,,,,,,,,,,,,,,,
147.165,0.6,114.8,KC7SNO,Albin,WY,OPEN,,,99.85,WNW,,56,28,41.4178009,-104.09799957,147.165,147.765,114.8,Laramie,,Shy-Wy Amateur Radio Club,E-power.,WRCG,2017-01-04,On-Air,,,,,,,"Full-time to 147.10500 (KC7SNO) at Cheyenne, North Park, WY . Full-time to 146.77500 (KC7SNO) at Cheyenne, Denver Hill, WY .",,,,,,,,,,,,,,,,,,,,,,,,,,,,,,,,,,,,,,,,,,,,,,,,,,,
147.27,0.6,,K0TAJ,"McCook, 180' tower S. of McCook",NE,OPEN,,,101.55,SE,,31,39,40.2053,-100.626,147.27,147.87,,Red Willow,,McCook ARA,Fusion Repeater,,2017-12-26,On-Air,,,,Monday Nights at 7PM,50,,,,,,,,,,,,,,,,,,,,,,,,,,,,,,,,,,,,,,,,,,,,,,,,,,,,,
444.5,5,151.4,N7UVW,McCook,NE,OPEN,,,101.92,SE,,31,15122,40.1967,-100.625,444.5,449.5,151.4,Frontier,,dirt,link comm rlc 1,,2017-12-26,On-Air,,,16,,20,,,,,,,Dirt Truckin,,,,,,,,,,,,,,,,,,,,,,,,,,,,,,,,,,,,,,,,,,,,,,
444.8,5,162.2,N7UVW,McCook,NE,OPEN,,,101.92,SE,,31,15136,40.1967,-100.625,444.8,449.8,162.2,Red Willow,,N7UVW,Link Com RLC-1 Controller,,2017-12-26,On-Air,,,180,,50,,,,,,,Dirt Truckin,,,,,,,,,,,,,,,,,,,,,,,,,,,,,,,,,,,,,,,,,,,,,,
445.1,0,100,WD0BQM,Mitchell,NE,OPEN,I,,103.68,NW,,31,11356,41.95100021,-103.80000305,445.1,445.1,100,Scotts Bluff,,,,,2014-04-17,On-Air,,3942,This is a simplex IRLP node.,,,100,,,,,,,,DN81CW,,,,,,,,,,,,,,,,,,,,,,,,,,,,,,,,,,,,,,,,,,,,
146.895,-0.6,103.5,KE0AE,Stratton,CO,OPEN,E,,117.81,S,Node Offline,08,122,39.30329895,-102.60500336,146.895,146.295,103.5,Kit Carson,,Big Sandy ARC,,CCARC,2018-04-01,On-Air,830619,,,,,,,,,,,,,DM89QH,,,,,,,,,,,,,,,,,,,,,,,,,,,,,,,,,,,,,,,,,,,,
145.19,-0.6,,KB0DZB,Oberlin,KS,OPEN,,,121.1,SE,,20,3907,39.8321991,-100.53399658,145.19,144.59,,Decatur,,TRI-STATE.,Linked.,Kansas Repeater Council,2020-03-07,Off-Air,,,,,Local,,,,,,,,,DM99RT,,,,,,,,,,,,,,,,,,,,,,,,,,,,,,,,,,,,,,,,,,,,
448.325,-5,151.4,KD7JNQ,Torrington,WY,OPEN,,,123.99,NW,,56,17395,42.0625,-104.18399811,448.325,443.325,151.4,Goshen,Unknown,,,,2018-10-26,,,,,,,,,,,,,,,,,,,,,,,,,,,,,,,,,,,,,,,,,,,,,,,,,,,,,,,,,,,
146.73,-0.6,CSQ,KF7BR,Torrington,WY,OPEN,,,123.99,NW,,56,42,42.0625,-104.18399811,146.73,146.13,CSQ,Goshen,,,,,2019-02-20,On-Air,,,,,,,,,,,,,,DN72VB,,,,,,,,,,,,,,,,,,,,,,,,,,,,,,,,,,,,,,,,,,,,
147.135,0.6,,W0SOK,Cozad,NE,OPEN,,,124.21,ESE,,31,30,40.724,-99.913,147.135,147.735,,Dawson,,Heartland Amateur Radio Association,E-power.,,2017-06-29,Off-Air,,,,Wed 2030,,,,,,,,,,,,,,,,,,,,,,,,,,,,,,,,,,,,,,,,,,,,,,,,,,,,,,
444.75,5,162.2,NV8Q,"Colby, K-Link",KS,OPEN,,,125.67,SSE,,20,8689,39.40119934,-101.10099792,444.75,449.75,162.2,Thomas,Unknown,,Linked to K-Link Repeater Network E-power (batt) Allstar 46010,Kansas Repeater Council,2018-10-15,,,,"Repeater is intermittently off-air, and the Allstar node is down.",,Wide area. Click for coverage map. 50 mi radius.,162.2,,,,,,K-Link Repeater Network,K-Link Repeater Network,DM99KJ,,,,,,,,,,,,,,,,,,,,,,,,,,,,,,,,,,,,,,,,,,,,
146.67,-0.6,CSQ,N0UVP,Gordon,NE,OPEN,,,125.7,N,,31,19,42.8069,-102.204,146.67,146.07,CSQ,Sheridan,,SHARC,E-power.,,2012-01-10,Off-Air,,,"Working on the transmitter, hope to be back on the air soon.",,,CSQ,,,,,,,,,,,,,,,,,,,,,,,,,,,,,,,,,,,,,,,,,,,,,,,,,,,,
146.82,-0.6,156.7,NW0K,Colby,KS,OPEN,I,,126.96,SSE,,20,3889,39.3915,-101.074,146.82,146.22,156.7,Thomas,,TARC,"Closed autopatch, e-power.",Kansas Repeater Council,2019-05-06,On-Air,,7552,,,Local,156.7,,,,,,,,,,,,,,,,,,,,,,,,,,,,,,,,,,,,,,,,,,,,,,,,,,,,
147.36,0.6,123,W0FLO,"Chadron, Nebraska National Forest",NE,OPEN,,,127.92,NNW,,31,12643,42.7289,-103.111,147.36,147.96,123,Dawes,,,,WB0CMC,2018-06-05,On-Air,,,,,"Chadron, Gordon, Alliance, Crawford, Pine Ridge.",123,,,,,,Pine Ridge Amateur Radio Club,,,,,,,,,,,,,,,,,,,,,,,,,,,,,,,,,,,,,,,,,,,,,,
449.3,-5,131.8,N7JJY,"Cheyenne, Chalk Bluffs",WY,OPEN,,Y,131.42,W,,56,34,41.0274,-104.784,449.3,444.3,,Laramie,,WU7G,,WRCG,2019-06-02,On-Air,,,,,"Laramie county wy, Northern Weld and Larimer County, CO",,,,,,,,,,,,,,,6.25,yes,Open ↑ / Open ↓,,,,,,,,,,,,,,,,,,,,,,,,,,,,,,,,,,,,
145.62,0,100,W0FLO,Chadron,NE,OPEN,I,,132.39,NNW,,31,11357,42.82649994,-102.98999786,145.62,145.62,100,Dawes,,Pine Ridge Amateur Radio Club - Ron Cashon -- 308 432-3322,Voice ID,,2020-01-19,On-Air,,3936,IRLP status down,,"Chadron, Gordon, Alliance, Crawford, Pine Ridge.",100,,,,,,,,DN82MT,,,,,,,,,,,,,,,,,,,,,,,,,,,,,,,,,,,,,,,,,,,,
146.85,-0.6,123,N0VL,Lexington,NE,OPEN,,,132.52,ESE,,31,12983,40.78070068,-99.74210358,146.85,146.25,123,Dawson,,,,WB0CMC,2016-07-20,On-Air,,,,,,123,,,,,,,,,,,,,,,,,,,,,,,,,,,,,,,,,,,,,,,,,,,,,,,,,,,,
446.3,0,CSQ,,Chadron,NE,OPEN,,,132.72,NNW,,31,17082,42.82939911,-103,446.3,446.3,CSQ,Dawes,,,,,2018-07-06,On-Air,,,Simplex link for the 147.360 in Chadron,,,,,,,,,,,,,,,,,,,,,,,,,,,,,,,,,,,,,,,,,,,,,,,,,,,,,,,
146.775,-0.6,114.8,KC7SNO,"Cheyenne, Denver Hill",WY,OPEN,,,133.45,W,,56,27,41.12390137,-104.81900024,146.775,146.175,114.8,Laramie,,Shy-Wy Amateur Radio Club,"E-power, WX.",WRCG,2017-01-04,On-Air,,,,Weather Net: Daily at 06:45. Shy-WY ARC: Sun at 07:00.,,,"Full-time to 147.16500 (KC7SNO) at Albin, WY .",,,,,,,,,,,,,,,,,,,,,,,,,,,,,,,,,,,,,,,,,,,,,,,,,,,
448.95,-5,CC,KC7DHF,"Cheyenne, Old airport control tower",WY,OPEN,,D,133.53,W,"Cheyenne DMR Repeater. Please use ONLY TG 315615(Cheyenne Local), TG 31563 (Wy Svr Wx), and TG 31562 (Wyoming TAC 2) on Time Slot 2 (TS2). TG 3156 (Wyoming), TG 31560 (SE Wyoming ) and TG 31561 (Wyoming TAC 1) are on TS1. ALL OTHER TG connections will be directed to Time Slot 1 (TS1). Example of ALL OTHERS is any calls that are to a TG outside of Wyoming. Under special situations such as emergencies or special events TS2 may be used for TGs outside of Wyoming but those will be after repeater Admin approval.",56,8991,41.15299988,-104.81800079,448.95,443.95,,Laramie,,,,WRCG,2019-12-12,On-Air,,,Brandmiester DMR only no analog.,,Local,,,yes,15,315615,BrandMeister,,,DN71OD,,Brandmeister c Record retrieved from radioid.net,,,,,,,Brandmeister,,,,,,,,,,,,,,,,,,,,,,,,,,,,,,,,,,,
145.235,-0.6,131.8,KB7SWR,Cheyenne,WY,OPEN,,,133.57,W,,56,19,41.13999939,-104.81999969,145.235,144.635,131.8,Laramie,,N7GT,,WRCG,2019-10-23,On-Air,,,25,,Local: Cheyenne.,,"Full-time to 448.15000 (KB7SWR) at Cheyenne, WY .",,,,,,,,,,,,,,,,,,,,,,,,,,,,,,,,,,,,,,,,,,,,,,,,,,,
147.105,0.6,91.5,KC7SNO,"Cheyenne, North Park",WY,OPEN,,,133.57,W,,56,26,41.13999939,-104.81999969,147.105,147.705,91.5,Laramie,,ShyWyArc,,WRCG,2019-02-15,On-Air,,,,,,91.5,,,,,,,,DN71,,,,,,,,,,,,,,,,,,,,,,,,,,,,,,,,,,,,,,,,,,,,
449.9,-5,100,N7JJY,Cheyenne,WY,OPEN,,,133.57,W,,56,15518,41.13999939,-104.81999969,449.9,444.9,100,Laramie,,N7JJY,,,2017-01-04,On-Air,,,To be used as a portable repeater for ARES/RACES or as needed for specific needs of the Amateur Community in Laramie County or other areas as needed. Repeater will be on when needed otherwise offline.,,From 5 miles to 25 miles,100,,,,,,,,,,,,,,,,,,,,,,,,,,,,,,,,,,,,,,,,,,,,,,,,,,,,
449.975,-5,CC,WY7EOC,Cheyenne,WY,OPEN,,D,133.57,W,,56,10803,41.13999939,-104.81999969,449.975,444.975,,Laramie,,WY7EOC,,WRCG,2020-02-27,On-Air,,,See the website for TG/TS/CC programming info and link status/info,,,,,yes,11,315601,,Laramie County Emergency Management/WY7EOC,,,,WyDMR c Record retrieved from radioid.net,,,,,,,Wyoming DMR Project,,,,,,,,,,,,,,,,,,,,,,,,,,,,,,,,,,,
146.85,-0.6,100,W0UPS,"Greeley, UNC",CO,OPEN,,,133.85,WSW,,08,156,40.40359879,-104.69999695,146.85,146.25,100,Weld,,Northern Colorado ARC,"E-power, WX.",CCARC,2017-05-08,On-Air,,,,,,100,,,,,,,,,,,,,,,,,,,,,,,,,,,,,,,,,,,,,,,,,,,,,,,,,,,,
449.325,-5,136.5,WR0AEN,Greeley,CO,OPEN,,S,133.88,WSW,,08,8210,40.4233017,-104.70899963,449.325,444.325,,Weld,,Colorado Amateur Repeater Network (CARN),,CCARC,2012-11-12,On-Air,,,,,,,,,,,,,,,,,,,,,,,,yes,WR0AEN (B),jfindu lookup / dstar-users lookup,,,,,,,,,,,,,,,,,,,,,,,,,,,,,,,,
445.1375,-5,CC,KB0VGD,Greeley,CO,OPEN,,D,133.89,WSW,,08,18521,40.42331314,-104.70912933,445.1375,440.1375,,Weld,,,,,2020-02-17,On-Air,,,,,,,,yes,2,,,,,,,c Record retrieved from radioid.net,,,,,,,,,,,,,,,,,,,,,,,,,,,,,,,,,,,,,,,,,,
449.725,-5,127.3,K0OJ,"Greeley, UNC",CO,OPEN,,,134,WSW,,08,159,40.40370178,-104.70300293,449.725,444.725,127.3,Weld,,K0OJ,"Autopatch, WX.",CCARC,2019-10-04,On-Air,,,,,,,,,,,,,,,,,,,,,,,,,,,,,,,,,,,,,,,,,,,,,,,,,,,,,,,,,,
446.7375,-5,CC,K0RTS,"Genoa, Limon",CO,OPEN,,D,134.99,SSW,,08,13581,39.27830124,-103.5,446.7375,441.7375,,Lincoln,,K0RTS KC0VJD,,CCARC,2019-11-27,On-Air,,,Colorado on TG700 Slot 1 Denver on TG720 Slot 2,,"I-70 H-40 H-287 Arriba, Genoa, Hugo, Limon 50 mile radius",,,yes,8,310829,,RMHam,,,,RMHAM c Record retrieved from radioid.net,"Open Talkgroup View Assignment TS TG Access Rocky Mountain Wide 1 700 Central Regional 2 720 function myFunction(id) { var x = document.getElementById(id); if (x.className.indexOf(""w3-show"") == -1) { x.className += "" w3-show""; } else { x.className = x.className.replace("" w3-show"", """"); } }",1,,,,,,,,,2,,,,,,,,,,,,,,,,,,,,,,,,,,,,,,,
147.06,0.6,103.5,KE0AE,Genoa,CO,OPEN,A,,135.27,SSW,,08,128,39.26879883,-103.48799896,147.06,147.66,103.5,Lincoln,,BSARC,"APRS repeater / weather station, remote base, e-power (solar - completely off the electrical grid).",CCARC,2019-07-21,On-Air,,,,Big Sandy Net: Tues 19:00,"I-70, US-71, US-287, US-40, US-24",,,,,,,,http://www.bigsandyradio.com/,DM89GG,,,,,,,,,,,,,,42740,,,,,,,,,,,,,,,,,,,,,,,,,,,,,,
449.9375,-5,CC,K7PFJ,"Cheyenne, South",WY,OPEN,,D,136.46,W,,56,15672,41.06000137,-104.87999725,449.9375,444.9375,,Laramie,,,,WRCG,2020-02-04,Off-Air,,,,,,,Full-time to the Rocky Mountain Ham System .,yes,7,315603,,,https://www.rmham.org/wordpress/,DN71NB,,RMHR c Record retrieved from radioid.net,"Open Talkgroup View Assignment TS TG Access Rocky Mountain Wide 1 700 Northern Colorado Regional 2 721 function myFunction(id) { var x = document.getElementById(id); if (x.className.indexOf(""w3-show"") == -1) { x.className += "" w3-show""; } else { x.className = x.className.replace("" w3-show"", """"); } }",1,2,,,,RMHAM,,,,,,,,,,,,,,,,,,,,,,,,,,,,,,,,,,,
147,0.6,100,KC0KWD,LaSalle,CO,OPEN,I,Y,137.56,WSW,,08,157,40.26119995,-104.70600128,147,147.6,,Weld,,Weld ARS,"Yaesu System Fusion, 20 Watts. Will be switching to DSQ on 1 Feb 2016.",CCARC,2019-05-06,On-Air,,3839,,Tuesday Night club net,,,,,,,,,,DN70PG,,,,,,,yes,Open ↑ / Open ↓,,,,,,,,,,,,,,,,,,,,,,,,,,,,,,,,,,,,
448.475,-5,100,KC0KWD,Greeley,CO,OPEN,I,,137.56,WSW,,08,158,40.26119995,-104.70600128,448.475,443.475,100,Weld,,Weld Amateur Radio Society (WARS),,CCARC,2019-05-06,On-Air,,3839,,,,,,,,,,,http://www.warsco.org/,DN70PG,,,,,,,,,,,,,,,,,,,,,,,,,,,,,,,,,,,,,,,,,,,,
449.25,-5,123,K0UPS,Cedar Point,CO,OPEN,EI,,138.14,SW,ON - IDLE,08,9583,39.37030029,-103.8010025,449.25,444.25,123,Elbert,,K0UPS Club c/o N1UPS,Full duplex node.,CCARC,2014-09-02,On-Air,3349,3349,"K0UPS Buster Brown Radio Club. North West of Limon, Colorado.",,"I-70 Limon, Co area.",123,,,,,,,,DM89CI,** [StarStar] Prefix for Echolink Node.,,,,,,,,,,,,,,,,,,,,,,,,,,,,,,,,,,,,,,,,,,,
146.865,-0.6,,KR0A,Broken Bow,NE,OPEN,,,139.32,E,,31,10,41.40179825,-99.6411972,146.865,146.265,,Custer,,KR0A,,,2013-12-13,Off-Air,,,,,,,,,,,,,,,,,,,,,,,,,,,,,,,,,,,,,,,,,,,,,,,,,,,,,,,,,,
147.06,0.6,,KR0A,Broken Bow,NE,OPEN,,,139.32,E,,31,11,41.4018,-99.6412,147.06,147.66,,Custer,,KR0A,,,2017-05-21,On-Air,,,,,,,,,,,,,,,,,,,,,,,,,,,,,,,,,,,,,,,,,,,,,,,,,,,,,,,,,,
146.745,-0.6,,KD0AN,Edison,NE,OPEN,E,,139.37,SE,ON - IDLE,31,12982,40.2771,-99.7767,146.745,146.145,,Furnas,,,,WB0CMC,2017-01-15,On-Air,882742,,,,,,,,,,,,,,,,,,,,,,,,,,,,,,,,,,,,,,,,,,,,,,,,,,,,,,,,,
447.2,-5,82.5,N6RFI,"Severance, Cactus Hill",CO,OPEN,,,141.06,W,,08,8188,40.58100128,-104.90599823,447.2,442.2,82.5,Weld,,N6RFI,,CCARC,2017-03-11,On-Air,,,,,,,,,,,,,,DN70NN,,,,,,,,,,,,,,,,,,,,,,,,,,,,,,,,,,,,,,,,,,,,
449.925,-5,114.8,K0EB,Hudson,CO,OPEN,EI,,141.71,WSW,Node Offline,08,8216,40.02019882,-104.64199829,449.925,444.925,114.8,Weld,,K0EB,,CCARC,2018-12-01,On-Air,448035,8035,,,,114.8,,,,,,K0UPS Club,,DN70,,,,,,,,,,,,,,,,,,,,,,,,,,,,,,,,,,,,,,,,,,,,
446.775,-5,CC,W0DMR,"Fort Collins, Timnath",CO,OPEN,,D,141.9,W,"Rick KT0L Repeater Ft Collins, CO (Limited coverage)",08,10995,40.59379959,-104.9260025,446.775,441.775,,Larimer,,W0DMR - NoCo C-bridge Network,,CCARC,2019-11-27,On-Air,,,"Any additional Brandmeister talk group is available on time slot 1, too many to list here, see website. https://dmrx.net/files/US_BM_User_Guide.pdf",,"Fort Collins east side, into Red Feather Lakes area.",,,yes,2,310806,,Brandmeister Network,W0DMR,DN70MO,"Repeater ID: 310806, TS 1: TG 91 - World Wide, TG 93 - North America, TG 3100 USA. TS 2: TG 2 - Local, TG 3171 - No. Colorado, TG 3108 Colorado Statewide.",NoCO c Record retrieved from radioid.net,"Open Talkgroup View Assignment TS TG Access Worldwide English 1 91 Full-Time North America 1 93 Full-Time DCI Bridge 1 3100 Full-Time Local/Cluster 2 2 Colorado 2 3108 Full-Time N. Colorado 2 3171 Full-Time function myFunction(id) { var x = document.getElementById(id); if (x.className.indexOf(""w3-show"") == -1) { x.className += "" w3-show""; } else { x.className = x.className.replace("" w3-show"", """"); } }",,,,,,,,,,,,BrandMeister US,1,1,1,2,2,2,,,,,,,,,,,,,,,,,,,,,,,
147.39,0.6,CC,W0DMR,"Fort Collins, Timnath",CO,OPEN,,D,143.56,WSW,,08,12562,40.54460144,-104.94400024,147.39,147.99,,Larimer,,KT0L - NoCo C-Bridge Network,,CCARC,2019-11-27,On-Air,,,,Tac 310 Net: Sun at 18:00.,"Fort Collins east side, into Red Feather Lakes area.",,,yes,2,310822,,,Documentation,,,NoCO c Record retrieved from radioid.net,"Open Talkgroup View Assignment TS TG Access TAC 310 1 310 DCI Bridge 1 3100 N. Colorado 1 3171 Mountain Reg USA 1 3177 Local/Cluster 2 2 function myFunction(id) { var x = document.getElementById(id); if (x.className.indexOf(""w3-show"") == -1) { x.className += "" w3-show""; } else { x.className = x.className.replace("" w3-show"", """"); } }",,,,,,,,,,,,,,,1,2,,1,1,1,,,,,,,,,,,,,,,,,,,,,
448.325,-5,110.9,WB7UPS,Wellington,CO,OPEN,,,144.81,W,,08,8251,40.70389938,-105.00900269,448.325,443.325,110.9,Larimer,,,,CCARC,2012-11-16,On-Air,,,,,,,,,,,,,,,,,,,,,,,,,,,,,,,,,,,,,,,,,,,,,,,,,,,,,,,,,,
447.625,-5,100,KE0SJ,Lochbuie,CO,OPEN,,,145.58,WSW,,08,9771,40.00719833,-104.71600342,447.625,442.625,100,Adams,,Intermountain Repeater Group,,,2015-05-23,On-Air,,,,,Local/North Metro,,,,,,,,Intermountain Repeater Group,,,,,,,,,,,,,,,,,,,,,,,,,,,,,,,,,,,,,,,,,,,,,
448.025,-5,100,W0UPS,"Loveland, Budweiser Event Center",CO,OPEN,,Y,147.58,WSW,,08,3621,40.44400024,-104.98899841,448.025,443.025,100,Larimer,,Northern Colorado ARC,,CCARC,2016-03-21,On-Air,,,,,,100,,,,,,,,DN70MK,,,,,,,yes,Open ↑ / Open ↓,,,,,,,,,,,,,,,,Yes; analog capable.,,,,,,,,,,,,,,,,,,,,
444.6,5,146.2,WA0VJR,Wallace,KS,OPEN,I,,147.66,SSE,,20,3559,38.91389847,-101.59400177,444.6,449.6,146.2,Wallace,,WA0VJR,,,2019-03-27,On-Air,,3148,Dial 9335 to access K-Link,,US-40 Repeater Coverage Map,,,,,,,,,DM98EV,,,,,,,,,,,,,,,,,,,,,,,,,,,,,,,,,,,,,,,,,,,,
224.96,-1.6,CSQ,AC0KC,Fort Lupton,CO,OPEN,,,147.69,WSW,,08,8183,40.08470154,-104.81300354,224.96,223.36,CSQ,Weld,,AC0KC,,CCARC,2012-11-12,On-Air,,,,,,,,,,,,,,,,,,,,,,,,,,,,,,,,,,,,,,,,,,,,,,,,,,,,,,,,,,
447,-5,103.5,KC0VJD,Hugo,CO,OPEN,W,Y,148.32,SSW,,08,17059,39.05419922,-103.48000336,447,442,,Lincoln,,Delbert Noakes (KC0VJD),APRS repeater &amp; I-Gate / Weather station,CCARC,2020-01-26,On-Air,,,,,"I-70, US-71, US-287, US-40, US-24, Hugo, Limon, Genoa, Punkin Center, Arriba.",,,,,,,,,,,,,,,,yes,Open ↑ / Open ↓,,,,,,,,,,,,,,,,,30534,,,,,,,,,,,,,,,,,,,
447.3,-5,107.2,AC0KC,Fort Lupton,CO,OPEN,EI,,148.33,WSW,Node Offline,08,8739,40.02759933,-104.78900146,447.3,442.3,107.2,Weld,,,,CCARC,2013-01-07,On-Air,405804,3887,,,,,,,,,,,,,,,,,,,,,,,,,,,,,,,,,,,,,,,,,,,,,,,,,,,,,,,,
146.895,-0.6,123,K0PCA,Loomis,NE,OPEN,,,148.59,SE,,31,38,40.4783,-99.507,146.895,146.295,123,Phelps,,Region 15 ARES/RACES,E-power.,WB0CMC,2017-05-21,On-Air,,,,,,123,,,,,,,,,,,,,,,,,,,,,,,,,,,,,,,,,,,,,,,,,,,,,,,,,,,,
147.36,0.6,100,W0QEY,"Fort Collins, CSU Durward Hall",CO,OPEN,,,149.98,W,,08,125,40.57080078,-105.07700348,147.36,147.96,100,Larimer,,CO State Univ ARC,Closed autopatch.,CCARC,2017-03-11,On-Air,,,,,Map,100,,,,,,,,,,,,,,,,,,,,,,,,,,,,,,,,,,,,,,,,,,,,,,,,,,,,
449.85,-5,100,W0QEY,"Fort Collins, CSU Durward Hall",CO,OPEN,,,150.13,W,,08,124,40.58530045,-105.08399963,449.85,444.85,100,Larimer,,CO State Univ ARC,Closed autopatch.,CCARC,2012-11-16,On-Air,,,,,Map,100,,,,,,,,,,,,,,,,,,,,,,,,,,,,,,,,,,,,,,,,,,,,,,,,,,,,
927.95,-25,100,W0QEY,"Fort Collins, CSU Durward Hall",CO,OPEN,,,150.13,W,,08,3592,40.58530045,-105.08399963,927.95,902.95,100,Larimer,,,,CCARC,2019-09-01,On-Air,,,,,Northern Front Range,100,,,,,,,,,,,,,,,,,,,,,,,,,,,,,,,,,,,,,,,,,,,,,,,,,,,,
446.7625,-5,CC,W0QEY,"Fort Collins, CSU Durward Hall",CO,OPEN,,D,150.7,W,,08,18416,40.57759857,-105.09300232,446.7625,441.7625,,Larimer,,RMHAM,,,2020-02-10,On-Air,,,,Red Cross Net on Wide - Third Thursday of the month at 1900 Tech Net on Wide - First Saturday of the month at 1900,,,,yes,8,,,CSUARC,https://www.rmham.org/wordpress/dmr-radio-site-information/,,,c Record retrieved from radioid.net,,,,,,,,,,,,,,,,,,,,,,,,,,,,,,,,,,,,,,,,,,
446.7625,-5,CC,W0QEY,"Fort Collins, CSU Durward Hall",CO,OPEN,,D,150.7,W,,08,18417,40.57759857,-105.09300232,446.7625,441.7625,,Larimer,,RMHAM,,,2020-02-10,On-Air,,,,Red Cross Net on Wide - Third Thursday of the month at 1900 Tech Net on Wide - First Saturday of the month at 1900,,,,yes,8,,,CSUARC,https://www.rmham.org/wordpress/dmr-radio-site-information/,,,c Record retrieved from radioid.net,,,,,,,,,,,,,,,,,,,,,,,,,,,,,,,,,,,,,,,,,,
446.8125,-5,,W0QEY,"Fort Collins, CSU Durward Hall",CO,OPEN,,S,150.7,W,,08,8901,40.57770157,-105.09300232,446.8125,441.8125,,Larimer,,W0QEY CSU,D-Star Gateway,CCARC,2017-05-31,On-Air,,,Free Star,,Fort Collins Local Area,,,,,,,,,DN70KN,,,,,,,,,,yes,W0QEY (B) Repeater,jfindu lookup / dstar-users lookup,,,,,,,,,,,,,,,,,,,,,,,,,,,,,,,,
447.725,-5,131.8,W7RF,Fort Collins,CO,OPEN,,,151.24,WSW,,08,8194,40.49599838,-105.07900238,447.725,442.725,131.8,Larimer,,W7RF,,CCARC,2018-05-13,On-Air,,,,,,,,,,,,,,DN70LL,,,,,,,,,,,,,,,,,,,,,,,,,,,,,,,,,,,,,,,,,,,,
447.6,-5,103.5,KC0VJD,Firstview,CO,OPEN,W,Y,152.24,S,,08,17703,38.79579926,-102.54799652,447.6,442.6,,Cheyenne,,Delbert Noakes (KC0VJD),"APRS Digireater &amp; iGate, Weather Station",CCARC,2019-04-24,On-Air,,,,,"US-40, US-287, US-385, CO-94, CO-96 Kit Carson, Cheyenne Wells, Firstview, Eads, Aroya, Sheridan Lake",,,,,,,,,DM88RT,,,,,,,yes,Open ↑ / Open ↓,,,,,,,,,,,,,,,,,35710,,,,,,,,,,,,,,,,,,,
449.575,-5,100,W0LRA,"Loveland, Namaqua Hill",CO,OPEN,,,152.76,WSW,,08,181,40.39780045,-105.0739975,449.575,444.575,100,Larimer,,Loveland Rptr Assoc,"Closed autopatch, e-power.",CCARC,2018-02-24,On-Air,,,,,,,,,,,,,,,,,,,,,,,,,,,,,,,,,,,,,,,,,,,,,,,,,,,,,,,,,,
1283.55,-20,100,K1TJ,Fort Collins,CO,OPEN,,,154.4,WSW,,08,3620,40.51530075,-105.14700317,1283.55,1263.55,100,Larimer,,K1TJ Repeater System,,CCARC,2013-01-01,On-Air,,,,,Northern Colorado Front Range,,,,,,,,http://www.k1tj.com/,DN70KM,,,,,,,,,,,,,,,,,,,,,,,,,,,,,,,,,,,,,,,,,,,,
447.45,-5,123,KC0RBT,Fort Collins,CO,OPEN,E,,154.4,WSW,ON - IDLE,08,276,40.5153,-105.147,447.45,442.45,123,Larimer,,,,CCARC,2016-02-01,On-Air,447450,,,,,,,,,,,,,,,,,,,,,,,,,,,,,,,,,,,,,,,,,,,,,,,,,,,,,,,,,
446.7375,-5,CC,N0AOL,Fort Collins,CO,OPEN,,D,154.4,WSW,,08,8505,40.51530075,-105.14700317,446.7375,441.7375,,Larimer,,N0AOL - NoCo C-Bridge Network,DMR-MARC World Wide Network,CCARC,2019-11-27,On-Air,,,Repeater ID: 310803,"DMR World Wide Net: Sat at 10:00. TS 1 Group Call 1 http://www.dmr-marc.net/ Tac 310 Net: Sun at 18:00, TS 1 Group Call 310 .",Wide area: North Front Range.,,,yes,2,310803,,,http://nocodmr.kt0l.net:8080/nocodmr/documentation.htm,DN70KM,,NoCo c Record retrieved from radioid.net,"Open Talkgroup View Assignment TS TG Access Worldwide 1 1 North America 1 3 English 1 13 TAC 310 1 310 Local/Cluster 2 2 N. Colorado 2 3171 function myFunction(id) { var x = document.getElementById(id); if (x.className.indexOf(""w3-show"") == -1) { x.className += "" w3-show""; } else { x.className = x.className.replace("" w3-show"", """"); } }",,,,,,,,,,,,,,1,,2,,2,1,,,,1,1,,,,,,,,,,,,,,,,,
448.15,-5,100,KB7SWR,Cheyenne,WY,OPEN,,,154.45,W,,56,20,41.15250015,-105.22100067,448.15,443.15,100,Laramie,,KB7SWR,,WRCG,2017-01-04,Off-Air,,,,,,,"Full-time to 145.23500 (KB7SWR) at Cheyenne, WY .",,,,,,,DN71JD,,,,,,,,,,,,,,,,,,,,,,,,,,,,,,,,,,,,,,,,,,,,
448.15,-5,141.3,WE0FUN,"Denver, Green Valley Ranch",CO,OPEN,EA,,154.48,WSW,Node Offline,08,9765,39.79669952,-104.7480011,448.15,443.15,141.3,Denver,,K0GUR,E-power (batt). 2 meter and 70cm channel steerable remote bases.,CCARC,2019-08-22,On-Air,24340,,Can be linked to various local repeater systems via the remote base(s). Echolink connects restricted. Email me to be added to the authorized list. The system may be occupied in the Southern Colorado area for a formal net or ARES activity.,APRS Net: Sun at 19:00. Region 5 District 2 ARES Net: Sun at 19:30. Statewide ARES Net: Sun at 20:00. Region 5 District 1 ARES Net: Mon at 19:00. RGARC Net: Wed at 19:00.,Small coverage of the East Denver area SW of DIA. Repeater Coverage Map,141.3,Full-time to the The Fun Machine System .,,,,,,k0jsc.com,DM79pt,,,,,,,,,,,,,,29436,,,,,,,,,,,,,,Listen Live,,,,,,,,,,,,,,,,
146.88,-0.6,162.2,N0KOM,"Lenora, K-Link",KS,OPEN,A,,154.86,SE,,20,3956,39.573,-99.986,146.88,146.28,162.2,Norton,,N0KOM,"e-power, K-Link.",Kansas Repeater Council,2019-03-26,On-Air,,,,Sat @ 21:00 local,Click for coverage map. 50 mi radius.,162.2,Full-time to the K-Link System .,,,,,,K-Link Repeater Network,,,,,,,,,,,,,,,49527,,,,,,,,,,,,,,Listen Live,,,,,,,,,,,,,,,,
147.195,0.6,100,W0LRA,"Loveland, Namaqua Hill",CO,OPEN,,,155.32,WSW,,08,179,40.39849854,-105.125,147.195,147.795,100,Larimer,,Loveland Repeater Assoc,"Closed autopatch, e-power.",CCARC,2016-08-18,On-Air,,,,,,,,,,,,,,,,,,,,,,,,,,,,,,,,,,,,,,,,,,,,,,,,,,,,,,,,,,
147.105,0.6,107.2,WA0DE,Simla,CO,OPEN,,,155.33,SW,,08,12167,39.22669983,-104.08999634,147.105,147.705,107.2,Elbert,,ARES of Douglas and Elbert Counties,Linked to CRA 448.425 - WestCreek,CCARC,2020-02-11,On-Air,,,,,"I-70, E. Arapahoe, Elbert, Lincoln Counties 40 mi radius.",107.2,"Full-time to 448.42500 (W0CRA) at Larkspur, Westcreek, CO .",,,,,Colorado Repeater Association,http://www.w0cra.org/,DM79WF,,,,,,,,,,,,,,,,,,,,,,,,,,,,,,,,,,,,,,,,,,,,
446.75,-5,CC,K7PFJ,"Fort Collins, Horsetooth Mountain",CO,OPEN,,D,155.68,W,,08,8715,40.53879929,-105.17900085,446.75,441.75,,Larimer,,Rocky Mountain Ham Radio,,CCARC,2019-12-09,Off-Air,,,See website for complete info on color codes/time slot assignment.,,,,Full-time to the Colorado TRBO System .,yes,7,310814,,,http://www.rmham.org,,,RMHR c Record retrieved from radioid.net,"Open Talkgroup View Assignment TS TG Access Rocky Mountain Wide 1 700 Northern Colorado Regional 2 721 function myFunction(id) { var x = document.getElementById(id); if (x.className.indexOf(""w3-show"") == -1) { x.className += "" w3-show""; } else { x.className = x.className.replace("" w3-show"", """"); } }",1,2,,,,,,,,,,,,,,,,,,,,,,,,,,,,,,,,,,,,,,,
145.265,-0.6,CC,KB0VGD,"Fort Collins, Horsetooth Mountain",CO,OPEN,,D,155.68,W,,08,14274,40.5388,-105.179,145.265,144.665,,Larimer,,W0DMR - NoCo C-bridge Network,,CCARC,2017-01-11,On-Air,,,"Any additional Brandmeister talk group is available on time slot 1, too many to list here, see website. https://dmrx.net/files/US_BM_User_Guide.pdf",,Northern Colorado Front Range Wide Area coverage.,,,yes,2,,,Brandmeister Network,http://www.w0dmr.org/,,"Repeater ID: 310831, TS 1: TG 91 - World Wide, TG 93 - North America, TG 3100 USA. TS 2: TG 2 - Local, TG 3171 - No. Colorado, TG 3108 Colorado Statewide.",,"Open Talkgroup View Assignment TS TG Access Worldwide English 1 91 Full-Time North America 1 93 Full-Time DCI Bridge 1 3100 Full-Time Local/Cluster 2 2 Colorado 2 3108 Full-Time N. Colorado 2 3171 Full-Time function myFunction(id) { var x = document.getElementById(id); if (x.className.indexOf(""w3-show"") == -1) { x.className += "" w3-show""; } else { x.className = x.className.replace("" w3-show"", """"); } }",,,,,,,,,,,,BrandMeister US,1,1,1,2,2,2,,,,,,,,,,,,,,,,,,,,,,,
145.115,-0.6,100,W0UPS,"Fort Collins, Horsetooth Mountain",CO,OPEN,E,,156.54,W,ON - IDLE,08,123,40.53969955,-105.19599915,145.115,144.515,100,Larimer,,Northern Colorado ARC,7,CCARC,2016-10-25,On-Air,4236,,,,Wide area.,100,,,,,,,,DN70JM,,,,,,,,,,,,,,,,,,,,,,,,,,,,,,,,,,,,,,,,,,,,
224.52,-1.6,100,W0UPS,"Fort Collins, Horsetooth Mountain",CO,OPEN,,,156.54,W,,08,275,40.53969955,-105.19599915,224.52,222.92,100,Larimer,,Northern Colorado ARC,E-power.,CCARC,2018-03-21,Off-Air,,,,,,100,,,,,,,,,,,,,,,,,,,,,,,,,,,,,,,,,,,,,,,,,,,,,,,,,,,,
447.275,-5,100,W0UPS,"Fort Collins, Horsetooth Mountain",CO,OPEN,,,156.54,W,,08,126,40.5397,-105.196,447.275,442.275,100,Larimer,,Northern Colorado ARC,"Closed autopatch, e-power.",CCARC,2018-07-23,On-Air,,,,,Wide area.,100,,,,,,,,,,,,,,,,,,,,,,,,,,,,,,,,,,,,,,,,,,,,,,,,,,,,
146.88,-0.6,,WA7SNU,Wheatland,WY,OPEN,,,157.36,WNW,,56,47,42.0544014,-104.95200348,146.88,146.28,,Platte,,GPARA,,,2019-02-21,On-Air,,,,,,,,,,,,,,,,,,,,,,,,,,,,,,,,,,,,,,,,,,,,,,,,,,,,,,,,,,
224.68,-1.6,,AE7AF,Wheatland,WY,OPEN,,,157.4,WNW,,56,15538,42.0544014,-104.95300293,224.68,223.08,,Platte,,,,,2017-10-12,On-Air,,,,,,,,,,,,,,,,,,,,,,,,,,,,,,,,,,,,,,,,,,,,,,,,,,,,,,,,,,
449.625,-5,151.4,WA7SNU,Wheatland,WY,OPEN,,,157.4,WNW,,56,16476,42.0544,-104.953,449.625,444.625,151.4,Platte,,,,,2017-10-12,On-Air,,,,,,,,,,,,,,,,,,,,,,,,,,,,,,,,,,,,,,,,,,,,,,,,,,,,,,,,,,
927.7375,-25.7,100,KI0HC,Parker,CO,OPEN,,,157.46,SW,,08,14732,39.53910065,-104.56900024,927.7375,902.025,100,Douglas,,,,CCARC,2020-01-01,On-Air,,,,,"Wide area coverage, I 25 from Cheyenne south to MM 20 just north of Trinidad. I 76 East to MM 100. I 70 from Idaho Springs to Genoa. Highway 24 from the Colorado Springs to Limon. Highway 24 west of Colorado Springs is spotty to Hartsel. US 50 from Canon City to Las Animas. Salida south to the San Luis Valley to Antonito. Salida North to just south of Leadville. Repeater Coverage Map",100,Full-time to the The 900 P25 Network System .,,,,,,,DM79RM,,,,,,,,,,,,,,,,,,,,,,,,Yes; analog capable.,,,,,yes,293,yes,,,,,,,,,,,,,
448.525,-5,151.4,N0EPA,Longmont,CO,OPEN,E,,159.32,WSW,ON - IDLE,08,176,40.16719818,-105.10099792,448.525,443.525,151.4,Boulder,,N0EPA,,CCARC,2019-06-19,On-Air,223853,,,,,,,,,,,,,,,,,,,,,,,,,,,,,,,,,,,,,,,,,,,,,,,,,,,,,,,,,
147.27,0.6,100,W0ENO,Longmont,CO,OPEN,,,159.32,WSW,,08,175,40.16719818,-105.10099792,147.27,147.87,100,Boulder,,Longmont ARC (LARC),"Closed autopatch, e-power, EchoLink.",CCARC,2017-03-11,On-Air,,,,,Wide area: Northern Colorado.,100,"Linkable to 448.80000 (W0ENO) at Longmont, CO .",,,,,,http://w0eno.org/?q=node/11,,,,,,,,,,,,,,,,,,,,,,,,,,,,,,,,,,,,,,,,,,,,,
448.8,-5,88.5,W0ENO,Longmont,CO,OPEN,,,159.32,WSW,,08,177,40.16719818,-105.10099792,448.8,443.8,88.5,Boulder,,Longmont ARC,30,CCARC,2017-03-11,On-Air,,,,LARC: Sun at 20:00.,,88.5,"Linkable to 147.27000 (W0ENO) at Longmont, CO .",,,,,,,,,,,,,,,,,,,,,,,,,,,,,,,,,,,,,,,,,,,,,,,,,,,
448.5,-5,100,KB0UDD,"Aurora, Smokey Hill",CO,OPEN,,,160.72,WSW,,08,92,39.72940063,-104.83100128,448.5,443.5,100,Denver,,Castle Rock Repeater Group,E-power.,CCARC,2017-03-11,On-Air,,,,,Greater Denver area.,,"Full-time to 145.40000 (KB0UDD) at Aurora, Smoky Hill, CO .",,,,,,,,,,,,,,,,,,,,,,,,,,,,,,,,,,,,,,,,,,,,,,,,,,,
448.4,-5,94.8,N0ZUQ,Aurora,CO,OPEN,,,160.76,WSW,,08,8202,39.72940063,-104.83200073,448.4,443.4,94.8,Arapahoe,,,,CCARC,2012-11-12,On-Air,,,,,,,,,,,,,,,,,,,,,,,,,,,,,,,,,,,,,,,,,,,,,,,,,,,,,,,,,,
448.275,-5,156.7,W0BG,Aurora,CO,OPEN,,,160.76,WSW,,08,8199,39.72940063,-104.83200073,448.275,443.275,156.7,Arapahoe,,W0BG,,CCARC,2013-01-05,On-Air,,,,,,,,,,,,,,,,,,,,,,,,,,,,,,,,,,,,,,,,,,,,,,,,,,,,,,,,,,
449.95,-5,77,W9SL,Aurora,CO,OPEN,,,160.76,WSW,,08,8743,39.72940063,-104.83200073,449.95,444.95,77,Arapahoe,,W9SL Owner,,CCARC,2019-08-23,On-Air,,,,,Primarily to the North along I-25 corridor,77,,,,,,,,,,,,,,,,,,,,,,,,,,,,,,,,,,,,,,,,,,,,,,,,,,,,
448.825,-5,,WN7ANT,Aurora,CO,OPEN,W,Y,160.76,WSW,,08,16032,39.72940063,-104.83200073,448.825,443.825,,Arapahoe,,,,,2017-12-13,On-Air,,,,,,,,,,,,,,,,,,,,,yes,Open ↑ / Open ↓,,,,,,,,,,,,,,,,,30584,,,,,,,,,,,,,,,,,,,
147.36,0.6,225.7,WM0L,Ainsworth,NE,OPEN,I,,160.83,NE,,31,4,42.492,-99.8827,147.36,147.96,225.7,Brown,,WM0L,WX radio with alerts.,,2014-04-17,On-Air,,3142,100,Nebraska IRLP Net Sunday night at 8:30 pm local time on 9875 reflector,Coverage not as good to the South. 30 mi radius.,225.7,Full-time to the Nebraska Hub System .,,,,,,,,,,,,,,,,,,,,,,,,,,,,,,,,,,,,,,,,,,,,,,,,,,,
449.15,-5,136.5,WR0AEN,Aurora,CO,OPEN,,S,161.06,WSW,,08,8207,39.69670105,-104.80999756,449.15,444.15,,Arapahoe,,Colorado Amateur Repeater Network (CARN),,CCARC,2012-11-12,On-Air,,,,,,,,,,,,,,,,,,,,,,,,yes,WR0AEN (B),jfindu lookup / dstar-users lookup,,,,,,,,,,,,,,,,,,,,,,,,,,,,,,,,
145.19,-0.6,151.4,N0OBA,Aurora,CO,OPEN,E,,161.56,SW,ON - IDLE,08,8741,39.62799835,-104.75800323,145.19,144.59,151.4,Arapahoe,,N0OBA,Autopatch (please contact trustee).,,2018-02-01,On-Air,10079,,"Please note the PL's! Do not TSQ unless your radio can do split PL's. Otherwise you will not here the system. Regards, Scott","""Tri Lakes Net"" This net is held every Monday at 7:30pm local (except on the third Monday of the month when we have our regular radio club meeting.)","Aurora, Littleton, Denver, Morrison, North Colorado Springs to as far as Ft. Collins.",131.8,,,,,,,,DM79OP,,,,,,,,,,,,,,,,,,,,,,,,,,,,,,,,,,,,,,,,,,,,
145.4,-0.6,100,KB0UDD,"Aurora, Smoky Hill",CO,OPEN,,,161.69,SW,,08,5,39.6072998,-104.74099731,145.4,144.8,100,Arapahoe,,Castle Rock Repeater Group,"Autopatch, e-power.",CCARC,2019-03-09,On-Air,,,,,Greater Denver area.,,"Full-time to 448.50000 (KB0UDD) at Aurora, Smokey Hill, CO .",,,,,,,,,,,,,,,,,,,,,,,,,,,,,,,,,,,,,,,,,,,,,,,,,,,
447.7,-5,100,W0UPS,"Fort Collins, Buckhorn Mountain",CO,OPEN,,,162.16,W,,08,5853,40.6111,-105.324,447.7,442.7,100,Larimer,,Northern Colorado Amateur Radio Club,,,2014-09-02,On-Air,,,,,Wide Area Coverage,100,"Linkable to 146.62500 (W0UPS) at Fort Collins, Buckhorn Mountain, CO . Linkable to 146.85000 (W0UPS) at Greeley, UNC, CO . Full-time to 224.84000 (W0UPS) at Fort Collins, Buckhorn Mountain, CO .",,,,,,http://ncarc.net/,,,,,,,,,,,,,,,,,,,,,,,,,,,,,,,,,,,,,,,,,,,,,
147.045,0.6,123,K0ML,Northglenn,CO,OPEN,,,162.2,WSW,,08,185,39.88560104,-104.98699951,147.045,147.645,123,Adams,,Northglenn RA,E-power.,CCARC,2017-04-10,On-Air,,,,,,,,,,,,,,,,,,,,,,,,,,,,,,,,,,,,,,,,,,,,,,,,,,,,,,,,,,
445.2,-5,CC,N0SZ,"Fort Collins, Buckhorn Mountain",CO,OPEN,,D,162.24,W,,08,18418,40.61700058,-105.32700348,445.2,440.2,,Larimer,,RMHAM,,,2019-12-28,On-Air,,,,Red Cross Net on Wide - Third Thursday of the month at 1900 Tech Net on Wide - First Saturday of the month at 1900,,,,yes,7,,,,https://www.rmham.org/wordpress/dmr-radio-site-information/,,,c Record retrieved from radioid.net,,,,,,,,,,,,,,,,,,,,,,,,,,,,,,,,,,,,,,,,,,
146.625,-0.6,100,W0UPS,"Fort Collins, Buckhorn Mountain",CO,OPEN,,,162.24,W,,08,246,40.61700058,-105.32700348,146.625,146.025,100,Larimer,,Northern Colorado ARC,E-power.,CCARC,2017-03-11,On-Air,,,,,Wide area: Northern front range.,100,"Linkable to 146.85000 (W0UPS) at Greeley, UNC, CO . Linkable to 224.84000 (W0UPS) at Fort Collins, Buckhorn Mountain, CO .",,,,,,,DN70IO,,,,,,,,,,,,,,,,,,,,,,,,,,,,,,,,,,,,,,,,,,,,
224.84,-1.6,100,W0UPS,"Fort Collins, Buckhorn Mountain",CO,OPEN,,,162.24,W,,08,3660,40.617,-105.327,224.84,223.24,100,Larimer,,Northern Colorado ARC,"E-power, 25 watts.",,2019-08-23,Off-Air,,,,,"Wide Area: Northern CO Front Range and into Cheyenne - Laramie, WY",100,"Full-time to 447.70000 (W0UPS) at Fort Collins, Buckhorn Mountain, CO .",,,,,,,,,,,,,,,,,,,,,,,,,,,,,,,,,,,,,,,,,,,,,,,,,,,
927.875,-25.9,,KI0HC,"Fort Collins, Buckhorn Mountain",CO,OPEN,,,162.3,W,,08,18424,40.61669922,-105.32800293,927.875,902.025,,Larimer,,RM Ham,,CCARC,2020-01-01,On-Air,,,,,"Wide area coverage, I 25 from Cheyenne south to MM 20 just north of Trinidad. I 76 East to MM 100. I 70 from Idaho Springs to Genoa. Highway 24 from the Colorado Springs to Limon. Highway 24 west of Colorado Springs is spotty to Hartsel. US 50 from Canon City to Las Animas. Salida south to the San Luis Valley to Antonito. Salida North to just south of Leadville. Repeater Coverage Map",,Full-time to the The 900 P25 Network System .,,,,,,,,,,,,,,,,,,,,,,,,,,,,,,,,,,,,yes,293,yes,,,,,,,,,,,,,
145.205,-0.6,CSQ,KA0RCZ,Alma,NE,OPEN,,,164.22,SE,,31,6,40.10079956,-99.36250305,145.205,144.605,CSQ,Harlan,,,Linked to 444.625 Axtel.,WB0CMC,2018-04-01,On-Air,,,,,,,,,,,,,http://w0ky.club/,,,,,,,,,,,,,,,,,,,,,,,,,,,,,,,,,,,,,,,,,,,,,
146.76,-0.6,100,W0IA,"Boulder, Gunbarrel Hill",CO,OPEN,,,165.05,WSW,,08,16,40.05559921,-105.15699768,146.76,146.16,100,Boulder,,Rocky Mtn VHF Soc,5,CCARC,2017-03-11,On-Air,,,ARES primary repeater. Voting Receivers: RX Location Tone Pitch PL Gunbarrel single beep low 100.0 Lousville single beep low 100.0 Lyons double beep high followed by medium 100.0 Louisville #2 double beep high followed by low 100.0,,Wide area.,,,,,,,Boulder County ARES,,DN70KB,,,,,,,,,,,,,,,,,,,,,,,,,,,,,,,,Tone,single beep,single beep,double beep,double beep,,,,,,,,
448.925,-5,131.8,W0LMA,Broomfield,CO,OPEN,,,165.69,WSW,,08,26,39.92060089,-105.08599854,448.925,443.925,131.8,Boulder,,W0LMA,,CCARC,2019-06-19,Off-Air,,,,,,,,,,,,,,,,,,,,,,,,,,,,,,,,,,,,,,,,,,,,,,,,,,,,,,,,,,
449.825,-5,103.5,W0WYX,Broomfield,CO,OPEN,,,165.69,WSW,,08,266,39.92060089,-105.08599854,449.825,444.825,103.5,Boulder,,Rocky Mountain Radio League,6,CCARC,2019-06-19,Off-Air,,,,Colorado WX: Daily at 06:30. RMRL: Mod at 20:30. Astronomy: Tue at 19:00. Amateur Radio Events: Tue at 20:00.,Along the foothills and into Boulder where the 94 repeater is shadowed.,,,,,,,,Repeater,,,,,,,,,,,,,,,,,,,,,,,,,,,,,,,,,,,,,,,,,,,,,
448.7,-5,146.2,WQ8M,Parker,CO,OPEN,,,165.99,SW,,08,274,39.55799866,-104.79399872,448.7,443.7,146.2,Douglas,,,,,2018-09-07,On-Air,,,,,Local North Parker only,,,,,,,,,,,,,,,,,,,,,,,,,,,,,,,,,,,,,,,,,,,,,,,,,,,,,
447.225,-5,CC,WY7EOC,"Laramie, Pilot Hill",WY,CLOSED,,D,166.05,W,,56,60,41.26660156,-105.43299866,447.225,442.225,,Albany,,Laramie County EM,,WRCG,2019-12-12,On-Air,,,,,Wide area.,,,yes,11,315608,,Wyoming DMR Project,,DN71GG,,WyDMR c Record retrieved from radioid.net,"Open Talkgroup View Assignment TS TG Access Wyoming 1 3156 Full-Time WyLOCAL 2 100 Full-Time function myFunction(id) { var x = document.getElementById(id); if (x.className.indexOf(""w3-show"") == -1) { x.className += "" w3-show""; } else { x.className = x.className.replace("" w3-show"", """"); } }",,,,,,Wyoming DMR Project,,,,,,Wyoming DMR Project,,,,,,,,,,,,,,,,,,,,,,1,2,,,,,,
449.9,-5,107.2,N1FSX,Punkin Center,CO,OPEN,,,166.07,SSW,,08,7395,38.85200119,-103.69999695,449.9,444.9,107.2,Lincoln,,,,CCARC,2012-07-20,On-Air,,,,,,,,,,,,BSAR,,DM88DU,,,,,,,,,,,,,,,,,,,,,,,,,,,,,,,,,,,,,,,,,,,,
449.3,-5,100,N1UPS,Westminster,CO,OPEN,EI,,166.17,WSW,ON - IDLE,08,8208,39.83670044,-105.03700256,449.3,444.3,100,Adams,,N1UPS,,CCARC,2017-04-24,On-Air,43699,3699,,,,,,,,,,,,,,,,,,,,,,,,,,,,,,,,,,,,,,,,,,,,,,,,,,,,,,,,
446.9,-5,,K0PRA,Parker,CO,OPEN,W,Y,166.28,SW,,08,18248,39.51860046,-104.76100159,446.9,441.9,,Arapahoe,,Parker Radio Association,Linked to the Colorado Mega digital system,,2019-11-03,On-Air,,,,Monday nights 8pm mountain,Small coverage area in Parker,,,,,,,,https://www.parkerradio.org,,,,,,,,yes,Open ↑ / Open ↓,,,,,,,,,,,,,,,,,40895,,,,,,,,,,,,,,,,,,,
448.05,-5,CC,N0KEG,Parker,CO,OPEN,,D,166.28,SW,,08,17696,39.51860046,-104.76100159,448.05,443.05,,Douglas,Unknown,,,,2019-11-27,,,,,,,,,yes,1,310374,BrandMeister,,,,,Brandmeister c Record retrieved from radioid.net,,,,,,,Brandmeister,,,,,,,,,,,,,,,,,,,,,,,,,,,,,,,,,,,
444.7,5,146.2,K0HS,"Hot Springs, City library/HSARC club house",SD,OPEN,,,166.72,NNW,,46,18390,43.22800064,-103.47399902,444.7,449.7,146.2,Fall River,,Hot Springs ARC,HF remote base,,2019-12-22,On-Air,,,,,City of Hot Springs,146.2,,,,,,,http://www.k0hs.com/,,#9 plays the IDer,,,,,,,,,,,,,,,,,,,,,,,,,,,,,,,,,,,,,,,,,,,
147,-0.6,123,KC0WZL,"Kearney, Kearney Water Tower",NE,OPEN,,,166.73,ESE,,31,14669,40.7216,-99.0932,147,146.4,123,Buffalo,,MARC,,,2017-09-01,On-Air,,,This is the severe weather operations machine for the Kearney area.,Weather nets as needed.,15,,,,,,,,http://w0ky.club/,,,,,,,,,,,,,,,,,,,,,,,,,,,,,,,,,,,,,,,,,,,,,
447.175,-5,100,W0JRL,"Denver, Broadway Plaza Lofts",CO,OPEN,EA,,166.74,WSW,ON - IDLE,08,12216,39.75519943,-104.98699951,447.175,442.175,100,Denver,,W0JRL,,CCARC,2015-05-15,On-Air,201712,,,,,100,,,,,,,,DM79MS,Standard AllStar Link access commands.,,,,,,,,,,,,,29997,,,,,,,,,,,,,,,,,,,,,,,,,,,,,,
445.075,-5,CC,K0PRA,Parker,CO,OPEN,,D,166.94,SW,"Colorado Mega Reflector - XLX376 Transcoder - YSF 23160 - WiresX 40895 Welcome to the new and improved Colorado Mega Link! Brought to you by the Parker Radio Association, where we have fun, play radio and keep the squelch loose. Please join us Monday nights at 8pm mountain time our our digital net.",08,17292,39.44910049,-104.70300293,445.075,440.075,,Douglas,,Parker Radio Association,Brandmeister Network https://brandmeister.network/?page=repeater&amp;id=310844,CCARC,2019-11-27,On-Air,,,Mixed Mode,Mondays 20:30 MST,,,,yes,1,310844,,,http://www.parkerradio.org,,,None c Record retrieved from radioid.net,,,,,,,,,,,,,,,,,,,,,,,,,,,,,,,,,,,,,,,,,,
145.475,-0.6,100,KE0SJ,"Boulder, Blue Mountain",CO,OPEN,,,167.19,WSW,,08,75,39.73920059,-104.98400116,145.475,144.875,100,Jefferson,,Intermountain Repeater Group,E-power.,CCARC,2015-05-22,On-Air,,,,,"Wide Area: Ft. Collins to the North, Colorado Springs to the South, Parts of Akron to the east.",,,,,,,,Intermountain Repeater Group,,,,,,,,,,,,,,,,,,,,,,,,,,,,,,,,,,,,,,,,,,,,,
146.715,-0.6,123,N0JXN,Denver,CO,OPEN,,,167.19,WSW,,08,79,39.73920059,-104.98400116,146.715,146.115,123,Denver,,EARS,E-power.,CCARC,2017-04-09,On-Air,,,,,,123,,,,,,,,,,,,,,,,,,,,,,,,,,,,,,,,,,,,,,,,,,,,,,,,,,,,
448.075,-5,123,N5EHP,Denver,CO,OPEN,,,167.19,WSW,,08,91,39.73920059,-104.98400116,448.075,443.075,123,Denver,,W0IG,,CCARC,2017-03-11,On-Air,,,,,,,,,,,,,,,,,,,,,,,,,,,,,,,,,,,,,,,,,,,,,,,,,,,,,,,,,,
448.55,-5,82.5,W0KIZ,Denver,CO,OPEN,,,167.19,WSW,,08,93,39.73920059,-104.98400116,448.55,443.55,82.5,Denver,,HPRA,E-power.,CCARC,2017-03-11,Off-Air,,,,,,,,,,,,,,,,,,,,,,,,,,,,,,,,,,,,,,,,,,,,,,,,,,,,,,,,,,
447.925,-5,100,K0FEZ,Denver,CO,OPEN,,,167.29,WSW,,08,8196,39.73759842,-104.98500061,447.925,442.925,100,Denver,,RADOPS El Jebel Shriners,,CCARC,2014-07-03,On-Air,,,,,,100,,,,,,,,,,,,,,,,,,,,,,,,,,,,,,,,,,,,,,,,,,,,,,,,,,,,
447.9,-5,CSQ,WB0TPT,Denver,CO,OPEN,,,167.29,WSW,,08,8195,39.73759842,-104.98500061,447.9,442.9,CSQ,Denver,,WB0TPT,,CCARC,2017-03-11,Off-Air,,,,,,,,,,,,,,,,,,,,,,,,,,,,,,,,,,,,,,,,,,,,,,,,,,,,,,,,,,
449.65,-5,136.5,WR0AEN,Denver,CO,OPEN,,S,167.29,WSW,,08,8212,39.7376,-104.985,449.65,444.65,,Denver,,Colorado Amateur Repeater Network (CARN),,CCARC,2012-11-16,On-Air,,,,,,,,,,,,,,,,,,,,,,,,yes,WR0AEN (B),jfindu lookup / dstar-users lookup,,,,,,,,,,,,,,,,,,,,,,,,,,,,,,,,
449.675,-5,136.5,WR0AEN,Denver,CO,OPEN,I,S,167.29,WSW,,08,8213,39.73759842,-104.98500061,449.675,444.675,,Denver,,Colorado Amateur Repeater Network (CARN),,CCARC,2012-11-16,On-Air,,7708,,,,,,,,,,,,,,,,,,,,,,yes,WR0AEN (B),jfindu lookup / dstar-users lookup,,,,,,,,,,,,,,,,,,,,,,,,,,,,,,,,
53.03,-1,,K7UWR,"Laramie, Pilot Hill",WY,OPEN,,,167.5,W,,56,4,41.3098,-105.455,53.03,52.03,,Albany,,K7UWR,8,,2017-01-04,Off-Air,,,,,I-80 from west of Laramie to east of Cheyenne for 25 watt mobiles with 1/4 wave antenna.,,,,,,,,http://www.r-vcr.com/k7uwr/repeater.htm,,,,,,,,,,,,,,,,,,,,,,,,,,,,,,,,,,,,,,,,,,,,,
147.39,0.6,123,KA0DBK,Kearney,NE,OPEN,,,167.53,ESE,,31,29,40.6993,-99.0817,147.39,147.99,123,Buffalo,,KA0DBK,"E-power, WX.",,2017-05-23,On-Air,,,,,,123,,,,,,,,,,,,,,,,,,,,,,,,,,,,,,,,,,,,,,,,,,,,,,,,,,,,
147.315,0.6,123,KA0RCZ,Kearney,NE,OPEN,,,167.53,ESE,,31,28,40.6993,-99.0817,147.315,147.915,123,Buffalo,,"MARC, WA0LST, N0LVL",Linked to 444.625 Axtell,,2019-05-04,On-Air,,,,Buffalo/Dawson Counties ARES net: Tue at 20:15.,SW Central Nebraska,123,,,,,,MARC,http://w0ky.club/,,,,,,,,,,,,,,,,,,,,,,,,,,,,,,,,,,,,,,,,,,,,,
444.85,5,74.4,KA0RCZ,Kearney,NE,OPEN,,,167.53,ESE,,31,90,40.6993,-99.0817,444.85,449.85,74.4,Buffalo,,KA0RCZ,"Autopatch, e-power, linked.",WB0CMC,2017-05-21,On-Air,,,,,,74.4,,,,,,,,,,,,,,,,,,,,,,,,,,,,,,,,,,,,,,,,,,,,,,,,,,,,
147.03,0.6,,KD0PBW,"Kearney, County Courthouse",NE,OPEN,,S,167.53,ESE,,31,14688,40.6993,-99.0817,147.03,147.63,,Buffalo,,,,,2018-12-09,On-Air,,,,,"Buffalo County, HWY 10, HWY 30, and Interstate 80",,,,,,,,http://www.dstarusers.org/viewrepeater.php?system=KD0PBW,EN00,,,,,,,,,,yes,KD0PBW (C) Repeater,jfindu lookup / dstar-users lookup,,,,,,,,,,,,,,,,,,,,,,,,,,,,,,,,
146.625,-0.6,123,W0KY,Kearney,NE,OPEN,,,167.53,ESE,,31,27,40.6993,-99.0817,146.625,146.025,123,Buffalo,,Midway Amateur Radio Club (MARC),E-power.,WB0CMC,2017-05-23,On-Air,,,,MARC: Every Thursday at 20:15 Local time,,123,,,,,,,http://w0ky.club/,,,,,,,,,,,,,,,,,,,,,,,,,,,,,,,,,,,,,,,,,,,,,
444.3,5,141.3,K0ECT,Elkader,KS,OPEN,,,168.07,SSE,,20,4100,38.785,-100.921,444.3,449.3,141.3,Logan,,SKECT,E-power.,Kansas Repeater Council,2018-07-12,On-Air,,,,,,141.3,Full-time to the SKECT System .,,,,,,http://skect.org/default.aspx,,,,,,,,,,,,,,,,,,,,,,,,,,,,,,,,,,,,,,,,,,,,,
443.275,5,100,AA0HJ,Phillipsburg,KS,OPEN,,,168.21,SE,,20,11673,39.908,-99.397,443.275,448.275,100,Phillips,,,,Kansas Repeater Council,2019-05-06,On-Air,,,,,,,,,,,,,,,,,,,,,,,,,,,,,,,,,,,,,,,,,,,,,,,,,,,,,,,,,,
446.85,-5,,K0PRA,Franktown,CO,OPEN,,S,168.33,SW,,08,11473,39.39350128,-104.67500305,446.85,441.85,,Douglas,,Parker Radio Association,D-Star B module,CCARC,2018-03-18,On-Air,,,,,,,,,,,,,http://parkerradio.org,DM79PJ,,,,,,,,,,yes,K0PRA (B) Repeater,jfindu lookup / dstar-users lookup,,,,,,,,,,,,,,,,,,,,,,,,,,,,,,,,
444.475,5,CC,N0KOM,"Logan, KS-DMR",KS,OPEN,,D,168.54,SE,,20,10023,39.664,-99.577,444.475,449.475,,Phillips,,,,Kansas Repeater Council,2019-04-11,On-Air,,,,,40,,Full-time to the KS-DMR (3120) System .,yes,1,310597,,,KS-DMR Network,,,,,,,,,,K0USY,,,,,,,,,,,,,,,,,,,,,,,,,,,,,,,,,,,
147.315,0.6,CC,N0KEG,Centennial,CO,OPEN,,DS,168.6,SW,"Colorado Mega Reflector - XLX376 Transcoder - YSF 23160 - WiresX 40895 Welcome to the new and improved Colorado Mega Link! Brought to you by the Parker Radio Association, where we have fun, play radio and keep the squelch loose. Please join us Monday nights at 8pm mountain time our our digital net.",08,17676,39.58069992,-104.8769989,147.315,147.915,,Arapahoe,Unknown,N0KEG,,,2019-11-27,,,,,Monday 8pm. Colorado Link Digital Net. Repeater is used in DSTAR mode for this net.,"Southeast metro Denver area. Parker, Centennial, SE Aurora, Elizabeth, Franktown, Castle Rock.",,,yes,1,310759,,Parker Radio Association,https://www.parkerradio.org,,,Brandmeister c Record retrieved from radioid.net,,,,,,,,yes,N0KEG (C) Repeater,jfindu lookup / dstar-users lookup,,,,,,,,,,,,,,,,,,,,,,,,,,,,,,,,
145.3875,-0.6,,KC0DS,Boulder,CO,OPEN,,S,169.09,WSW,,08,8171,40.03720093,-105.23000336,145.3875,144.7875,,Boulder,,Boulder County ARES,E-power.,CCARC,2012-11-12,On-Air,,,,,20,,,,,,,,http://bouldercountyares.org/technical/d-star,,,,,,,,,,,yes,KC0DS (C),jfindu lookup / dstar-users lookup,,,,,,,,,,,,,,,,,,,,,,,,,,,,,,,,
1283.8625,-20,,KC0DS,Boulder,CO,OPEN,,S,169.09,WSW,,08,8220,40.03720093,-105.23000336,1283.8625,1263.8625,,Boulder,,Boulder County ARES,E-power.,CCARC,2013-12-21,On-Air,,,,,20,,,,,,,,,DN70JA,,,,,,,,,,yes,KC0DS (A) Repeater,jfindu lookup / dstar-users lookup,,,,,,,,,,,,,,,,,,,,,,,,,,,,,,,,
146.73,-0.6,91.5,K0DK,Boulder,CO,OPEN,E,,169.17,WSW,Node Offline,08,15,40.05709839,-105.24299622,146.73,146.13,91.5,Boulder,,BARC,12,CCARC,2017-05-02,Off-Air,115482,,,,Local,91.5,,,,,,,http://www.ked-wireless.com/products1.htm,DN70jb,,,,,,,,,,,,,,,,,,,,,,,,,,,,,,,,,,,,,,,,,,,,
444.625,5,,KA0RCZ,"Axtell, NTV Studio",NE,OPEN,,,169.98,ESE,,31,74,40.493,-99.0835,444.625,449.625,,Kearney,,KA0RCZ,Linked.,WB0CMC,2017-07-04,On-Air,,,,,,,,,,,,,,,,,,,,,,,,,,,,,,,,,,,,,,,,,,,,,,,,,,,,,,,,,,
447.525,-5,203.5,N0ESQ,"Parker, Hess Reservoir",CO,OPEN,,,170.46,SW,,08,8189,39.49420166,-104.83599854,447.525,442.525,203.5,Douglas,,EmComm Colorado,,CCARC,2017-03-11,On-Air,,,"Not a ragchew machine. Traffic related to ARES, RACES and administrative and exercise traffic related thereto.",,"Denver metropolitan area, front range foothills",146.2,,,,,,Colorado ARES,,DM79NL,,,,,,,,,,,,,,,,,,,,,,,,,,,,,,,,,,,,,,,,,,,,
147.09,0.6,,W0EJL,Burwell,NE,OPEN,,,171.31,E,,31,12981,41.7817,-99.1332,147.09,147.69,,Garfield,,,,WB0CMC,2017-05-21,On-Air,,,,,,,,,,,,,,,,,,,,,,,,,,,,,,,,,,,,,,,,,,,,,,,,,,,,,,,,,,
449.4,-5,91.5,K0DK,Boulder,CO,OPEN,,,171.65,WSW,,08,21,40.01499939,-105.26999664,449.4,444.4,91.5,Boulder,,BARC,2,CCARC,2013-01-08,Off-Air,,,,,,,,,,,,,http://www.ked-wireless.com/products1.htm,,,,,,,,,,,,,,,,,,,,,,,,,,,,,,,,,,,,,,,,,,,,,
449.55,-5,100,W0IA,Boulder,CO,OPEN,E,,171.65,WSW,ON - IDLE,08,11,40.01499939,-105.26999664,449.55,444.55,100,Boulder,,Rocky Mtn VHF Soc,8,CCARC,2017-03-11,On-Air,217336,,,,Denver metro area.,,"Full-time to 224.02000 (W0IA) at Boulder, Lee Hill, CO .",,,,,,,,,,,,,,,,,,,,,,,,,,,,,,,,,,,,,,,,,,,,,,,,,,,
446.8625,-5,,KC0DS,Boulder,CO,OPEN,,S,171.7,WSW,,08,8186,40.01499939,-105.27100372,446.8625,441.8625,,Boulder,,Boulder County ARES,,CCARC,2017-03-11,On-Air,,,,,,,,,,,,,,,,,,,,,,,,yes,KC0DS (B),jfindu lookup / dstar-users lookup,,,,,,,,,,,,,,,,,,,,,,,,,,,,,,,,
446.8,-5,CC,N0SZ,"Boulder, Mount Thorodin",CO,OPEN,,D,171.7,WSW,,08,8185,40.015,-105.271,446.8,441.8,,Boulder,,Rocky Mountain Ham Radio,,CCARC,2017-03-11,On-Air,,,See website for complete information regarding timeslot/colorcode/talkgroup programming.,,Wide area.,,Full-time to the Colorado TRBO System .,yes,7,,,Rocky Mountain Ham Radio,Rocky Mountain Ham Radio,,,,,,,,,,,,,,,,,,,,,,,,,,,,,,,,,,,,,,,,,,,,,
1299.5,-20,,W0DK,Boulder,CO,OPEN,,S,171.7,WSW,,08,8221,40.01499939,-105.27100372,1299.5,1279.5,,Boulder,,Boulder County ARES,E-power.,CCARC,2012-11-12,On-Air,,,,,,,,,,,,,,,,,,,,,,,,yes,W0DK (A) DVAP 24/7,jfindu lookup / dstar-users lookup,,,,,,,,,,,,,,,,,,,,,,,,,,,,,,,,
146.685,-0.6,123,N0FH,Estes Park,CO,OPEN,EI,,172.55,WSW,ON - IDLE,08,119,40.36009979,-105.4509964,146.685,146.085,123,Larimer,,Estes Valley ARC,E-power.,CCARC,2017-08-05,On-Air,625757,7268,"Both Echolink and IRLP are open, IRLP connect is a four digit node number only and '73' to disconnect. Top of Hour time is announced from 0600 to 2200.",ARES D-10: Thu at 19:00.,Estes Valley and east RMNP - some coverage E and SE (Loveland and Denver),,"Full-time to 449.80000 (N0FH) at Estes Park, CO .",,,,,,,DN70GI,"The EchoLink node connects to both machines. The node is open (no passwords; touch tone only the the ' * ' character followed by a four, five, or six digit node number where you wish to connect). The disconnect is ' # '.",,,,,,,,,,,,,,,,,,,,,,,,,,,,,,,,,,,,,,,,,,,
423,820,ATV,W0BTV,Boulder,CO,OPEN,,,172.91,WSW,,08,18534,39.97848511,-105.27445221,423,1243,ATV,Boulder,,BATVC,"dual-mode, NTSC analog &amp; DVB-T digital ATV",,2020-02-25,On-Air,,,,"ATV, Thurs, 3pm local","Wide Area, WY border to DIA to SE Denver",,,,,,,ATN,https://kh6htv.com/,,,,,,,,,,,,,,,,,,,,,,,,,,,,,,,,,,,,,,,,,,,,,
146.61,-0.6,100,W0DK,Boulder,CO,OPEN,I,,172.94,WSW,,08,13,39.97829819,-105.27500153,146.61,146.01,100,Boulder,,Boulder Amateur Radio Club,,CCARC,2019-08-23,On-Air,,7007,,,,,,,,,,,,,,,,,,,,,,,,,,,,,,,,,,,,,,,,,,,,,,,,,,,,,,,,
448.9,-5,100,W0DK,"Boulder, Table Mesa",CO,OPEN,,,172.95,WSW,,08,10,39.97800064,-105.27500153,448.9,443.9,100,Boulder,,Boulder ARC,6,CCARC,2013-03-17,On-Air,,,,,"Wyoming border in the north, to Monument Hill in the south, near Colorado Springs. Its coverage is primarily to the east of the Front Range of the Rockies as the repeater signal is blocked to the west by the even higher Rocky Mountain peaks with altitudes of over 14,000 feet.",,,,,,,,,,,,,,,,,,,,,,,,,,,,,,,,,,,,,,,,,,,,,,,,,,,,,
147.21,0.6,100,KD0SSP,"Lakewood, Moffat Treatment Plant",CO,OPEN,I,,173.1,WSW,,08,9775,39.75049973,-105.1230011,147.21,147.81,100,Jefferson,,Denver Water Amateur Radio Club,,,2020-01-23,On-Air,,3241,,,,100,,,,,,,http://www.dwarc.com,DM79KS,,,,,,,,,,,,,,,,,,,,,,,,Yes; analog capable.,,,,,,,,,,,,,,,,,,,,
448.35,-5,225.7,KD0SSP,"Lakewood, Moffat Treatment Plant",CO,OPEN,,Y,173.1,WSW,,08,17349,39.75059891,-105.1230011,448.35,443.35,,Jefferson,,Denver Water Amateur Radio Club (DWARC),,CCARC,2018-10-02,On-Air,,,,,Denver Metro and surrounding,,,,,,,,http://www.DWARC.com,,,,,,,,yes,Open ↑ / Open ↓,,,,,,,,,,,,,,,,,,,,,,,,,,,,,,,,,,,,
146.7,-0.6,100,W0DK,"Boulder, Table Mountain",CO,OPEN,,,173.15,WSW,,08,14,39.97750092,-105.27899933,146.7,146.1,100,Boulder,,Boulder Co ARC,6,CCARC,2013-03-17,On-Air,,,,,"Wyoming border in the north, to Monument Hill (near Colorado Springs) in the south. Coverage is primarily to the east of the Rockies Front Range, as the repeater signal is blocked to the west by mountain peaks with altitudes of over 14,000 feet.",,,,,,,,BARC Repeaters,,,,,,,,,,,,,,,,,,,,,,,,,,,,,,,,,,,,,,,,,,,,,
146.61,-0.6,,N7UW,"Laramie, University",WY,OPEN,,Y,174.09,W,,56,76,41.31480026,-105.58200073,146.61,146.01,,Albany,,University ARC,,WRCG,2017-01-04,On-Air,,,,,Laramie Valley 30 mi radius.,,,,,,,,http://www.uwyo.edu/uarc,DN71FH,,,,,,,yes,Open ↑ / Open ↓,,,,,,,,,,,,,,,,Yes; analog capable.,,,,,,,,,,,,,,,,,,,,
445.05,-5,CC,N0SZ,"Boulder, Lee Hill",CO,OPEN,,D,174.18,WSW,,08,8992,40.07220078,-105.35399628,445.05,440.05,,Boulder,,Rocky Mountain Ham Radio,BrandMeister Network,CCARC,2019-11-27,On-Air,,,,,Wide area,,,yes,1,310852,BrandMeister,,,,,RMHR c Record retrieved from radioid.net,,,,,,,BrandMeister US,,,,,,,,,,,,,,,,,,,,,,,,,,,,,,,,,,,
446.9875,-5,CC,N0SZ,"Boulder, Lee Hill",CO,OPEN,,D,174.18,WSW,,08,5219,40.07220078,-105.35399628,446.9875,441.9875,,Boulder,,Rocky Mountain Ham Radio,Linked on Time Slot 2 to Almagre Mtn (446.950).,,2019-11-27,On-Air,,,,,,,"Full-time to 446.95000 (K7PFJ) at Colorado Springs, Almagre Mountain, CO . Full-time to the Colorado TRBO System .",yes,7,310813,,,,,,RMHR c Record retrieved from radioid.net,,,,,,,,,,,,,,,,,,,,,,,,,,,,,,,,,,,,,,,,,,
447.75,-5,141.3,N0SZ,"Boulder, Lee Hill",CO,OPEN,I,,174.18,WSW,,08,19,40.07220078,-105.35399628,447.75,442.75,141.3,Boulder,,Rocky Mountain Ham Radio,,CCARC,2018-04-24,On-Air,,3450,,,,141.3,,,,,,,,,,,,,,,,,,,,,,,,,,,,,,,,,,,,,,,,,,,,,,,,,,,,
145.46,-0.6,107.2,W0CRA,"Boulder, Eldorado Mountain",CO,OPEN,EI,,174.18,WSW,ON - IDLE,08,8,40.07220078,-105.35399628,145.46,144.86,107.2,Boulder,,Colorado Repeater Association (CRA),"Closed autopatch, e-power.",CCARC,2017-11-13,On-Air,347086,3990,,,Boulder/Denver Metro,107.2,"Full-time to 145.16000 (W0CRA) at Colorado Springs, Cheyenne Mountain, CO . Full-time to 147.22500 (W0CRA) at Larkspur, Westcreek, CO .",,,,,CRA VHF Link System,,,Member-only IRLP and Echolink node,,,,,,,,,,,,,,,,,,,,,,,,,,,,,,,,,,,,,,,,,,,
447.975,-5,107.2,W0CRA,"Boulder, Eldorado Mountain",CO,OPEN,,,174.18,WSW,,08,20,40.07220078,-105.35399628,447.975,442.975,107.2,Boulder,,Colorado Repeater Association (CRA),Closed autopatch.,CCARC,2016-09-08,On-Air,,,,,Wide area: Boulder/Longmont area.,107.2,,,,,,,,DN70HB,,,,,,,,,,,,,,,,,,,,,,,,,,,,,,,,,,,,,,,,,,,,
224.02,-1.6,,W0IA,"Boulder, Lee Hill",CO,OPEN,E,,174.18,WSW,ON - IDLE,08,18,40.07220078,-105.35399628,224.02,222.42,,Boulder,,Rocky Mtn VHF Soc,8,CCARC,2017-03-11,On-Air,217336,,,,Denver metro area.,,"Full-time to 449.55000 (W0IA) at Boulder, CO .",,,,,,RMVHS repeaters,DN70HB,,,,,,,,,,,,,,,,,,,,,,,,,,,,,,,,,,,,,,,,,,,,
146.82,-0.6,114.8,KC7SNO,"Laramie, Beacon Hill",WY,OPEN,,,174.53,W,,56,9,41.31140137,-105.59100342,146.82,146.22,114.8,Albany,,Shy-Wy Amateur Radio Club,,WRCG,2019-06-13,On-Air,,,,Shy-WY ARC: Thu at 19:00.,Wide area.,,,,,,,,,,,,,,,,,,,,,,,,,,,,,,,,,,,,,,,,,,,,,,,,,,,,,
447.825,-5,D073,W0TX,"Lakewood, St Anthony Medical Campus",CO,OPEN,,,174.63,WSW,,08,5805,39.7162,-105.13,447.825,442.825,D073,Jefferson,,Denver Radio Club,,CCARC,2017-03-11,On-Air,,,Now operating in Narrow Band mode with Digital Code Squelch. Please reset your programing to use: 12.5 KHz. bandwidth (+/- 2.5 KHz. deviation).,,,D073,,,,,,,,,,,,,,,,,,,,,,,,,,,,,,,,,,,,,,,,,,,,,,,,,,,,
448.75,-5,100,N0ELY,Lakewood,CO,OPEN,,,174.73,WSW,,08,8204,39.70460129,-105.1230011,448.75,443.75,100,Jefferson,,,E-power.,CCARC,2019-08-23,Off-Air,,,,,Local.,100,,,,,,N0ELY,,DM79KQ,,,,,,,,,,,,,,,,,,,,,,,,,,,,,,,,,,,,,,,,,,,,
443.7,5,162.2,N0NM,"Hill City, K-Link",KS,OPEN,A,,175.07,SE,,20,11236,39.2657,-99.8336,443.7,448.7,162.2,Graham,,"N0NM, N0KOM",E-power.,Kansas Repeater Council,2019-05-06,On-Air,,,Use PL 131.8 for WesKan Intertie Use PL 162.2 for K-Link,,Click for coverage map. 45 mi radius.,,Linkable to the K-Link System . Linkable to the Western Kansas Intertie System .,,,,,Western Kansas Inter-Tie K-Link Repeater Network,K-Link Repeater Network,,,,,,,,,,,,,,,46425,,,,,,,,,,,,,,,,,,,,,,,,,,,,,,
447.6,-5,CC,W1VAN,"Red Feather Lakes, Red Feather Lakes",CO,OPEN,,D,175.56,W,Static Talkgroups: 3171 - N. Colorado - Slot 2 31083 - CO Severe WX - Slot 1,08,17821,40.80759811,-105.61699677,447.6,442.6,,Larimer,,W1VAN,Brandmeister Network,,2019-11-27,On-Air,,,,,Covers Red Feather Lakes Area,,,yes,2,310869,,W0DMR,http://www.w0dmr.org,,,brandmeister c Record retrieved from radioid.net,,,,,,,,,,,,,,,,,,,,,,,,,,,,,,,,,,,,,,,,,,
449.8,-5,123,N0FH,Estes Park,CO,OPEN,EI,,175.8,WSW,ON - IDLE,08,120,40.37720108,-105.52100372,449.8,444.8,123,Larimer,,Estes Valley ARC,E-Power,CCARC,2017-08-05,On-Air,625757,7268,"Both Echolink and IRLP are open, IRLP connect is a four digit node number only and '73' to disconnect. Top of Hour time is announced from 0600 to 2200.",ARES D-10: Thu at 19:00.,,,"Full-time to 146.68500 (N0FH) at Estes Park, CO .",,,,,,,,"The EchoLink node connects to both machines. The node is open (no passwords; touch tone only the the ' * ' character followed by a four, five, or six digit node number where you wish to connect). The disconnect is ' # '.",,,,,,,,,,,,,,,,,,,,,,,,,,,,,,,,,,,,,,,,,,,
147.24,0.6,CC,N0WAR,"Estes Park, Prospect Mtn",CO,OPEN,,D,176.05,WSW,"DMR BrandMeister Repeater in Estes Park, Colorado Wide area coverage of Estes Park, Colorado &amp; Rocky Mountain National Park. Static TG of 3171 on T.S. 2 Located @ KC0KBP QTH",08,17813,40.36059952,-105.51999664,147.24,147.84,,Larimer,,N0WAR,Brandmeister Network,,2019-11-27,On-Air,,,,,Wide Area: Estes Park &amp; Rocky Mtn Nat Park,,,yes,2,310853,,W0DMR,http://www.w0dmr.org,DN70FI,,Brandmeister c Record retrieved from radioid.net,,,,,,,,,,,,,,,,,,,,,,,,,,,,,,,,,,,,,,,,,,
442.175,5,156.7,K0WPM,Tribune,KS,OPEN,,,176.13,S,,20,15098,38.46969986,-101.75299835,442.175,447.175,156.7,Greeley,,WKARC,,,2019-05-07,On-Air,,,,,,,,,,,,,,,,,,,,,,,,,,,,,,,,,,,,,,,,,,,,,,,,,,,,,,,,,,
446.975,-5,CC,KB0VGD,"Golden, Table Mountain",CO,OPEN,,D,176.21,WSW,"KB0VGD North Table Mtn. Golden Wide area coverage. Please use ONLY TG 310811, TG 3171, TG 3108, and TG 2 (Local 2) on Time Slot 2 (TS2). ALL OTHER TG connections will be directed to Time Slot 1 (TS1).",08,14273,39.7845993,-105.21600342,446.975,441.975,,Jefferson,,W0DMR,,,2019-11-27,On-Air,,,,"Tac 310 Net, Sundays 18:00 Mountain Time, TS1, TG 310.",Denver Metro Area,,,yes,2,310811,,,http://www.w0dmr.org/,,"TS 1, CC 2: TG 3171 - Northern Colorado Network, TG 3100 - DCI Bridge, TG 1776 - USA Network, TG 310 - Tac 310. TS 2, CC 2: TG 2 - Local",NoCo c Record retrieved from radioid.net,,,,,,,,,,,,,,,,,,,,,,,,,,,,,,,,,,,,,,,,,,
147.33,0.6,100,W0TX,"Lakewood, Green Mountain",CO,OPEN,,,176.45,WSW,,08,85,39.68220139,-105.14299774,147.33,147.93,100,Jefferson,,Denver Radio Club,E-power.,CCARC,2017-03-31,On-Air,,,Not recommeded to use tone squelch on this repeater.,SATERN: Thu at 19:30.,Metro Denver and the foothills.,,,,,,,,DRC Repeaters,,,,,,,,,,,,,,,,,,,,,,,,,,,,,,,,,,,,,,,,,,,,,
224.38,-1.6,100,W0TX,"Lakewood, Green Mountain",CO,OPEN,,,176.45,WSW,,08,267,39.68220139,-105.14299774,224.38,222.78,100,Jefferson,,Denver Radio Club,,CCARC,2017-03-11,On-Air,,,,,,100,,,,,,,DRC Repeaters,,,,,,,,,,,,,,,,,,,,,,,,,,,,,,,,,,,,,,,,,,,,,
449.775,-5,CSQ,W0TX,"Lakewood, Green Mtn",CO,OPEN,,Y,176.45,WSW,,08,8215,39.6822,-105.143,449.775,444.775,,Jefferson,,Denver Radio Club,Yaesu Digital Only,CCARC,2019-09-06,On-Air,,,"YSF digital only, no analog FM",,Metro Denver,,,,,,,,Denver Radio Club,,,,,,,,yes,Open ↑ / Open ↓,,,,,,,,,,,,,,,,,,,,,,,,,,,,,,,,,,,,
147.33,0.6,103.5,KG7OMT,"Lusk, 77 Hill",WY,OPEN,,,176.57,NW,,56,16404,42.85,-104.617,147.33,147.93,103.5,Niobrara,,,,,2019-07-16,On-Air,,,"North of Manville, Wyoming has a good line of sight for miles.",,,CSQ,,,,,,,,DN72,,,,,,,,,,,,,,,,,,,,,,,,,,,,,,,,,,,,,,,,,,,,
442.725,5,,KD0ARW,Phillipsburg,KS,OPEN,I,,176.63,SE,,20,6210,39.7560997,-99.3239975,442.725,447.725,,Phillips,,KD0ARW,,Kansas Repeater Council,2020-03-07,On-Air,,3682,,,Local.,,"Full-time to 147.12000 (AA0HJ) at Phillipsburg, KS .",,,,,,,,,,,,,,,,,,,,,,,,,,,,,,,,,,,,,,,,,,,,,,,,,,,
147.12,0.6,,AA0HJ,Phillipsburg,KS,OPEN,,,176.75,SE,,20,3986,39.75830078,-99.31970215,147.12,147.72,,Phillips,,AA0HJ,E-power,Kansas Repeater Council,2020-03-07,On-Air,,,,,Local,,"Full-time to 442.72500 (KD0ARW) at Phillipsburg, KS .",,,,,,,EM09IS,,,,,,,,,,,,,,,,,,,,,,,,,,,,,,,,,,,,,,,,,,,,
146.91,0.6,123,W0JZ,Gold Hill,CO,OPEN,,,177.15,WSW,,08,13368,40.0633,-105.41,146.91,147.51,123,Boulder,,,,,2017-04-09,On-Air,,,There is a MOU With BCARES for repeater use.,"Summer Tue at 19:30P, Winter 19:00.","East of Gold Hill, The Indian Peaks, Denver, Boulder",127.3,,,,,,"Town of Gold Hill, Colorado",http://goldhilltown.com/,,,,,,,,,,,,,,,,,,,,,,,,,,,,,,,,,,,,,,,,,,,,,
147.03,0.6,100,KI0HG,"Allenspark, AFPD Station #5",CO,OPEN,,,177.32,WSW,,08,15670,40.1727,-105.468,147.03,147.63,100,Boulder,,KI0HG,,CCARC,2017-01-20,On-Air,,,,,,,,,,,,Boulder County Amateur Radio Emergency Service,,,,,,,,,,,,,,,,,,,,,,,,,,,,,,,,,,,,,,,,,,,,,,
53.09,-1.7,107.2,W0TX,"Lakewood, Green Mountain",CO,OPEN,,,177.37,WSW,,08,105,39.70080185,-105.1780014,53.09,51.39,107.2,Jefferson,,Denver Radio Club,E-power.,CCARC,2017-03-11,On-Air,,,,,Metro Denver area.,,,,,,,,DRC Repeaters,DM79JQ,,,,,,,,,,,,,,,,,,,,,,,,,,,,,,,,,,,,,,,,,,,,
448.125,-5,107.2,N0PYY,Golden,CO,OPEN,,,177.43,WSW,,08,143,39.7556,-105.221,448.125,443.125,107.2,Jefferson,,Denver PD EEB,,CCARC,2014-04-28,On-Air,,,,,,,,,,,,,,,,,,,,,,,,,,,,,,,,,,,,,,,,,,,,,,,,,,,,,,,,,,
927.7875,-25,156.7,N0PYY,Golden,CO,OPEN,,,177.43,WSW,,08,7170,39.75550079,-105.22100067,927.7875,902.7875,156.7,Jefferson,,N0PYY,,,2017-12-24,On-Air,,,,,Golden and Denver.,,,,,,,,,,,,,,,,,,,,,,,,,,,,,,,,,,,,,,,,,,,,,,,,,,,,,
448.975,-5,123,W0GV,Golden,CO,OPEN,A,,177.43,WSW,,08,137,39.75559998,-105.22100067,448.975,443.975,123,Jefferson,,FRG,Linkable VHF/UHF Remote Base,CCARC,2019-09-06,On-Air,,,,,Wide area.,,,,,,,,,,,,,,,,,,,,,,,42845,,,,,,,,,,,,,,,,,,,,,,,,,,,,,,
446.8375,-5,CC,WA2YZT,"Golden, Lookout",CO,OPEN,,D,178.8,WSW,,08,3753,39.73049927,-105.23200226,446.8375,441.8375,,Jefferson,,WA2YZT,200,CCARC,2019-11-27,On-Air,,,See website for more info on CC/TS/TG programming. www.rmham.org,,,,Full-time to the Colorado TRBO System .,yes,7,310802,,,,DM79JR,,RMHR c Record retrieved from radioid.net,,,,,,,,,,,,,,,,,,,,,,,,,,,,,,,,,,,,,,,,,,
145.37,-0.6,CC,N0SZ,"Golden, Lookout Mountain",CO,OPEN,,D,178.84,WSW,,08,10939,39.73070145,-105.23300171,145.37,144.77,,Jefferson,,Rocky Mountain Ham Radio,700,CCARC,2019-11-27,On-Air,,,See the website for programming information. Voice ID is required for data/GPS/text on TG 705,,,,,yes,7,310808,,,Rocky Mountain Ham Radio,DM79JR,,RMHR c Record retrieved from radioid.net,,,,,,,,,,,,,,,,,,,,,,,,,,,,,,,,,,,,,,,,,,
145.25,-0.6,,W0CDS,"Golden, Lookout Mountain",CO,OPEN,,S,178.84,WSW,,08,3739,39.73049927,-105.23300171,145.25,144.65,,Jefferson,,Colorado D-Star,,CCARC,2014-01-03,On-Air,,,,,,,,,,,,,Colorado D-Star,DM79JR,,,,,,,,,,yes,W0CDS (C) Repeater,jfindu lookup / dstar-users lookup,,,,,,,,,,,,,,,,,,,,,,,,,,,,,,,,
446.9625,-5,,W0CDS,"Golden, Lookout Mountain",CO,OPEN,,S,178.84,WSW,,08,2769,39.73049927,-105.23300171,446.9625,441.9625,,Jefferson,,Colorado D-Star,,CCARC,2017-03-11,On-Air,,,,,,,,,,,,,Colorado D-Star,DM79JR,,,,,,,,,,yes,W0CDS (B) Repeater,jfindu lookup / dstar-users lookup,,,,,,,,,,,,,,,,,,,,,,,,,,,,,,,,
1283.9625,-20,,W0CDS,"Golden, Lookout Mountain",CO,OPEN,,S,178.84,WSW,,08,3751,39.73049927,-105.23300171,1283.9625,1263.9625,,Jefferson,,Colorado D-Star,,CCARC,2014-01-03,On-Air,,,,,,,,,,,,,Colorado D-Star,DM79JR,,,,,,,,,,yes,W0CDS (A) Repeater,jfindu lookup / dstar-users lookup,,,,,,,,,,,,,,,,,,,,,,,,,,,,,,,,
1299.9,0,,W0CDS,"Golden, Lookout Mountain",CO,OPEN,,S,178.84,WSW,,08,8222,39.73049927,-105.23300171,1299.9,1299.9,,Jefferson,,Colorado D-Star,,,2014-01-03,On-Air,,,,,,,,,,,,,Colorado D-Star,,,,,,,,,,,yes,W0CDS (A) DVAP 24/7,jfindu lookup / dstar-users lookup,,,,,,,,,,,,,,,,,,,,,,,,,,,,,,,,
927.975,-25.9,67,W0SKY,"Golden, Lookout Mountain",CO,OPEN,A,,178.93,WSW,,08,18156,39.7333,-105.237,927.975,902.0375,67,Jefferson,,,AllStar,,2019-10-05,On-Air,,,,,"Denver, Golden",67,,,,,,,http://www.w0sky.com,,Standard AllStar,,,,,,,,,,,,,,,,,,,,,,,,,,,,,,,,,,,,,,,,,,,
449.625,-5,141.3,KE0VH,"Golden, Lookout Mountain",CO,OPEN,,Y,179.03,WSW,,08,139,39.733,-105.239,449.625,444.625,141.3,Jefferson,,,E-power,CCARC,2019-06-19,On-Air,,,,,,141.3,,,,,,,,,,,,,,,yes,Open ↑ / Open ↓,,,,,,,,,,,,,,,,Yes; analog capable.,,,,,,,,,,,,,,,,,,,,
146.475,0,146.2,W0FUI,Hot Springs,SD,OPEN,I,,179.58,NNW,,46,8144,43.4251,-103.484,146.475,146.475,146.2,Fall River,,W0FUI,IRLP,,2015-07-11,On-Air,,7976,Turns itself off every night. More control info on the website.,,More info on the coverage area would be helpful.,146.2,,,,,,,,,IRLP: Connect- [node nbr] / Disconnect- 73.,,,,,,,,,,,,,,,,,,,,,,,,,,,,,,,,,,,,,,,,,,,
146.7,-0.6,146.2,K0HS,"Hot Springs, Battle Mountain",SD,OPEN,,,180.16,NNW,,46,3647,43.44250107,-103.45300293,146.7,146.1,146.2,Fall River,,Hot Springs Amateur Radio Club,E-power.,SouDak,2018-05-17,On-Air,,,,,,146.2,,,,,,,,DN83GK,,,,,,,,,,,,,,,,,,,,,,,,,,,,,,,,,,,,,,,,,,,,
53.17,-0.5,107.2,N6LXX,"Morrison, Mt. Morrison",CO,OPEN,A,,180.17,WSW,,08,10514,39.67340088,-105.21800232,53.17,52.67,107.2,Jefferson,,N6LXX,,CCARC,2019-03-25,On-Air,,,,,"I-70,I-76,I-25,I-225",,Full-time to the N6LXX System .,,,,,N6LXX,,,,,,,,,,,,,,,,29883,,,,,,,,,,,,,,,,,,,,,,,,,,,,,,
447.875,-5,107.2,N6LXX,"Morrison, Mt. Morrison",CO,OPEN,A,,180.17,WSW,,08,10513,39.67340088,-105.21800232,447.875,442.875,107.2,Jefferson,,N6LXX,,CCARC,2017-03-09,On-Air,,,,,"I-70,I-76,I-25,I-225",107.2,Full-time to the N6LXX System .,,,,,N6LXX,,,,,,,,,,,,,,,,29913,,,,,,,,,,,,,,,,,,,,,,,,,,,,,,
449.75,-5,103.5,KI0GO,"Golden, Guy Hill",CO,OPEN,,,181.67,WSW,,08,265,39.7772,-105.328,449.75,444.75,103.5,Jefferson,,Rocky Mtn Radio League,8,CCARC,2016-12-23,On-Air,,,,,,103.5,,,,,,,Repeater,,,,,,,,,,,,,,,,,,,,,,,,,,,,,,,,,,,,,,,,,,,,,
224.74,-1.6,88.5,N0POH,"Golden, Guy Hill",CO,OPEN,,,181.67,WSW,,08,134,39.7772,-105.328,224.74,223.14,88.5,Jefferson,,Aurora Repeater Assoc,e-power,CCARC,2016-01-17,On-Air,,,,ARA: Wed at 2000.,,88.5,,,,,,,ARA Repeaters,,,,,,,,,,,,,,,,,,,,,,,,,,,,,,,,,,,,,,,,,,,,,
145.22,-0.6,103.5,WT0C,"Golden, Guy Hill",CO,OPEN,,,181.67,WSW,,08,71,39.77719879,-105.32800293,145.22,144.62,103.5,Jefferson,,Rocky Mtn Radio League,8,CCARC,2016-12-23,On-Air,,,Talk-Group of $FFFF.,,Wide area.,103.5,,,,,,,Repeater,,,,,,,,,,,,,,,,,,,,,,,,,Yes; analog capable.,,,,,yes,293,yes,,,,,,,,,,,,,
448.85,-5,88.5,K0IBM,"Golden, Guy Hill",CO,OPEN,,,181.72,WSW,,08,136,39.7772,-105.329,448.85,443.85,88.5,Jefferson,,Aurora Repeater Assoc,e-power.,CCARC,2016-01-17,On-Air,,,,ARA: Wed at 20:00.,"Denver metro, central front range",88.5,,,,,,,ARA Repeaters,,,,,,,,,,,,,,,,,,,,,,,,,,,,,,,,,,,,,,,,,,,,,
224,-1.6,103.5,N0MHU,"Golden, Guy Hill",CO,OPEN,,,181.72,WSW,,08,86,39.7772,-105.329,224,222.4,103.5,Jefferson,,Rocky Mountain Radio League,8,CCARC,2017-03-11,On-Air,,,,,,103.5,,,,,,,Repeater,,,,,,,,,,,,,,,,,,,,,,,,,,,,,,,,,,,,,,,,,,,,,
147.15,0.6,100,W0CBI,"Golden, Guy Hill",CO,OPEN,,,181.72,WSW,,08,133,39.7772,-105.329,147.15,147.75,100,Jefferson,,Aurora Repeater Assoc (ARA),e-power,CCARC,2016-01-17,On-Air,,,,ARA: Wed at 20:00.,"Denver metro, central front range",100,"Linkable to 224.74000 (N0POH) at Golden, Guy Hill, CO .",,,,,,ARA Repeaters,,,,,,,,,,,,,,,,,,,,,,,,,,,,,,,,,,,,,,,,,,,,,
927.9375,-25.9,,KI0HC,"Indian Hills, Chief Mtn",CO,OPEN,,,182.49,WSW,,08,17457,39.6,-105.21,927.9375,902.025,,Jefferson,,,linked to Centennial Cone 927.8375 &amp; Almagre 927.7250,CCARC,2018-12-23,On-Air,,,,,"Wide area,Denver,Colorado Springs, Pueblo, Loveland. I70 East of Denver to Genoa and I25 North to Loveland &amp; South to Aguilar. I76 East to Atwood",,,,,,,,,,,,,,,,,,,,,,,,,,,,,,,,,,,,,,yes,293,yes,,,,,,,,,,,,,
146.88,-0.6,100,N0PUF,"Centennial, Warren Mountain",CO,OPEN,,,182.55,WSW,,08,80,39.50419998,-105.12799835,146.88,146.28,100,Jefferson,,Denver Radio League,E-power.,CCARC,2020-03-13,On-Air,,,6,,Wide Area,,,,,,,,DRL Repeaters,,,,,,,,,,,,,,,,,,,,,,,,,,,,,,,,,,,,,,,,,,,,,
449.6,-5,100,N0PUF,"Centennial, Warren Mountain",CO,OPEN,EI,Y,182.55,WSW,Node Offline,08,273,39.50419998,-105.12799835,449.6,444.6,,Jefferson,,Denver Radio League,,CCARC,2020-03-13,On-Air,690473,3345,,,,,,,,,,,DRL Repeaters,,,,,,,,yes,Open ↑ / Open ↓,,,,,,,,,,,,,,,,,,,,,,,,,,,,,,,,,,,,
145.31,-0.6,88.5,KB0VJJ,"Boulder, Thorodin Mountain",CO,OPEN,,,182.85,WSW,,08,72,39.8875,-105.426,145.31,144.71,88.5,Gilpin,,Colorado Connection,10,CCARC,2019-08-15,On-Air,,,"Split tone. The repeater still transmits 123.0 for those wishing to use tone squelch, you must run a split tone 88.5 TX and 123.0 RX",Colorado Traffic Net: Daily at 19:30. Colorado Connection Net (all welcome): Thu at 20:00. Statewide ARES: Sun at 20:00.,"Wide area: Cheyenne, Wyoming to the north, Monument, Colorado to the south, Limon, Colorado to the east, and the continental divide to the west.",123,Full-time to the Colorado Connection System .,,,,,,,,,,,,,,,,,,,,,,,,,,,,,,,,,,,,,,,,,,,,,,,,,,,
447.625,-5,100,KD0MDP,"Falcon, Black Forest",CO,OPEN,EIA,,182.85,SW,ON - IDLE,08,13294,39.04370117,-104.60800171,447.625,442.625,100,El Paso,,KD0MDP,Linked.,,2015-06-02,On-Air,363976,7301,,,,100,Full-time to the The Fun Machine System .,,,,,The Fun Machine,,,,,,,,,,,,,,,,28299,,,,,,,,,,,,,,,,,,,,,,,,,,,,,,
449.225,-5,141.3,N0SZ,"Denver, Thorodin Mountain",CO,OPEN,,,182.85,WSW,,08,97,39.8875,-105.426,449.225,444.225,141.3,Gilpin,,Rocky Mountain Ham Radio (RMHR),Emergency Power,CCARC,2015-11-03,On-Air,,,"Emcomm Affiliated, Open repeater",,Wide area.,141.3,,,,,,,,,,,,,,,,,,,,,,,,,,,,,,,,,,,,,,,,,,,,,,,,,,,,
146.82,-0.6,123,W0WWV,"Heartwell, KGIN TV Tower",NE,OPEN,,,183.18,ESE,,31,24,40.5872,-98.8027,146.82,146.22,123,Kearney,,Amateur Radio Association Of Nebraska,E-power.,,2018-01-05,On-Air,,,,"ARAN Net: Tue and Thur at 20:00. Severe weather nets as needed -linked to National Weather Service office in Hastings/Grand Island, call - WX0GID.",Wide Area,123,"Full-time to 444.47500 (W0WWV) at Campbell, Mid-Rivers E911 Dispatch Center, NE . Full-time to the W0WWV System .",,,,,,http://w0wwv.org/,,,,,,,,,,,,,,,,,,,,,,,,,,,,,,,,,,,,,,,,,,,,,
927.8375,-25.8,D205,KI0HC,"Golden, Centennial Cone",CO,OPEN,,,183.82,WSW,,08,9702,39.7658,-105.366,927.8375,902.025,,Jefferson,,,Linked with Chief 927.9375 &amp; Almagre 927.7250 for wide area coverage,CCARC,2018-12-23,On-Air,,,The offset is -25.8125,,Great coverage of the Denver area and I-76 East to Atwood MM112. I-70 East to Agate MM340. West to Idaho Springs MM240. And I-25 from Larkspur MM172 to Longmont MM240 depending on the hills. Now linked with Almagre 927.7250 for great coverage south,,,,,,,,,,,,,,,,,,,,,,,45770,,,,,,,,,,,,,,,yes,293,yes,,,,,,,,,,,,,
446.7875,-5,CC,W0TX,"Denver, Centennial Cone",CO,OPEN,,D,183.83,WSW,,08,7165,39.7657,-105.366,446.7875,441.7875,,Jefferson,,Denver Radio Club,,CCARC,2017-12-09,On-Air,,,,,,,,yes,1,,,Brandmeister Network,http://www.w0tx.org/,,"Any Brandmeister talk group is available on time slot 1, too many to list here, see website. https://dmrx.net/files/US_BM_User_Guide.pdf. TG's are PTT enabled and will timeout after 15 minutes of inactivity. Time Slot 2 Talk Group 310805 is local repeater only.",,,,,,,,,,,,,,,,,,,,,,,,,,,,,,,,,,,,,,,,,,,
448.625,-5,100,W0TX,"Golden, Centennial Cone",CO,OPEN,,,183.89,WSW,,08,112,39.7525,-105.358,448.625,443.625,100,Jefferson,,Denver Radio Club,E-power.,CCARC,2017-03-11,On-Air,,,,DRC: Sun at 20:30.,Denver metro area.,100,"Full-time to 145.49000 (W0TX) at Idaho Springs, Centennial Cone, CO .",,,,,,DRC Repeaters,,,,,,,,,,,,,,,,,,,,,,,,,,,,,,,,,,,,,,,,,,,,,
146.985,-0.6,100,K0FEZ,"Golden, Centennial Cone",CO,OPEN,I,,183.94,WSW,,08,82,39.7525,-105.359,146.985,146.385,100,Denver,,El Jebel RADOPS,E-power.,CCARC,2016-09-05,On-Air,,3346,,RADOPS: Sun at 19:00.,,100,,,,,,,,,,,,,,,,,,,,,,,,,,,,,,,,,,,,,,,,,,,,,,,,,,,,
145.28,-0.6,100,KE0SJ,"Golden, Centennial Cone",CO,OPEN,,,183.94,WSW,,08,140,39.7525,-105.359,145.28,144.68,100,Jefferson,,,"Closed autopatch, e-power, linked.",CCARC,2015-05-22,On-Air,,,"PL is usually off, allowing use by older transceivers.",Sun at 19:30. Everyone welcome.,Wide area.,,"Full-time to 449.52500 (KE0SJ) at Golden, Centennial Cone, CO .",,,,,,Intermountain Repeater Group,,,,,,,,,,,,,,,,,,,,,,,,,,,,,,,,,,,,,,,,,,,,,
449.525,-5,CSQ,KE0SJ,"Golden, Centennial Cone",CO,OPEN,,,183.94,WSW,,08,138,39.75249863,-105.35900116,449.525,444.525,CSQ,Jefferson,,KE0SJ,E-power.,CCARC,2015-05-23,On-Air,,,,,,,"Full-time to 145.28000 (KE0SJ) at Golden, Centennial Cone, CO .",,,,,,Intermountain Repeater Group,DM79HS,,,,,,,,,,,,,,,,,,,,,,,,,,,,,,,,,,,,,,,,,,,,
146.64,-0.6,100,WB0TUB,"Golden, Centennial Cone",CO,OPEN,,,183.94,WSW,,08,77,39.7525,-105.359,146.64,146.04,100,Jefferson,,Denver Radio League,E-power.,CCARC,2017-03-11,On-Air,,,8,,Wide area. Repeater Coverage Map,,,,,,,,DRL Repeaters,,,,,,,,,,,,,,,,,,,,,,,,,,,,,,,,,,,,,,,,,,,,,
224.6,-1.6,100,W0RM,Rollinsville,CO,OPEN,,,185.58,WSW,,08,201,39.9172,-105.501,224.6,223,100,Gilpin,Unknown,W0RM,,CCARC,2012-11-10,,,,,,,,,,,,,,,,,,,,,,,,,,,,,,,,,,,,,,,,,,,,,,,,,,,,,,,,,,,
448.95,-5,,,Black Forest,CO,OPEN,,SY,185.98,SW,,08,17551,39.04850006,-104.7009964,448.95,443.95,,El Paso,Unknown,N0PKT,e-power,,2019-01-08,,,,,Primarily on NXDN: All Nets carried on the K0JSC.COM Fun Machine system,This repeater covers most of Black Forest and various areas of Monument and Colorado Springs,,,,,,,K0JSC,http://www.k0jsc.com,,,,,,,,yes,Open ↑ / Open ↓,,yes,(B) Repeater,jfindu lookup / dstar-users lookup,,,,,,,,,,,,,,,,,,,,,,,,,,,yes,1,6.25,yes,,
146.7,-0.6,141.3,WA0OQA,Scott City,KS,OPEN,A,Y,185.98,SSE,,20,3940,38.4846,-100.979,146.7,146.1,141.3,Scott,,Sand Hills ARC,E-power.,Kansas Repeater Council,2018-09-16,On-Air,,,Comet GP-6 @ 125'.,Tue at 20:30.,"Scott, Finney and Kearny counties",141.3,"Full-time to 146.91000 (WA0OQA) at Garden City, KS .",,,,,,,DM98,,,,,,,yes,Open ↑ / Open ↓,,,,,,48589,,,,,,,,,,Yes; analog capable.,,,,,,,,,,,,,,,,,,,,
145.34,-0.6,103.5,KE4GUQ,Evergreen,CO,OPEN,I,,186.11,WSW,,08,73,39.6333,-105.317,145.34,144.74,103.5,Jefferson,,Rocky Mtn Radio League,E-power.,CCARC,2019-08-15,On-Air,,3350,,,Wide area.,127.3,,,,,,,Repeater,,,,,,,,,,,,,,,,,,,,,,,,,,,,,,,,,,,,,,,,,,,,,
145.175,-0.6,CC,N0SZ,"Evergreen, Squaw Mountain",CO,OPEN,,D,186.11,WSW,,08,10932,39.6333,-105.317,145.175,144.575,,Clear Creek,,Rocky Mountain Ham Radio,700,CCARC,2018-11-25,On-Air,,,Voice ID is required for data/GPS/text on TG 705,,,,,yes,7,310810,,,Rocky Mountain Ham Radio,,,,,,,,,,,,,,,,,,,,,,,,,,,,,,,,,,,,,,,,,,,,,
447.5,-5,88.5,N0OWY,"Conifer, Critchell Mountain",CO,OPEN,,,186.95,WSW,,08,60,39.4703,-105.198,447.5,442.5,88.5,Jefferson,,Aurora Repeater Association,E-power.,CCARC,2014-04-28,On-Air,,,,,Wide area.,88.5,,,,,,,,,,,,,,,,,,,,,,,,,,,,,,,,,,,,,,,,,,,,,,,,,,,,
444.95,5,100,W0MI,"Scott City, K-Link",KS,OPEN,,,187.31,SSE,,20,6463,38.48089981,-100.9240036,444.95,449.95,100,Scott,,SHARC,Internet Linked to K-Link Repeater Network.,Kansas Repeater Council,2019-07-27,Off-Air,,,,,Click for coverage map. 35 mi radius.,100,Full-time internet linked to the K-Link System .,,,,,,http://ks0lnk.net,DM98ML,,,,,,,,,,,,,,,,,,,,,,,,,,,,,,,,,,,,,,,,,,,,
447.2,-5,151.4,,Falcon,CO,OPEN,,Y,188.65,SW,,08,13790,38.93299866,-104.60900116,447.2,442.2,,El Paso,,GGARC,,,2015-11-11,Testing,,,,,"Falcon, Black Forest, Peyton Areas",,,,,,,Garden of the Gods Amateur Radio Club,,,,,,,,,yes,Open ↑ / Open ↓,,,,,,,,,,,,,,,,,,,,,,,,,,,,,,,,,,,,
447.85,-5,141.3,AC0KQ,"Evergreen, Saddleback Mountain",CO,OPEN,A,,188.83,WSW,,08,9580,39.7189,-105.44,447.85,442.85,141.3,Clear Creek,,AC0KQ,AllStar node repeater providing wide area coverage along the Front Range,CCARC,2019-08-23,Off-Air,,,,,Wide area at 9500',141.3,,,,,,Rocky Mountain Ham Radio,,,,,,,,,,,,,,,,29571,,,,,,,,,,,,,,,,,,,,,,,,,,,,,,
1287.9,-20,CSQ,W0CRA,"Conifer, Conifer Mountain",CO,OPEN,,,189.7,WSW,,08,103,39.5211,-105.305,1287.9,1267.9,CSQ,Jefferson,,Colorado Repeater Association (CRA),,CCARC,2017-10-07,Off-Air,,,,,Fort Collins to Colorado Springs.,,,,,,,,,,,,,,,,,,,,,,,,,,,,,,,,,,,,,,,,,,,,,,,,,,,,,
146.79,-0.6,162.2,N0KOM,"Stockton, K-Link",KS,OPEN,A,,190.26,SE,,20,13687,39.448,-99.2746,146.79,146.19,162.2,Rooks,,N0KOM,,Kansas Repeater Council,2019-07-13,Off-Air,,,DB-222 @ 200 feet.,,Click for coverage map. 25 mi radius.,,,,,,,,K-Link Repeater Network,,,,,,,,,,,,,,,45746,,,,,,,,,,,,,,,,,,,,,,,,,,,,,,
447.725,-5,100,K0NR,"Monument, Monument Hill",CO,OPEN,,,190.27,SW,,08,183,39.09170151,-104.87200165,447.725,442.725,100,El Paso,,K0NR,30,CCARC,2016-12-10,On-Air,,,,,Local.,100,,,,,,,http://www.k0nr.com/wordpress/k0nr-repeater/,,,,,,,,,,,,,,,,,,,,,,,,,,,,,,,,,,,,,,,,,,,,,
145.19,-0.6,131.8,N0XLF,"Palmer Lake, Monument Hill",CO,OPEN,E,,190.28,SW,ON - IDLE,08,8740,39.13600159,-104.92700195,145.19,144.59,131.8,Douglas,,N0OBA Owner,,,2018-10-25,On-Air,10079,,,Tri Lakes Net: Mon at 19:30 (except third Monday of the month which is the regular radio club meeting).,Wide area coverage at 8300,131.8,,,,,,,,DM79MD,,,,,,,,,,,,,,,,,,,,,,,,,,,,,,,,,,,,,,,,,,,,
448.8,-5,100,KB0SRJ,"Colorado Springs, ~2 mi ENE USAFA North Gate",CO,OPEN,,,190.52,SW,,08,57,39.03020096,-104.7990036,448.8,443.8,100,El Paso,,Pikes Peak FM Association (http://PPFMA.ORG),,CCARC,2019-09-24,On-Air,,,,,I-25 corridor from Baptist Rd south to Fort Carson,,,,,,,,PPFMA Repeaters,DM79OA,,,,,,,,,,,,,,,,,,,,,,,,,,,,,,,,,,,,,,,,,,,,
444.475,5,136.5,W0WWV,"Campbell, Mid-Rivers E911 Dispatch Center",NE,OPEN,I,,191.45,SE,,31,80,40.2929,-98.7291,444.475,449.475,136.5,Franklin,,,E-power.,WB0CMC,2019-01-08,On-Air,,7438,"KerChunk filter. Key up and hold for one second before speaking, or you will be cut off. No hang time, no courtesy tone.","ARAN: Mon &amp; Thurs 20:30 local time. Severe Weather Nets as needed, linked to WX0GID, National Weather Service office in Hastings/Grand Island.",,136.5,"Full-time to 443.20000 (W0WWV) at Hastings, Hastings Dog-Walk Park, NE . Full-time to 146.61000 (N0LL) at Smith Center, KS . Full-time to 145.13000 (W0WWV) at Hastings, KCNT Tower, NE . Full-time to 146.82000 (W0WWV) at Heartwell, KGIN TV Tower , NE . Full-time to 147.21000 (W0WWV) at Nelson, NE . Full-time to the W0WWV System .",,,,,,Amateur Radio Asscociation of Nebraska,EN00ph,"No special codes for IRLP, just dial the 4 digit node you wish to call. To disconnect, dial 73.",,,,,25,,,,,,,,,,,,,,,,,,,,,,,,,,,,,,,,,,,,,,
449.05,-5,107.2,WG0N,"Idaho Springs, Squaw Mountain",CO,OPEN,,,191.52,WSW,,08,95,39.7425,-105.514,449.05,444.05,107.2,Denver,,WG0N,E-power.,CCARC,2012-11-20,On-Air,,,,,Wide area.,107.2,,,,,,,,,,,,,,,,,,,,,,,,,,,,,,,,,,,,,,,,,,,,,,,,,,,,
444.7,5,167.9,NI0P,Wood River,NE,OPEN,,S,191.68,ESE,,31,16145,40.8206,-98.6001,444.7,449.7,167.9,Hall,,,,WB0CMC,2018-12-09,On-Air,,,,,"West Hall County and East Buffalo County, HWY 30 and Interstate 80",,,,,,,,,EN00,,,,,,,,,,yes,NI0P (B) Repeater,jfindu lookup / dstar-users lookup,,,,,,,,,,,,Yes; analog capable.,,,,,,,,,,,,,,,,,,,,
446.925,-5,CC,N0ESQ,"Castle Rock, Devils Head",CO,OPEN,,D,191.96,SW,,08,7193,39.26480103,-105.11399841,446.925,441.925,,Douglas,,,,CCARC,2019-11-27,On-Air,,,See the website for programming info.,,,,Full-time to the Colorado TRBO System .,yes,8,310817,,,Rocky Mountain Ham Radio,DM79KG,,RMHR c Record retrieved from radioid.net,"Open Talkgroup View Assignment TS TG Access Southern Colorado 1 719 Devilshead Local 2 711 function myFunction(id) { var x = document.getElementById(id); if (x.className.indexOf(""w3-show"") == -1) { x.className += "" w3-show""; } else { x.className = x.className.replace("" w3-show"", """"); } }",,,,,,,,,,,,,,,,,,,,,,,,,,,,,,,,,,,,,,,,1,2
447.525,-5,146.2,N0ESQ,"Castle Rock, Devils Head (Pike National Forest)",CO,OPEN,,,191.96,SW,,08,8190,39.26480103,-105.11399841,447.525,442.525,146.2,Douglas,,EmComm Colorado,,CCARC,2015-06-17,On-Air,,,"This is not a ragchew machine. Traffic is limited to ARES, RACES and EmComm administrative, exercise, public service and disaster response.",,"Denver metro north to the Wyoming border. Back country including Bailey, Deckers, Woodland Park. Severe null due east due to Devils Head Peak.",146.2,,,,,,Colorado ARES,,DM79KG,,,,,,,,,,,,,,,,,,,,,,,,,,,,,,,,,,,,,,,,,,,,
147.12,0.6,88.5,N0ARA,"Critchell, Critchell Mountain",CO,OPEN,,,192.08,WSW,,08,59,39.5148,-105.353,147.12,147.72,88.5,Jefferson,,Aurora Repeater Association,E-power.,CCARC,2016-01-17,On-Air,,,,,Denver metro and east.,88.5,,,,,,,http://www.n0ara.org,,,,,,,,,,,,,,,,,,,,,,,,,,,,,,,,,,,,,,,,,,,,,
449,-5,136.5,WR0AEN,"Idaho Springs, Squaw Mountain",CO,OPEN,,,192.22,WSW,,08,8250,39.6732,-105.48,449,444,136.5,Clear Creek,,CARN,,CCARC,2017-03-11,On-Air,,,,,,136.5,,,,,,,,,,,,,,,,,,,,,,,,,,,,,,,,,,,,,,,,,,,,,,,,,,,,
147.3,0.6,103.5,N0PYY,"Evergreen, Squaw Mountain",CO,OPEN,,,192.38,WSW,,08,84,39.6781,-105.487,147.3,147.9,103.5,Clear Creek,,Denver PD EEB,,CCARC,2017-03-11,On-Air,,,,,Wide area.,103.5,,,,,,,,,,,,,,,,,,,,,,,,,,,,,,,,,,,,,,,,,,,,,,,,,,,,
448.675,-5,100,W0CFI,"Idaho Springs, Squaw Mountain",CO,OPEN,,,192.45,WSW,,08,94,39.6774,-105.488,448.675,443.675,100,Denver,,W0CFI,,CCARC,2015-04-03,On-Air,,,,,Wide area.,100,,,,,,,,,,,,,,,,,,,,,,,,,,,,,,,,,,,,,,,,,,,,,,,,,,,,
146.67,-0.6,100,KB0UDD,"Idaho Springs, Squaw Mountain",CO,OPEN,,,192.56,WSW,,08,78,39.6794,-105.492,146.67,146.07,100,Clear Creek,,Castle Rock Repeater Group,11,CCARC,2016-09-08,On-Air,,,,CRRG/QCWA: Sun at 0930. Southern Metro LDS Ham Group: Sun at 1900. ARES23: Thu at 1930. ARES13: Sun at 2000.,"North to Cheyenne, Wy - East to Limon, Co - South to Colorado Springs, Co and West to the Continental Divide.",100,,,,,,,,,,,,,,,,,,,,,,,,,,,,,,,,,,,,,,,,,,,,,,,,,,,,
145.145,-0.6,107.2,W0CRA,"Idaho Springs, Squaw Mountain",CO,OPEN,,,192.56,WSW,,08,107,39.6794,-105.492,145.145,144.545,107.2,Clear Creek,,Colorado Repeater Assoc,E-power.,CCARC,2018-07-23,On-Air,,,,,Wide area. Denver metro.,107.2,,,,,,,http://www.w0cra.org/info/squaw.html#145145,,,,,,,,,,,,,,,,,,,,,,,,,,,,,,,,,,,,,,,,,,,,,
447.575,-5,107.2,W0CRA,"Idaho Springs, Squaw Mountain",CO,OPEN,EI,,192.56,WSW,Node Offline,08,264,39.6794,-105.492,447.575,442.575,107.2,Clear Creek,,Colorado Repeater Association (CRA),,CCARC,2017-11-13,On-Air,347088,3291,,,Wide area: Denver metro.,107.2,,,,,,,http://www.w0cra.org,,Member-only IRLP and Echolink node,,,,,,,,,,,,,,,,,,,,,,,,,,,,,,,,,,,,,,,,,,,
145.49,-0.6,100,W0TX,"Idaho Springs, Centennial Cone",CO,OPEN,,,192.56,WSW,,08,76,39.6794,-105.492,145.49,144.89,100,Jefferson,,"KB0VIU, Denver Radio Club",E-power.,CCARC,2017-03-11,On-Air,,,,DRC: Sun at 20:30.,,100,"Full-time to 448.62500 (W0TX) at Golden, Centennial Cone, CO .",,,,,,DRC Repeaters,,,,,,,,,,,,,,,,,,,,,,,,,,,,,,,,,,,,,,,,,,,,,
449.35,-5,100,W0TX,"Idaho Springs, Squaw Mountain",CO,OPEN,E,,192.56,WSW,ON - IDLE,08,98,39.6794,-105.492,449.35,444.35,100,Clear Creek,,Denver Radio Club,11,CCARC,2017-03-11,On-Air,4140,,,,Wide area.,100,,,,,,,DRC Repeaters,,,,,,,,,,,,,,,,,,,,,,,,,,,,,,,,,,,,,,,,,,,,,
446.9375,-5,CC,N0SZ,"Idaho Springs, Squaw Mountain",CO,OPEN,,D,192.6,WSW,,08,7190,39.6798,-105.493,446.9375,441.9375,,Clear Creek,,Rocky Mountain Ham Radio,,CCARC,2017-01-13,On-Air,,,See the website for programming information.,,,,Full-time to the Colorado TRBO System .,yes,7,,,,Rocky Mountain Ham Radio,,,,"Open Talkgroup View Assignment TS TG Access Rocky Mountain Wide 1 700 Full-Time Southern Colorado 2 719 Full-Time Central Regional 2 720 Full-Time Northern Colorado Regional 2 721 Full-Time function myFunction(id) { var x = document.getElementById(id); if (x.className.indexOf(""w3-show"") == -1) { x.className += "" w3-show""; } else { x.className = x.className.replace("" w3-show"", """"); } }",1,2,,,,,,,,2,,RMHAM,,,,,,,,,,,,,,,,,,,,,,,,,,,,2,
448.225,-5,141.3,N0SZ,"Idaho Springs, Squaw Mountain",CO,OPEN,,,192.6,WSW,,08,8197,39.6797,-105.493,448.225,443.225,141.3,Clear Creek,,Rocky Mountain Ham Radio,E-power(gen).,CCARC,2016-05-24,On-Air,,,,,,141.3,,,,,,,,,,,,,,,,,,,,,,,,,,,,,,,,,,,,,,,,,,,,,,,,,,,,
146.94,-0.6,103.5,W0WYX,"Idaho Springs, Squaw Mountain",CO,OPEN,,,192.6,WSW,,08,81,39.6798,-105.493,146.94,146.34,103.5,Clear Creek,,Rocky Mtn Radio League,11,CCARC,2017-03-11,On-Air,,,,Colorado WX: Daily at 06:30. RMRL: Mod at 20:30. Astronomy: Tue at 19:00. Amateur Radio Events: Tue at 20:00.,"Wide area: west to the Continental Divide, south to Colorado Springs, east to Limon, and north to Cheyenne.",103.5,"Linkable to 449.82500 (W0WYX) at Broomfield, CO . Linkable to 449.45000 (K1DUN) at Idaho Springs, Squaw Mountain, CO .",,,,,,Repeater,,Autopatch: 911* / Off 0*.,,,,,,,,,,,,,,,,,,,,,,,,,,,Listen Live,,,,,,,,,,,,,,,,
449.45,-5,103.5,K1DUN,"Idaho Springs, Squaw Mountain",CO,OPEN,,,192.61,WSW,,08,99,39.6794,-105.493,449.45,444.45,103.5,Clear Creek,,Rocky Mountain Radio League,11,CCARC,2016-12-23,On-Air,,,,RMRL: Mon at 20:30.,"Wide area: West to the Continental Divide, south to Colorado Springs, east to Limon, and north to Cheyenne.",127.3,,,,,,,Repeater,,,,,,,,,,,,,,,,,,,,,,,,,,,,,,,,,,,,,,,,,,,,,
147.225,0.6,107.2,W0CRA,"Larkspur, Westcreek",CO,OPEN,EI,,192.69,SW,ON - IDLE,08,83,39.17549896,-105.03399658,147.225,147.825,107.2,Douglas,,Colorado Repeater Association (CRA),Closed autopatch,CCARC,2017-11-13,On-Air,347086,3990,,"CRA Net, Sunday 9AM",Wide area,107.2,"Full-time to 145.16000 (W0CRA) at Colorado Springs, Cheyenne Mountain, CO . Full-time to 145.46000 (W0CRA) at Boulder, Eldorado Mountain, CO .",,,,,CRA VHF Link System,Colorado Repeater Association,DM79LE,,,,,,,,,,,,,,,,,,,,,,,,,,,,,,,,,,,,,,,,,,,,
448.425,-5,107.2,W0CRA,"Larkspur, Westcreek",CO,OPEN,,,192.69,SW,,08,16547,39.17549896,-105.03399658,448.425,443.425,107.2,Douglas,,Colorado Repeater Association (CRA),E-Power,CCARC,2020-02-11,On-Air,,,,,Wide area 55 mi radius.,107.2,"Full-time to 147.10500 (WA0DE) at Simla, CO .",,,,,ARESDEC,http://www.w0cra.org,,,,,,,,,,,,,,,,,,,,,,,,,,,,,,,,,,,,,,,,,,,,,
449.975,-5,100,K0JSC,"Larkspur, Westcreek",CO,OPEN,,,192.72,SW,,08,15903,39.17490005,-105.03399658,449.975,444.975,100,Douglas,,K0JSC,Simulcast and Voted with Cedarwood and Methodist.,CCARC,2017-04-21,On-Air,,,"Can be linked to Allstar, Echolink and others by a Sysop",,,100,Full-time to the The Fun Machine System .,,,,,The Fun Machine,The Fun Machine,,,,,,,,,,,,,,,,,,,,,,,,,,,,,,,,,,,,,,,,,,,,,
147.24,0.6,123,W0CUO,Elba,NE,OPEN,I,,193.4,ESE,,31,16,41.285,-98.5683,147.24,147.84,123,Howard,,Grand Island Amateur Radio Society (GIARS),"E-power, linked.",,2019-05-04,On-Air,,7479,,,,,,,,,,,,,,,,,,,,,,,,,,,,,,,,,,,,,,,,,,,,,,,,,,,,,,,,
147.015,0.6,146.2,N7UW,"Laramie, Jelm Mountain",WY,OPEN,E,Y,193.63,W,Node Offline,56,15436,41.09719849,-105.97699738,147.015,147.615,146.2,Albany,,"Albany County ARES/RACES, University Amateur Radio",,,2017-02-24,On-Air,82070,,,,Albany County,,,,,,,,http://www.uwyo.edu/uarc/,,,,,,,,yes,Open ↑ / Open ↓,,,,,,,,,,,,,,,,Yes; analog capable.,,,,,,,,,,,,,,,,,,,,
449.425,-5,103.5,WC3W,Grand Lake,CO,OPEN,A,,194.92,WSW,,08,18131,40.2392,-105.847,449.425,444.425,103.5,Clear Creek,,,,,2019-09-21,On-Air,,,Linked to the Allstar Florida Hub,Sunday and Tuesday nights at 7 PM MT,"Grand Lake, CO",103.5,,,,,,,,,,,,,,,,,,,,,,45202,,,,,,,,,,,,,,,,,,,,,,,,,,,,,,
444,5,141.3,K0ECT,Syracuse,KS,OPEN,,,196.23,S,,20,4086,38.17499924,-101.76100159,444,449,141.3,Hamilton,,SKECT,E-power.,Kansas Repeater Council,2018-07-12,On-Air,,,,,,141.3,Full-time to the SKECT System .,,,,,,http://skect.org/default.aspx,DM98CE,,,,,,,,,,,,,,,,,,,,,,,,,,,,,,,,,,,,,,,,,,,,
224.72,-1.6,103.5,W0MOG,Colorado springs,CO,OPEN,,,197.14,SW,,08,15989,38.90000153,-104.80000305,224.72,223.12,103.5,El Paso,,w0mog,,,2017-04-07,On-Air,,,,,Local,103.5,,,,,,,,,,,,,,,,,,,,,,,,,,,,,,,,,,,,,,,,,,,,,,,,,,,,
449.2,-5,CC 162.2,W0CTS,Lamar,CO,OPEN,,D,198.15,S,Static Talkgroups: 3108 - Colorado - Slot 1 3740 - REACT - Slot 1,08,18386,38.12810135,-102.53199768,449.2,444.2,162.2,Prowers,,,TS1 TG3108 Colorado TS1 TG31083 Co Severe Wx TS2 not networked/local,,2019-12-21,On-Air,,,,,,162.2,,yes,1,311409,,,https://brandmeister.network/?page=repeater&amp;id=311409,,,BrandMeister c Record retrieved from radioid.net,,,,,,,,,,,,,,,,,,,,,,,,,,,,,,,,,,,,,,,,,,
146.85,-0.6,156.7,AD0TP,Colorado Springs,CO,OPEN,,,198.26,SW,,08,42,38.83969879,-104.7437973,146.85,146.25,156.7,El Paso,,AD0TP,,CCARC,2020-02-10,On-Air,,,Please email with comments/signal reports,,Greater Colorado Springs Area,103.5,,,,,,Village 7 Amateur Radio Club,http://www.v7arc.com/,DM78PU,,,,,,,,,,,,,,,,,,,,,,,,,,,,,,,,,,,,,,,,,,,,
145.415,-0.6,123,W0CUO,"Grand Island, Nebraska State Fair",NE,OPEN,,Y,198.46,ESE,,31,20,40.90990067,-98.46230316,145.415,144.815,123,Hall,,Grand Island Amateur Radio Society (GIARS),,WB0CMC,2018-01-05,On-Air,,,,,Hall County / Nebraska State Fair,,,,,,,,,EN00SV,,,,,,,yes,23,,,,,,,,,,,,,,,,Yes; analog capable.,,,,,,,,,,,,,,,,,,,,
444.925,5,100,NI0P,"St Libory, Microwave Tower",NE,OPEN,,,198.57,ESE,,31,112,41.10589981,-98.45639801,444.925,449.925,100,Howard,,Brian Schmidt,E-power,WB0CMC,2018-12-09,On-Air,,,Replaced repeater.,,"Hall, Howard, and Merrick Counties Interstate 80, HWY 30, HWY 281",,,,,,,,,EN01,,,,,,,,,,,,,,,,,,,,,,,,,,,,,,,,,,,,,,,,,,,,
446.875,-5,CC,N0SZ,Westcreek,CO,OPEN,,D,198.99,SW,,08,15900,39.15250015,-105.16400146,446.875,441.875,,Douglas,,W0VG,,CCARC,2019-11-27,On-Air,,,,,,,Full-time to the Colorado TRBO System .,yes,6,310846,,RMHAM,http://www.rmham.org,,,RMHAM c Record retrieved from radioid.net,"Open Talkgroup View Assignment TS TG Access Rocky Mountain Wide 1 700 Full-Time Central Regional 2 720 Full-Time function myFunction(id) { var x = document.getElementById(id); if (x.className.indexOf(""w3-show"") == -1) { x.className += "" w3-show""; } else { x.className = x.className.replace("" w3-show"", """"); } }",1,,,,,,,,,2,,,,,,,,,,,,,,,,,,,,,,,,,,,,,,,
447.45,-5,103.5,WA4CCC,Winter Park,CO,OPEN,,,199.05,WSW,,08,3756,39.9473,-105.795,447.45,442.45,103.5,Grand,,W0IG,,CCARC,2013-10-26,On-Air,,,,,,,,,,,,,,,,,,,,,,,,,,,,,,,,,,,,,,,,,,,,,,,,,,,,,,,,,,
147.285,0.6,88.5,KB0VJJ,"Winter Park, Winter Park",CO,OPEN,,,199.12,WSW,,08,15582,39.8865,-105.763,147.285,147.885,88.5,Grand,,Colorado Connection,,CCARC,2017-01-06,On-Air,,,,,,123,Full-time to the Colorado Connection System .,,,,,,,,,,,,,,,,,,,,,,,,,,,,,,,,,,,,,,,,,,,,,,,,,,,
