Frequency,Offset,Tone,Call,Location,ST/PR,Use,VOIP,DGTL,Mi,Dir,,state_id,ID,Latitude,Longitude,Downlink,Uplink,Uplink Tone,Downlink Tone,County,On-air,Sponsor,Coordination,Last update,Op Status,EchoLink,IRLP,Web links,Coverage,Commands,DMR Enabled,Color Code,Wide Network,Notes,Bandwidth,Grid,Links,Nets,DMR ID,IPSC Network,Features,YSF Digital Enabled,DG-ID,WIRES-X,Affiliate,Mixed-Mode,AllStar,D-STAR Enabled,Node,Sources,Feed,Talkgroup Network,Talkgroups,Worldwide,North America,English,TAC 310,DCI Bridge,Texas,COMM 1,Local/Cluster,Texas/Oklahoma Regional USA,Rocky Mountain Wide,Southern Colorado,Central Regional,Amarillo WIRES-X,TAC 311,Colorado,Colorado Chat,NORCAL 1,NORCAL 5150,Local or Reflector,UserActivated 1,UserActivated 2,CAL 1,Southwest USA,Hytera USA,Parrott,Audio Test,Eastern Colorado,P-25 Digital Enabled,NAC,Default Reflector,NXDN Enabled,RAN,NXDN Bandwidth,NXDN Network,Location Photo,Northern Colorado Regional,Local Network,Devilshead Local
147.09,0.6,118.8,KZ0DEM,Springfield,CO,OPEN,,,0,SE,,08,8174,37.4083,-102.614,147.09,147.69,118.8,118.8,Baca,Unknown,BCDEARC,CCARC,2012-11-12,,,,,,,,,,,,,,,,,,,,,,,,,,,,,,,,,,,,,,,,,,,,,,,,,,,,,,,,,,,,,,,,,,,
147.33,0.6,118.8,KZ0DEM,Springfield,CO,OPEN,EI,,0,SE,Node Offline,08,6093,37.4083,-102.614,147.33,147.93,118.8,118.8,Baca,,Baca County Amateur Emergency Management,CCARC,2018-03-12,Off-Air,97142,7142,KZ0DEM Repeaters,,,,,,,,,,,,,,,,,,,,,,,,,,,,,,,,,,,,,,,,,,,,,,,,,,,,,,,,,,,,,,,
449.2,-5,118.8,KZ0DEM,Springfield,CO,OPEN,EI,,0,SE,Node Offline,08,4588,37.4083,-102.614,449.2,444.2,118.8,118.8,Baca,,Baca County Div of Emerg Mgt Communications,,2011-08-21,On-Air,97142,7142,,provides coverage to central Baca County,55,,,,,,,,,,,,,,,,,,,,,,,,,,,,,,,,,,,,,,,,,,,,,,,,,,,,,,,,,,,,,
446.7625,-5,CC,,Vilas,CO,OPEN,,D,9.46,SE,,08,17522,37.3747,-102.447,446.7625,441.7625,,,Baca,Unknown,Southeast Colorado REACT,,2018-12-27,,,,,Baca County,,yes,7,,,,,,,,,,,,,,,,,,,,,,,,,,,,,,,,,,,,,,,,,,,,,,,,,,,,,,,,,,,
146.64,-0.6,100,KZ0DEM,"Pritchett, Tator Butte",CO,OPEN,,,13.71,W,,08,3792,37.37,-102.859,146.64,146.04,100,100,Las Animas,,,CCARC,2015-12-12,Off-Air,,,KZ0DEM Repeaters,Wide area: West BACA and East Las Animas counties.,,,,,,,,,,,,,,,,,,,,,,,,,,,,,,,,,,,,,,,,,,,,,,,,,,,,,,,,,,,,,,
147.39,0.6,88.5,WB5NJU,Kenton,NM,OPEN,,,41.08,SSW,,35,18214,36.90100098,-103.00299835,147.39,147.99,88.5,,Union,,,,2019-10-30,On-Air,,,,,,,,,Repeater on the New Mexico - Oklahoma border,,,,,,,,,,,,,,,,,,,,,,,,,,,,,,,,,,,,,,,,,,,,,,,,,,,,,,,,,
146.61,-0.6,123,N0LAR,Lamar,CO,OPEN,EI,,43.44,N,ON - IDLE,08,3794,38.0369,-102.6,146.61,146.01,123,123,Prowers,,Lamar Amateur Radio Club,CCARC,2019-08-10,On-Air,37784,3774,,Hwy 287 - Springfield to Eads Hwy 50 - Holly to Rocky Ford.,,,,,,25,DM-88,"Full-time to 449.50000 (KC0HH) at Lamar, CO .",NWS Net 12:15pm daily,,,,,,,,,,,,,,,,,,,,,,,,,,,,,,,,,,,,,,,,,,,,,,,,,,,,,
449.5,-5,123,KC0HH,Lamar,CO,OPEN,EI,,46.91,N,ON - IDLE,08,171,38.0872,-102.62,449.5,444.5,123,,Prowers,,Lamar ARC,CCARC,2018-03-12,On-Air,37784,3774,,45,,,,,,,,"Full-time to 146.61000 (N0LAR) at Lamar, CO .",,,,,,,,,,,,,,,,,,,,,,,,,,,,,,,,,,,,,,,,,,,,,,,,,,,,,,
147.35,0.6,88.5,,Boise City,OK,OPEN,,,47.24,S,,40,3790,36.7294,-102.513,147.35,147.95,88.5,88.5,Cimarron,,CAPROCK / DUST BOWL INTERTIE,,2016-05-03,On-Air,,,,"Provides linked coverage to SW KS, OK Panhandle, and the TEXAS panhandle.",,,,,,,,,,,,,,,,,,,,,,,,,,,,,,,,,,,,,,,,,,,,,,,,,,,,,,,,,,,,,,
449.2,-5,CC 162.2,W0CTS,Lamar,CO,OPEN,,D,49.94,N,Static Talkgroups: 3108 - Colorado - Slot 1 3740 - REACT - Slot 1,08,18386,38.12810135,-102.53199768,449.2,444.2,162.2,162.2,Prowers,,,,2019-12-21,On-Air,,,https://brandmeister.network/?page=repeater&amp;id=311409,,,yes,1,,,,,,,311409,BrandMeister c Record retrieved from radioid.net,TS1 TG3108 Colorado TS1 TG31083 Co Severe Wx TS2 not networked/local,,,,,,,,,,,,,,,,,,,,,,,,,,,,,,,,,,,,,,,,,,,,,,,,,,
146.775,-0.6,,KB0CKE,Syracuse,KS,OPEN,,,61.48,NE,,20,3947,37.9806,-101.753,146.775,146.175,,,Hamilton,,KB0CKE,Kansas Repeater Council,2019-03-31,On-Air,,,,Local. 20 mi radius.,,,,,,,,,,,,,,,,,,,,,,,,,,,,,,,,,,,,,,,,,,,,,,,,,,,,,,,,,,,,,,
147.36,0.6,,KC0ITF,"La Junta, North La Junta",CO,PRIVATE,W,Y,64.58,NW,,08,167,37.9995,-103.529,147.36,147.96,,123,Otero,,,,2018-09-30,On-Air,,,,La Junta: U.S. Route 50 CO State Hwy 10 CO State Hwy 109 CO State Hwy 194 U.S. Route 350,,,,,Digital Wires-X,,,,,,,E-power,yes,Open ↑ / Open ↓,11360,KC0ITF,Yes; analog capable.,,,,,,,,,,,,,,,,,,,,,,,,,,,,,,,,,,,,,,,,,,,,,
444.525,5,141.3,K0ECT,"Ulysses, Wagon Bed Springs",KS,OPEN,,,70.31,ESE,,20,4110,37.403,-101.333,444.525,449.525,141.3,141.3,Grant,,SKECT,Kansas Repeater Council,2019-05-07,On-Air,,,http://skect.org/default.aspx,,,,,,,,,Full-time to the SKECT System .,,,,E-power.,,,,,,,,,,,,,,,,,,,,,,,,,,,,,,,,,,,,,,,,,,,,,,,,,,
444,5,141.3,K0ECT,Syracuse,KS,OPEN,,,70.54,NE,,20,4086,38.175,-101.761,444,449,141.3,141.3,Hamilton,,SKECT,Kansas Repeater Council,2018-07-12,On-Air,,,http://skect.org/default.aspx,,,,,,,,,Full-time to the SKECT System .,,,,E-power.,,,,,,,,,,,,,,,,,,,,,,,,,,,,,,,,,,,,,,,,,,,,,,,,,,
146.61,-0.6,123,W0QS,Hugoton,KS,OPEN,,,71.35,SE,,20,18554,37.1753006,-101.34960175,146.61,146.01,123,123,Graham,,,,2020-03-01,On-Air,,,,,,,,,,,,,,,,,,,,,,,,,,,,,,,,,,,,,,,,,,,,,,,,,,,,,,,,,,,,,,,,,,
444.975,5,88.5,N5DFQ,Guymon,OK,OPEN,,,77.62,SE,,40,4419,36.6758,-101.547,444.975,449.975,88.5,,Texas,,DBARC,ORSI,2014-07-07,On-Air,,,http://caprockintertie.org/,30,,,,,,,,,,,,Linked.,,,,,,,,,,,,,,,,,,,,,,,,,,,,,,,,,,,,,,,,,,,,,,,,,,
147.06,0.6,,K0ECT,Ulysses,KS,OPEN,,,78.62,ESE,,20,3979,37.5814,-101.355,147.06,147.66,,,Grant,,SKECT,Kansas Repeater Council,2018-01-13,On-Air,,,,Local,,,,,,,,,,,,,,,,,,,,,,,,,,,,,,,,,,,,,,,,,,,,,,,,,,,,,,,,,,,,,,
147.15,0.6,88.5,N5DFQ,Guymon,OK,OPEN,,,80.07,SE,,40,4418,36.6828,-101.482,147.15,147.75,88.5,,Texas,,DBARC,ORSI,2014-01-27,On-Air,,,http://caprockintertie.org/,,,,,,,,,Full-time to the Caprock Intertie System .,,,,"Linked, WX.",,,,,,,,,,,,,,,,,,,,,,,,,,,,,,,,,,,,,,,,,,,,,,,,,,
146.85,-0.6,100,N5BOP,Des Moines,NM,OPEN,,,80.76,WSW,,35,73,36.7611,-103.834,146.85,146.25,100,,Union,,Sierra Grande RC,NMFCC,2015-08-13,Off-Air,,,,Wide area.,,,,,,,,,,,,E-power.,,,,,,,,,,,,,,,,,,,,,,,,,,,,,,,,,,,,,,,,,,,,,,,,,,
444.8,5,77,N5BOP,Des Moines,NM,OPEN,,,80.76,WSW,,35,74,36.7611,-103.834,444.8,449.8,77,,Union,,Sierra Grande Repeater Club,NMFCC,2015-08-13,Off-Air,,,,Wide area.,,,,,,,,,,,,E-power.,,,,,,,,,,,,,,,,,,,,,,,,,,,,,,,,,,,,,,,,,,,,,,,,,,
147.175,0.6,141.3,NM5EM,"Des Moines, Sierra Grande",NM,OPEN,,,80.76,WSW,,35,15638,36.7611,-103.834,147.175,147.775,141.3,,Union,,NMEMA ARC,NMFCC,2017-01-22,On-Air,,,,,,,,,,,,,,,,,,,,,,,,,,,,,,,,,,,,,,,,,,,,,,,,,,,,,,,,,,,,,,,,,,
146.985,-0.6,156.7,N0OMC,Lakin,KS,OPEN,,,82.34,E,,20,3967,37.9358,-101.264,146.985,146.385,156.7,156.7,Kearney,,N0OMC,Kansas Repeater Council,2018-09-16,On-Air,,,,"Kearny, Finney and Scott Counties",,,,,Linked full time to the Garden City 146.910 and Scott City 146.700 repeaters,,,,,,,E-power,,,,,,,,,,,,,,,,,,,,,,,,,,,,,,,,,,,,,,,,,,,,,,,,,,
442.175,5,156.7,K0WPM,Tribune,KS,OPEN,,,87.06,NNE,,20,15098,38.4697,-101.753,442.175,447.175,156.7,,Greeley,,WKARC,,2019-05-07,On-Air,,,,,,,,,,,,,,,,,,,,,,,,,,,,,,,,,,,,,,,,,,,,,,,,,,,,,,,,,,,,,,,,,,
146.805,-0.6,103.5,W0KKS,Liberal,KS,OPEN,,,95.72,SE,,20,3949,37.0597,-100.93,146.805,146.205,103.5,103.5,Seward,,Southern Plains ARC,Kansas Repeater Council,2018-03-30,On-Air,,,http://spark-ks.org/,Local,,,,,,,,,,,,Autopatch,,,,,,,,,,,,,,,,,,,,,,,,,,,,,,,,,,,,,,,,,,,,,,,,,,
443.1,5,141.3,K0ECT,Liberal,KS,OPEN,,,95.73,SE,,20,4064,37.059,-100.93,443.1,448.1,141.3,,Seward,,SPARK,Kansas Repeater Council,2019-05-07,On-Air,,,http://skect.org/default.aspx,Local,,,,,,,,Full-time to the SKECT System .,,,,Autopatch,,,,,,,,,,,,,,,,,,,,,,,,,,,,,,,,,,,,,,,,,,,,,,,,,,
447.6,-5,103.5,KC0VJD,Firstview,CO,OPEN,W,Y,95.94,N,,08,17703,38.7958,-102.548,447.6,442.6,,,Cheyenne,,Delbert Noakes (KC0VJD),CCARC,2019-04-24,On-Air,,,,"US-40, US-287, US-385, CO-94, CO-96 Kit Carson, Cheyenne Wells, Firstview, Eads, Aroya, Sheridan Lake",,,,,,,,,,,,"APRS Digireater &amp; iGate, Weather Station",yes,Open ↑ / Open ↓,35710,,,,,,,,,,,,,,,,,,,,,,,,,,,,,,,,,,,,,,,,,,,,,,,
146.91,-0.6,141.3,WA0OQA,Garden City,KS,OPEN,A,,102.85,E,,20,3959,37.9717,-100.873,146.91,146.31,141.3,141.3,Finney,,Sand Hills ARC,Kansas Repeater Council,2018-09-16,On-Air,,,,"Finney, Scott and Kearney counties.",,,,,Linked full time to Scott City 146.700 and Lakin 146.985 repeaters.,,,"Full-time to 146.70000 (WA0OQA) at Scott City, KS .",Tue at 20:30.,,,E-power.,,,,,,48588,,,,,,,,,,,,,,,,,,,,,,,,,,,,,,,,,,,,,,,,,,,,
146.73,-0.6,88.5,ND0Q,"Walsenburg, N Rattlesnake Butte",CO,OPEN,,,103.93,WNW,,08,247,37.7719,-104.456,146.73,146.13,88.5,,Huerfano,,Pueblo Ham Club,CCARC,2015-04-15,On-Air,,,Pueblo Ham Club,"Wide area: Pueblo, Huerfano, Otero, and Las Animas Counties.",,,,,,,,,,,,6,,,,,,,,,,,,,,,,,,,,,,,,,,,,,,,,,,,,,,,,,,,,,,,,,,
449.6,-5,107.2,KC0CVU,"Trinidad, Raton Pass",CO,OPEN,,,104.98,W,,08,240,37.1694,-104.5,449.6,444.6,107.2,,Las Animas,,Cheyenne Mtn Rptr Grp,CCARC,2017-10-24,Off-Air,,,CMRG Repeaters,Wide area.,,,,,,,,,,,,E-power.,,,,,,,,,,,,,,,,,,,,,,,,,,,,,,,,,,,,,,,,,,,,,,,,,,
147.375,0.6,100,K0BV,"Trinidad, Raton Pass",CO,OPEN,,,105.04,W,,08,8180,37.1695,-104.501,147.375,147.975,100,100,Las Animas,,K0BV,CCARC,2017-10-24,Off-Air,,,,Good coverage along I-25 between CO/NM state line and 40 miles north.,,,,,,,,,,,,,,,,,,,,,,,,,,,,,,,,,,,,,,,,,,,,,,,,,,,,,,,,,,,,,,
447.375,-5,100,KG5JL,"Trinidad, Raton Pass",CO,OPEN,,Y,105.04,W,,08,13499,37.1695,-104.501,447.375,442.375,100,,Las Animas,,KG5JL,CCARC,2018-04-04,On-Air,,,,"Covers I-25 from CO/NM border to north of Trinidad, CO.",,,,,,,,,,,,E-power (batt).,yes,Open ↑ / Open ↓,,,Yes; analog capable.,,,,,,,,,,,,,,,,,,,,,,,,,,,,,,,,,,,,,,,,,,,,,
145.43,-0.6,107.2,WA6IFI,"Trinidad, Raton Pass",CO,OPEN,,,105.86,WSW,,08,239,36.9974,-104.467,145.43,144.83,107.2,,Las Animas,,Cheyenne Mountain Repeater Group,CCARC,2017-10-24,On-Air,,,CMRG Repeaters,,,,,,,,,,,,,,,,,,,,,,,,,,,,,,,,,,,,,,,,,,,,,,,,,,,,,,,,,,,,,,,
446.775,-5,,KD0RDI,"Raton, Raton Pass",NM,OPEN,,S,106.32,WSW,,35,6805,36.9925,-104.474,446.775,441.775,,,Colfax,,Cheyenne Mountain Repeater Group,NMFCC,2017-07-22,On-Air,,,http://www.cmrg.org/,,,,,,,,,,,,,,,,,,,,yes,KD0RDI (B) Repeater,jfindu lookup / dstar-users lookup,,,,,,,,,,,,,,,,,,,,,,,,,,,,,,,,,,,,,,,,,
147.28,0.6,100,NM5ML,"Raton, Sierra Grande",NM,OPEN,,,106.39,WSW,,35,136,36.9033,-104.439,147.28,147.88,100,,Colfax,,,NMFCC,2018-01-07,On-Air,,,,Wide area.,,,,,,,,Full-time to the Mega-Link System .,,,,8,,,,,,,,,,,,,,,,,,,,,,,,,,,,,,,,,,,,,,,,,,,,,,,,,,
147.18,0.6,,WK0DX,Plains,KS,OPEN,,,108.72,ESE,,20,3996,37.2933,-100.64,147.18,147.78,,,Meade,,WK0DX,Kansas Repeater Council,2014-07-07,On-Air,,,,Local,,,,,,,,,,,,,,,,,,,,,,,,,,,,,,,,,,,,,,,,,,,,,,,,,,,,,,,,,,,,,,
446.775,-5,,KD0RDI,"Trinidad, Raton Pass",CO,OPEN,,S,109.12,W,,08,8086,37.1457,-104.571,446.775,441.775,,,Las Animas,,Cheyenne Mountain Repeater Group (CMRG),CCARC,2017-12-13,On-Air,,,,,,,,,,,,,,,,,,,,,,,yes,KD0RDI (B),jfindu lookup / dstar-users lookup,,,,,,,,,,,,,,,,,,,,,,,,,,,,,,,,,,,,,,,,,
449.975,-5,100,K0JSC,"Pueblo, Cedarwood",CO,OPEN,EIA,,111.22,WNW,ON - IDLE,08,5369,38.034,-104.489,449.975,444.975,100,100,Pueblo,,K0JSC,CCARC,2017-03-11,On-Air,363976,7301,K0JSC dot Com,I-25 from Walsenburg to Wyoming and US-50 from La junta to Monarch Pass Repeater Coverage Map,,,,,Can be linked to various local repeater systems via the remote base. Echolink/IRLP connects restricted. Email me to be added to the authorized list.,,DM78SA18,"Linkable to 145.49000 (WD0EKR) at Canon City, Fremont Peak, CO . Linkable to 145.46000 (WB0WDF) at Cripple Creek, CO . Linkable to 146.79000 (ND0Q) at Pueblo, Baculite Mesa, CO . Linkable to 145.13000 (KB0VJJ) at Colorado Springs, Cheyenne Mountain, CO . Linkable to 146.88000 (ND0Q) at Pueblo, Deer Peak, CO . Linkable to 145.16000 (W0CRA) at Colorado Springs, Cheyenne Mountain, CO . Full-time to the The Fun Machine System . 146.43000 simplex. 146.44500 simplex.",APRS Net: Sun at 19:00. Region 5 District 2 ARES Net: Sun at 19:30. Statewide ARES Net: Sun at 20:00. Region 5 District 1 ARES Net: Mon at 19:00. RGARC Net: Wed at 19:00.,,,2,,,,,,28368,,,,Listen Live,,,,,,,,,,,,,,,,,,,,,,,,,,,,,,,,,,,,,,,,
443.5,5,141.3,WK0DX,Plains,KS,OPEN,,,111.5,ESE,,20,11458,37.2603,-100.593,443.5,448.5,141.3,,Meade,,WK0DX,Kansas Repeater Council,2016-11-19,On-Air,,,,Wide Area,,,,,,,,,,,,,,,,,,,,,,,,,,,,,,,,,,,,,,,,,,,,,,,,,,,,,,,,,,,,,,
442.5,5,141.3,K0ECT,"Garden City, Tennis",KS,OPEN,I,,111.93,E,,20,4046,38.164,-100.801,442.5,447.5,141.3,141.3,Finney,,SKECT,Kansas Repeater Council,2018-07-12,On-Air,,3885,http://skect.org/default.aspx,,,,,,,,,Full-time to the SKECT System .,,,,E-power.,,,,,,,,,,,,,,,,,,,,,,,,,,,,,,,,,,,,,,,,,,,,,,,,,,
444.35,5,88.5,N5LTZ,Dumas,TX,OPEN,,,112.36,SSE,,48,1490,35.8656,-101.973,444.35,449.35,88.5,,Moore,,,TVHFS,2016-05-21,On-Air,,,,40,,,,,,,,Full-time to the Caprock Intertie System .,,,,350,,,,Caprock Intertie,,,,,,,,,,,,,,,,,,,,,,,,,,,,,,,,,,,,,,,,,,,,,,
443.0125,5,CC,KD5ROK,Dumas,TX,OPEN,,D,112.38,SSE,,48,14523,35.8654,-101.973,443.0125,448.0125,,,Moore,,,,2017-08-17,On-Air,,,http://www.dmr-marc.net/,,,yes,14,,Time Slot #2 - Group Call 10 = West Texas Local,,,,,,,,,,,,,,,,,,Lonestar,"Open Talkgroup View Assignment TS TG Access Worldwide 1 1 Full-Time North America 1 3 English 1 13 PTT TAC 310 1 310 PTT DCI Bridge 1 3100 Full-Time Texas 1 3148 COMM 1 1 3777215 Local/Cluster 2 2 Full-Time Texas 2 3148 PTT Texas/Oklahoma Regional USA 2 3175 PTT function myFunction(id) { var x = document.getElementById(id); if (x.className.indexOf(""w3-show"") == -1) { x.className += "" w3-show""; } else { x.className = x.className.replace("" w3-show"", """"); } }",1,1,1,1,1,2,1,2,2,,,,,,,,,,,,,,,,,,,,,,,,,,,,,
443.2,5,88.5,KC5WBK,Spearman,TX,OPEN,,,114.8,SE,,48,11484,36.1984,-101.192,443.2,448.2,88.5,,Hansford,,KY5C,,2014-05-20,On-Air,,,,,,,,,,,,,,,,,,,,,,,,,,,,,,,,,,,,,,,,,,,,,,,,,,,,,,,,,,,,,,,,,,
147.04,0.6,88.5,N5DFQ,Spearman,TX,OPEN,,,114.8,SE,,48,596,36.1984,-101.192,147.04,147.64,88.5,,Hansford,Unknown,Dustbowl Amateur Radio Club,TVHFS,,,,,,,,,,,,,,,,,,"E-power, linked, WX.",,,,,,,,,,,,,,,,,,,,,,,,,,,,,,,,,,,,,,,,,,,,,,,,,,
442,5,88.5,N5DFQ,Spearman,TX,OPEN,,,114.8,SE,,48,994,36.1984,-101.192,442,447,88.5,,Hansford,Unknown,Dustbowl Amateur Radio Club,TVHFS,,,,,,,,,,,,,,,,,,"E-power, linked, WX.",,,,,,,,,,,,,,,,,,,,,,,,,,,,,,,,,,,,,,,,,,,,,,,,,,
449.9,-5,107.2,N1FSX,Punkin Center,CO,OPEN,,,115.91,NNW,,08,7395,38.852,-103.7,449.9,444.9,107.2,,Lincoln,,,CCARC,2012-07-20,On-Air,,,,,,,,,,,,,,,,,,,,BSAR,,,,,,,,,,,,,,,,,,,,,,,,,,,,,,,,,,,,,,,,,,,,,,
146.7,-0.6,141.3,WA0OQA,Scott City,KS,OPEN,A,Y,116.05,NE,,20,3940,38.4846,-100.979,146.7,146.1,141.3,141.3,Scott,,Sand Hills ARC,Kansas Repeater Council,2018-09-16,On-Air,,,,"Scott, Finney and Kearny counties",,,,,Comet GP-6 @ 125'.,,DM98,"Full-time to 146.91000 (WA0OQA) at Garden City, KS .",Tue at 20:30.,,,E-power.,yes,Open ↑ / Open ↓,,,Yes; analog capable.,48589,,,,,,,,,,,,,,,,,,,,,,,,,,,,,,,,,,,,,,,,,,,,
444.6,5,146.2,WA0VJR,Wallace,KS,OPEN,I,,117.87,NNE,,20,3559,38.9139,-101.594,444.6,449.6,146.2,,Wallace,,WA0VJR,,2019-03-27,On-Air,,3148,,US-40 Repeater Coverage Map,,,,,Dial 9335 to access K-Link,,,,,,,,,,,,,,,,,,,,,,,,,,,,,,,,,,,,,,,,,,,,,,,,,,,,,,,,,
444.95,5,100,W0MI,"Scott City, K-Link",KS,OPEN,,,118.2,NE,,20,6463,38.4809,-100.924,444.95,449.95,100,100,Scott,,SHARC,Kansas Repeater Council,2019-07-27,Off-Air,,,http://ks0lnk.net,Click for coverage map. 35 mi radius.,,,,,,,,Full-time internet linked to the K-Link System .,,,,Internet Linked to K-Link Repeater Network.,,,,,,,,,,,,,,,,,,,,,,,,,,,,,,,,,,,,,,,,,,,,,,,,,,
444.25,5,141.3,K0ECT,Montezuma,KS,OPEN,,,118.86,ESE,,20,4098,37.6345,-100.464,444.25,449.25,141.3,141.3,Gray,,SKECT,Kansas Repeater Council,2018-07-12,On-Air,,,http://skect.org/default.aspx,Local,,,,,,,,Full-time to the SKECT System .,ARES,,,,,,,,,,,,,,,,,,,,,,,,,,,,,,,,,,,,,,,,,,,,,,,,,,,,,
147.39,0.6,,N5AKN,Forgan,OK,OPEN,,,119.4,SE,,40,4411,36.907,-100.539,147.39,147.99,,,Beaver,Unknown,N5AKN,ORSI,,,,,,70,,,,,,,,,,,,WX.,,,,,,,,,,,,,,,,,,,,,,,,,,,,,,,,,,,,,,,,,,,,,,,,,,
146.64,-0.6,88.5,K5IS,Perryton,TX,OPEN,,,121.93,SE,,48,383,36.4,-100.803,146.64,146.04,88.5,,Ochiltree,Unknown,,TVHFS,,,,,,,,,,,,,,,,,,,,,,,,,,,,,,,,,,,,,,,,,,,,,,,,,,,,,,,,,,,,,,,,,,,,
446.9875,-5,CC,K0JSC,Pueblo,CO,OPEN,,D,122.92,WNW,,08,10785,38.2307,-104.611,446.9875,441.9875,,,Pueblo,,,CCARC,2017-01-02,Off-Air,,,Rocky Mountain Ham Radio,,,yes,6,,,,,Full-time to the Colorado TRBO System .,,,,,,,,RMHAM,,,,,,,,"Open Talkgroup View Assignment TS TG Access Rocky Mountain Wide 1 700 Southern Colorado 2 719 function myFunction(id) { var x = document.getElementById(id); if (x.className.indexOf(""w3-show"") == -1) { x.className += "" w3-show""; } else { x.className = x.className.replace("" w3-show"", """"); } }",,,,,,,,,,1,2,,,,,,,,,,,,,,,,,,,,,,,,,,,
447.275,-5,100,K0JSC,"Pueblo, Metro",CO,OPEN,,,122.92,WNW,,08,9527,38.2305,-104.611,447.275,442.275,100,100,Pueblo,,,CCARC,2017-01-06,On-Air,,,The Fun Machine,,,,,,"Moved to Pueblo. Now called ""Pueblo Metro""",,,Full-time to the The Fun Machine System .,APRS Net: Sun at 19:00. Region 5 District 2 ARES Net: Sun at 19:30. Statewide ARES Net: Sun at 20:00. Region 5 District 1 ARES Net: Mon at 19:00. EOSS Net: Tue at 20:00. RGARC Net: Wed at 19:00.,,,,,,,The Fun Machine,,,,,,Listen Live,,,,,,,,,,,,,,,,,,,,,,,,,,,,,,,,,,,,,,,,
147.24,0.6,103.5,KJ0T,Pueblo,CO,OPEN,,,122.92,WNW,,08,3747,38.2306,-104.611,147.24,147.84,103.5,CSQ,Pueblo,,TARA,CCARC,2012-06-13,Off-Air,,,,Pueblo and Fremont Counties,,,,,,,,,,,,,,,,,,,,,,,,,,,,,,,,,,,,,,,,,,,,,,,,,,,,,,,,,,,,,,
447,-5,103.5,KC0VJD,Hugo,CO,OPEN,W,Y,123.06,NNW,,08,17059,39.0542,-103.48,447,442,,,Lincoln,,Delbert Noakes (KC0VJD),CCARC,2019-04-24,On-Air,,,,"I-70, US-71, US-287, US-40, US-24, Hugo, Limon, Genoa, Punkin Center, Arriba.",,,,,,,,,,,,APRS repeater &amp; I-Gate / Weather station,yes,Open ↑ / Open ↓,30534,,,,,,,,,,,,,,,,,,,,,,,,,,,,,,,,,,,,,,,,,,,,,,,
146.655,-0.6,123,K0ST,"Pueblo, Pueblo",CO,OPEN,,,123.58,WNW,,08,192,38.2544,-104.609,146.655,146.055,123,CSQ,Pueblo,,K0ST,CCARC,2013-05-07,On-Air,,,,,,,,,,,,,,,,,,,,,,,,,,,,,,,,,,,,,,,,,,,,,,,,,,,,,,,,,,,,,,,,,,
447.7,-5,CC 210.7,KF0KR,"Pueblo, Pueblo",CO,PRIVATE,IA,D,123.58,WNW,,08,8530,38.2544,-104.609,447.7,442.7,210.7,210.7,Pueblo,,,CCARC,2017-01-02,Off-Air,,7389,,,,yes,0,,,,,,,,,,,,,,Yes; analog capable.,29228,,,,,,,,,,,,,,,,,,,,,,,,,,,,,,,,,,,,,,,,,,,,
449.725,-5,100,N0PWZ,Palmer Divide,CO,OPEN,I,,123.58,WNW,,08,189,38.2544,-104.609,449.725,444.725,100,,El Paso,,N0PWZ,CCARC,2012-11-10,On-Air,,3043,,,,,,,,,,,,,,,,,,,,,,,,,,,,,,,,,,,,,,,,,,,,,,,,,,,,,,,,,,,,,,,,
146.79,-0.6,88.5,ND0Q,"Pueblo, Baculite Mesa",CO,OPEN,,,124.93,WNW,,08,193,38.3925,-104.555,146.79,146.19,88.5,CSQ,Pueblo,,Pueblo HC,CCARC,2018-11-16,On-Air,,,Pueblo Ham Club,Wide area.,,,,,,,,,,,,E-power.,,,,,,,,,,,,,,,,,,,,,,,,,,,,,,,,,,,,,,,,,,,,,,,,,,
447.95,-5,CC 88.5,ND0Q,Pueblo,CO,OPEN,,D,124.93,WNW,,08,198,38.3925,-104.555,447.95,442.95,88.5,,Pueblo,,Pueblo Ham Club,CCARC,2015-08-06,On-Air,,,Pueblo Ham Club,Wide area.,,,,,Dual Mode Analog/DMR DMR is unlinked/stand alone for ARES.,,,,,,,E-power.,,,,,,,,,,,,,,,,,,,,,,,,,,,,,,,,,,,,,,,,,,,,,,,,,,
224.26,-1.6,88.5,ND0Q,"Pueblo, Baculite Mesa",CO,OPEN,,,125.79,WNW,,08,195,38.3925,-104.555,224.26,222.66,88.5,CSQ,Pueblo,,Pueblo Ham Club,CCARC,2013-05-07,Off-Air,,,PHC repeaters,Wide area.,,,,,,,,,,,,E-power.,,,,,,,,,,,,,,,,,,,,,,,,,,,,,,,,,,,,,,,,,,,,,,,,,,
147,0.6,,NE0Z,"Pueblo, CSU",CO,PRIVATE,,,125.82,WNW,,08,8173,38.3069,-104.62,147,147.6,,,Pueblo,,Carl Higbee,CCARC,2014-02-26,On-Air,,,,,,,,,,,,,,,,,,,,,,,,,,,,,,,,,,,,,,,,,,,,,,,,,,,,,,,,,,,,,,,,,,
145.115,-0.6,88.5,ND0Q,Pueblo,CO,OPEN,,,126.06,WNW,,08,191,38.2544,-104.609,145.115,144.515,88.5,,Pueblo,,Pueblo Ham Club,CCARC,2012-11-12,Off-Air,,,,,,,,,,,,,,,,E-power.,,,,,,,,,,,,,,,,,,,,,,,,,,,,,,,,,,,,,,,,,,,,,,,,,,
52.87,-1.7,141.3,WA0OQA,Garden City,KS,OPEN,,,126.88,E,,20,15311,38.1028,-100.464,52.87,51.17,141.3,141.3,Finney,,SHARC,Kansas Repeater Council,2019-03-18,On-Air,,,,30,,,,,200,,,,,,,,,,,,,,,,,,,,,,,,,,,,,,,,,,,,,,,,,,,,,,,,,,,,,,,,,
146.88,-0.6,CC 88.5,ND0Q,"Pueblo, 12 Mile Hill",CO,OPEN,,D,126.89,WNW,,08,194,38.2544,-104.609,146.88,146.28,88.5,CSQ,Pueblo,,Pueblo HC,CCARC,2017-10-24,On-Air,,,,Wide area.,,,,,,,,,,,,E-power.,,,,,,,,,,,,,,,,,,,,,,,,,,,,,,,,,,,,,,,,,,,,,,,,,,
443.4375,5,CC,KE5CJ,Stinnett,TX,OPEN,,D,127.1,SSE,,48,14414,35.827,-101.443,443.4375,448.4375,,,Hutchinson,,,,2017-09-21,On-Air,,,DMR MARC,Wide Area,,yes,14,,Time Slot #1 - Group Call 3 = DMR-MARC North America Time Slot #1 - Group Call 3777215= TRBO-6 Time Slot #1 - Group Call 3148= TX Statewide Time Slot #2 - Group Call 10 = West Texas Local,,,,,,,,,,,,,,,,,,,,,,,,,,,,,,,,,,,,,,,,,,,,,,,,,,,,,,,,,
444.8,5,,W5WDR,Stinnett,TX,OPEN,W,Y,127.1,SSE,,48,13604,35.827,-101.443,444.8,449.8,,,Hutchinson,,Hutchinson County ARC,,2018-04-23,On-Air,,,,"Covers 55 mile radius of Borger, Texas (approximately).",,,,,Linked,,,"Full-time to 444.30000 (W5JTC) at Amarillo, TX .",Golden Spread Amateur Information Net. Tuesdays 6:30 pm Central,,,,yes,Open ↑ / Open ↓,21379,Panhandle Emergency Radio Service,,,,,,,,,,,,,,,,,,,,,,,,,,,,,,,,,,,,,,,,,,,,,,
146.895,-0.6,103.5,KE0AE,Stratton,CO,OPEN,E,,130.94,N,Node Offline,08,122,39.3033,-102.605,146.895,146.295,103.5,,Kit Carson,,Big Sandy ARC,CCARC,2018-04-01,On-Air,830619,,,,,,,,,,,,,,,,,,,,,,,,,,,,,,,,,,,,,,,,,,,,,,,,,,,,,,,,,,,,,,,,,
448.975,-5,100,K0JSC,Pueblo West,CO,OPEN,EIA,,131.14,WNW,ON - IDLE,08,7994,38.303,-104.734,448.975,443.975,100,100,Pueblo,,,CCARC,2017-03-11,On-Air,363976,7301,http://www.k0jsc.com,,,,,,Off air. Will return to service,,,Full-time to the The Fun Machine System .,,,,,,,,,,28368,,,,Listen Live,,,,,,,,,,,,,,,,,,,,,,,,,,,,,,,,,,,,,,,,
145.355,-0.6,100,N0JPX,La Veta,CO,OPEN,I,,131.42,W,,08,168,37.505,-105.007,145.355,144.755,100,,Huerfano,,N0JPX,CCARC,2019-03-17,On-Air,,3974,,,,,,,,,,,,,,"E-power, linked.",,,,,,,,,,,,,,,,,,,,,,,,,,,,,,,,,,,,,,,,,,,,,,,,,,
444.3,5,141.3,K0ECT,Elkader,KS,OPEN,,,132.37,NE,,20,4100,38.785,-100.921,444.3,449.3,141.3,141.3,Logan,,SKECT,Kansas Repeater Council,2018-07-12,On-Air,,,http://skect.org/default.aspx,,,,,,,,,Full-time to the SKECT System .,,,,E-power.,,,,,,,,,,,,,,,,,,,,,,,,,,,,,,,,,,,,,,,,,,,,,,,,,,
449.75,-5,100,N0ZSN,"La Veta, Cordova Pass",CO,OPEN,EIA,,132.41,W,ON - IDLE,08,13485,37.3407,-105.024,449.75,444.75,100,100,Las Animas,,N0ZSN,CCARC,2015-07-27,On-Air,363976,7301,The Fun Machine,,,,,,,,,Full-time to the The Fun Machine System .,,,,,,,,The Fun Machine,,28368,,,,,,,,,,,,,,,,,,,,,,,,,,,,,,,,,,,,,,,,,,,,
447.6,-5,CC 88.5,W0PHC,"Walsenburg, Badito Cone",CO,OPEN,,D,134.21,WNW,,08,18345,37.77199936,-105.02200317,447.6,442.6,88.5,88.5,Huerfano,,Pueblo Amateur Radio Club,CCARC,2019-12-12,Off-Air,,,http://www.puebloradio.org/,,,yes,,,Repeater off line due to road closure for the winter. (note entered 12/2019),6.25,DM77LS,,,,c Record retrieved from radioid.net,,,,,,Yes; analog capable.,,,,,,,,,,,,,,,,,,,,,,,,,,,,,,,,,,,,,,,,,,,,,
147.06,0.6,103.5,KE0AE,Genoa,CO,OPEN,A,,137,NNW,,08,128,39.2688,-103.488,147.06,147.66,103.5,,Lincoln,,BSARC,CCARC,2019-07-21,On-Air,,,http://www.bigsandyradio.com/,"I-70, US-71, US-287, US-40, US-24",,,,,,,,,Big Sandy Net: Tues 19:00,,,"APRS repeater / weather station, remote base, e-power (solar - completely off the electrical grid).",,,,,,42740,,,,,,,,,,,,,,,,,,,,,,,,,,,,,,,,,,,,,,,,,,,,
446.7375,-5,CC,K0RTS,"Genoa, Limon",CO,OPEN,,D,137.84,NNW,,08,13581,39.2783,-103.5,446.7375,441.7375,,,Lincoln,,K0RTS KC0VJD,CCARC,2016-01-31,On-Air,,,,"I-70 H-40 H-287 Arriba, Genoa, Hugo, Limon 50 mile radius",,yes,8,,Colorado on TG700 Slot 1 Denver on TG720 Slot 2,,,,,,,,,,,RMHam,,,,,,,,"Open Talkgroup View Assignment TS TG Access Rocky Mountain Wide 1 700 Central Regional 2 720 function myFunction(id) { var x = document.getElementById(id); if (x.className.indexOf(""w3-show"") == -1) { x.className += "" w3-show""; } else { x.className = x.className.replace("" w3-show"", """"); } }",,,,,,,,,,1,,2,,,,,,,,,,,,,,,,,,,,,,,,,,
147.06,0.6,,WA5CSF,Borger,TX,OPEN,E,,137.99,SSE,Node Offline,48,610,35.667,-101.397,147.06,147.66,,,Hutchinson,,Northwest Texas Amateur Radio Club,TVHFS,2017-02-16,Off-Air,387265,,,,,,,,,,,,,,,,,,,,,,,,,,,,,,,,,,,,,,,,,,,,,,,,,,,,,,,,,,,,,,,,,
147,0.6,88.5,W5WDR,Borger,TX,OPEN,W,Y,139.53,SSE,,48,10988,35.6425,-101.395,147,147.6,88.5,88.5,Hutchinson,,Hutchinson County ARC,,2017-09-21,On-Air,,,,,,,,,,,,"Full-time to 444.30000 (W5JTC) at Amarillo, TX .",Golden Spread Amateur Information Net. TUE at 18:30 Central,,,"E-Power, Linked",yes,Open ↑ / Open ↓,21339,Panhandle Emergency Radio Service,Yes; analog capable.,,,,,,,,,,,,,,,,,,,,,,,,,,,,,,,,,,,,,,,,,,,,,
443.35,5,123,KY0J,Dodge City,KS,OPEN,EA,,140.94,ESE,Node Offline,20,17688,37.7524,-100.077,443.35,448.35,123,123,Ford,,KY0J,Kansas Repeater Council,2019-03-18,On-Air,6891,,,20,,,,,,,,,,,,,,,,,,27140,,,,,,,,,,,,,,,,,,,,,,,,,,,,,,,,,,,,,,,,,,,,
145.21,-0.6,110.9,N5GDR,Maxwell,NM,OPEN,A,,141.14,WSW,,35,16113,36.51,-104.91,145.21,144.61,110.9,110.9,Colfax,,"Gary Reynolds N5GDR, Dale Finley KB5NFT",NMFCC,2018-03-12,On-Air,,,,,,,,,,,,,,,,,,,,,,46298,,,,,,,,,,,,,,,,,,,,,,,,,,,,,,,,,,,,,,,,,,,,
444.55,5,141.3,K0ECT,Dodge City,KS,OPEN,,,142.67,ESE,,20,4114,37.5312,-100.017,444.55,449.55,141.3,,Ford,,SKECT,Kansas Repeater Council,2018-07-12,On-Air,,,http://skect.org/default.aspx,,,,,,,,,Full-time to the SKECT System .,,,,,,,,,,,,,,,,,,,,,,,,,,,,,,,,,,,,,,,,,,,,,,,,,,,,,,
443.675,5,162.2,K0HAM,"Dodge City, K-Link",KS,OPEN,A,,143.35,ESE,,20,11669,37.766,-100.035,443.675,448.675,162.2,162.2,Ford,,"NV8Q, WV0S",Kansas Repeater Council,2019-02-16,On-Air,,,K-Link Repeater Network,Click for coverage map. 45 mi radius.,,,,,,,,Full-time to the K-Link System .,,,,Linked to K-Link Repeater Network. AllStar 46012.,,,,Affiliate of the K-Link Repeater Network,,46012,,,,,,,,,,,,,,,,,,,,,,,,,,,,,,,,,,,,,,,,,,,,
147.03,0.6,123,K0ECT,Dodge City,KS,OPEN,,,144.18,ESE,,20,3974,37.7528,-100.017,147.03,147.63,123,,Ford,,SKECT,,2019-09-02,On-Air,,,,,,,,,,,,,RACES,,,Autopatch,,,,,,,,,,,,,,,,,,,,,,,,,,,,,,,,,,,,,,,,,,,,,,,,,,
442.375,5,123,K0ECT,Dodge City,KS,OPEN,,,144.18,ESE,,20,4041,37.7528,-100.017,442.375,447.375,123,,Ford,,,Kansas Repeater Council,2019-09-02,On-Air,,,,US-50,,,,,,,,,,,,Autopatch.,,,,,,,,,,,,,,,,,,,,,,,,,,,,,,,,,,,,,,,,,,,,,,,,,,
146.94,-0.6,88.5,W5WX,"Amarillo, KVII Tower (ABC 7)",TX,OPEN,,Y,146.27,SSE,,48,542,35.3748,-101.883,146.94,146.34,,,Potter,,Panhandle Amateur Radio Club,TVHFS,2019-08-24,On-Air,,,http://www.w5wx.net,Amarillo and points north.,,,,,,,,,Panhandle Amateur Information Net (PAIN): Sun at 20:00. Morning 2-Meter Net: M-F at 10:00,,,,yes,Open ↑ / Open ↓,,,,,,,,,,,,,,,,,,,,,,,,,,,,,,,,,,,,,,,,,,,,,,,,
224.32,-1.6,88.5,ND0Q,"Walsenburg, Deer Peak",CO,OPEN,,,147.15,WNW,,08,245,38.0411,-105.185,224.32,222.72,88.5,,Custer,,Pueblo Ham Club,CCARC,2016-07-14,Off-Air,,,PHC repeaters,,,,,,,,,,,,,11,,,,,,,,,,,,,,,,,,,,,,,,,,,,,,,,,,,,,,,,,,,,,,,,,,
447.175,-5,88.5,ND0Q,Pueblo,CO,OPEN,,,147.15,WNW,,08,197,38.0411,-105.185,447.175,442.175,88.5,,Pueblo,,Pueblo HC,CCARC,2015-04-15,Off-Air,,,Pueblo Ham Club,Wide area: Southeast Colorado.,,,,,,,,,,,,11,,,,,,,,,,,,,,,,,,,,,,,,,,,,,,,,,,,,,,,,,,,,,,,,,,
147.34,0.6,131.8,K5DST,"Logan, Ute Lake",NM,OPEN,,,147.96,SSW,,35,15643,35.3653,-103.411,147.34,147.94,131.8,,Quay,,Big Water ARA,NMFCC,2017-07-19,On-Air,,,,,,,,,,,,,,,,,,,,,,,,,,,,,,,,,,,,,,,,,,,,,,,,,,,,,,,,,,,,,,,,,,
147.105,0.6,107.2,WA0DE,Simla,CO,OPEN,,,148.96,NNW,,08,12167,39.2267,-104.09,147.105,147.705,107.2,107.2,Elbert,,ARES of Douglas and Elbert Counties,CCARC,2017-07-19,On-Air,,,http://www.w0cra.org/,"I-70, E. Arapahoe, Elbert, Lincoln Counties",,,,,,,,"Full-time to 448.42500 (W0CRA) at Larkspur, Westcreek, CO .",,,,Linked to CRA 447.150 - Conifer,,,,Colorado Repeater Association,,,,,,,,,,,,,,,,,,,,,,,,,,,,,,,,,,,,,,,,,,,,,,
449.25,-5,123,K0UPS,Cedar Point,CO,OPEN,EI,,150.04,NNW,Node Offline,08,9583,39.3703,-103.801,449.25,444.25,123,123,Elbert,,K0UPS Club c/o N1UPS,CCARC,2014-09-02,On-Air,3349,3349,,"I-70 Limon, Co area.",** [StarStar] Prefix for Echolink Node.,,,,"K0UPS Buster Brown Radio Club. North West of Limon, Colorado.",,,,,,,Full duplex node.,,,,,,,,,,,,,,,,,,,,,,,,,,,,,,,,,,,,,,,,,,,,,,,,,,
444.4,5,100,N7JNI,Wagon Mound,NM,OPEN,,,150.92,SW,,35,181,36.0089,-104.706,444.4,449.4,100,,Mora,,Mora ARC,NMFCC,2017-10-24,Off-Air,,,,,,,,,,,,,,,,,,,,,,,,,,,,,,,,,,,,,,,,,,,,,,,,,,,,,,,,,,,,,,,,,,
447.2,-5,151.4,,Falcon,CO,OPEN,,Y,151.13,NW,,08,13790,38.933,-104.609,447.2,442.2,,,El Paso,,GGARC,,2015-11-11,Testing,,,,"Falcon, Black Forest, Peyton Areas",,,,,,,,,,,,,yes,Open ↑ / Open ↓,,Garden of the Gods Amateur Radio Club,,,,,,,,,,,,,,,,,,,,,,,,,,,,,,,,,,,,,,,,,,,,,,
146.13125,-0.6,CC,KD5ROK,"Borger, NW Well Field",TX,OPEN,,D,151.43,SSE,,48,11215,35.4678,-101.348,146.13125,"a The downlink frequency has been calculated based on the band plan. If the frequency is incorrect, please update the downlink record.",,,Hutchinson,,,,2017-09-24,On-Air,,,,45,,yes,14,,,,,,,314848,,TS1 AMA-WIRES-X,,,,Brandmister,,,,,,,,"Open Talkgroup View Assignment TS TG Access Amarillo WIRES-X 1 31485 Full-Time Local/Cluster 2 2 Full-Time Texas 2 3148 Full-Time function myFunction(id) { var x = document.getElementById(id); if (x.className.indexOf(""w3-show"") == -1) { x.className += "" w3-show""; } else { x.className = x.className.replace("" w3-show"", """"); } }",,,,,,2,,2,,,,,1,,,,,,,,,,,,,,,,,,,,,,,,,
146.85,-0.6,156.7,AD0TP,Colorado Springs,CO,OPEN,,,152.26,NW,,08,42,38.8381,-104.821,146.85,146.25,156.7,103.5,El Paso,,AD0TP,CCARC,2019-02-17,On-Air,,,http://www.v7arc.com/,,,,,,Please email with comments/signal reports,,,,,,,,,,,Village 7 Amateur Radio Club,,,,,,,,,,,,,,,,,,,,,,,,,,,,,,,,,,,,,,,,,,,,,,
145.265,-0.6,100,KB0SRJ,"Colorado Springs, ~2 mi ENE USAFA North Gate",CO,OPEN,,Y,153.08,NW,,08,39,38.7,-104.9,145.265,144.665,,,El Paso,,Pikes Peak FM Association (http://PPFMA.ORG),CCARC,2019-03-07,On-Air,,,PPFMA Repeaters,Local. Good coverage of I25 corridor from Baptist Rd south to Fort Carson.,,,,,,,,,,,,,yes,Open ↑ / Open ↓,,,,,,,,,,,,,,,,,,,,,,,,,,,,,,,,,,,,,,,,,,,,,,,,
145.385,-0.6,,KC0CVU,"Colorado Springs, Cheyenne Mountain",CO,OPEN,,S,153.21,NW,,08,8088,38.7445,-104.862,145.375,144.77,,,El Paso,,Cheyenne Mountain Repeater Group (CMRG),CCARC,2018-07-15,Off-Air,,,http://www.cmrg.org,wide area,,,,,Repeater off air for now.,,,,,,,,,,,,,,yes,KC0CVU (C) Repeater,jfindu lookup / dstar-users lookup,,,,,,,,,,,,,,,,,,,,,,,,,,,,,,,,,,,,,,,,,
446.9125,-5,,KC0CVU,"Colorado Springs, Cheyenne Mountain",CO,OPEN,,S,153.23,NW,,08,8087,38.7451,-104.862,446.9125,441.9125,,,El Paso,,Cheyenne Mountain Repeater Group (CMRG),,2019-01-08,Off-Air,,,,,,,,,This DStar repeater is up but not truly functional. It serves as a local repeater presently as it is not connected to the internet for now.,,,,,,,,,,,,,,yes,KC0CVU (B) Repeater,jfindu lookup / dstar-users lookup,,,,,,,,,,,,,,,,,,,,,,,,,,,,,,,,,,,,,,,,,
927.85,-25,D114,KC0CVU,"Colorado Springs, Cheyenne Mountain",CO,OPEN,,,153.23,NW,,08,7171,38.745,-104.862,927.85,902.85,D114,,Teller,,CMRG,CCARC,2017-03-09,On-Air,,,http://www.cmrg.org,,,,,,,,,"Full-time to 147.34500 (KC0CVU) at Colorado Springs, Cheyenne Mountain, CO . Full-time to 448.10000 (KC0CVU) at Colorado Springs, Cheyenne Mountain, CO .",,,,9,,,,,,,,,,,,,,,,,,,,,,,,,,,,,,,,,,,,,,,,,,,,,,,,,,
445.0625,-5,CC,N0SZ,"Colorado Springs, Cheyenne Mountain",CO,OPEN,,D,153.23,NW,,08,12355,38.7451,-104.862,445.0625,440.0625,,,El Paso,,Rocky Mountain Ham Radio,CCARC,2019-02-10,On-Air,,,,,,yes,1,,"This machine sits atop Cheyenne Mountain overlooking Colorado Springs and Pueblo. The talkgroups that are setup on this system are the Fun Machine Analog transcoded and statically linked on TS1 as TG310815. At this time TS2 will carry TG3108 statically and the following are all PTTable with a 15 minute activity timeout (310,31079,31080,31082,31083,31084,31085,31086,31088,311,312,31200,31203,313,31327,314,3140,31400,31408, 3148,315,31563,316,31600,31601,31602,31603,31604,31605,31606,31607,31608,31609,31623,31648,31652,317,318,319,3740,91,9112,93). No other TGs are PTTable from this system unless they are enabled. If you have a specific TG that would would like added to TS2 as a PTT TG please let me know and I will consider adding it.",,,,,310857,,Rocky Mountain Ham Radio Brandmeister Sites,,,,N0SZ Colorado Springs Brandmeister,,,,,,,,"Open Talkgroup View Assignment TS TG Access TAC 310 2 310 PTT TAC 311 2 311 PTT Colorado 2 3108 Full-Time Colorado Chat 2 31080 PTT function myFunction(id) { var x = document.getElementById(id); if (x.className.indexOf(""w3-show"") == -1) { x.className += "" w3-show""; } else { x.className = x.className.replace("" w3-show"", """"); } }",,,,2,,,,,,,,,,2,2,2,,,,,,,,,,,,,,,,,,,,,,
53.13,-1.7,107.2,WA6IFI,"Colorado Springs, Cheyenne Mountain",CO,OPEN,,,153.23,NW,,08,8158,38.745,-104.862,53.13,51.43,107.2,107.2,El Paso,,Cheyenne Mountain Repeater Group (CMRG),CCARC,2017-03-09,On-Air,,,http://www.cmrg.org,,,,,,,,,,,,,,,,,,,,,,,,,,,,,,,,,,,,,,,,,,,,,,,,,,,,,,,,,,,,,,,
145.13,-0.6,88.5,KB0VJJ,"Colorado Springs, Cheyenne Mountain",CO,OPEN,,,153.24,NW,,08,37,38.7452,-104.862,145.13,144.53,88.5,123,El Paso,,Colorado Connection,CCARC,2016-04-03,On-Air,,,,Wide area: South toward Pueblo and north to Monument. Decent coverage to the east. Little coverage to the west.,,,,,Linked into the Colorado Connection System,,,Full-time to the Colorado Connection System .,Colorado Traffic Net: Daily at 19:00. Colorado Connection Net (all welcome): Thu at 20:00. Statewide ARES: Sun at 20:00. Colorado Preparedness Net: Sat at 09:30,,,9,,,,,,,,,,Listen Live,,,,,,,,,,,,,,,,,,,,,,,,,,,,,,,,,,,,,,,,
147.345,0.6,107.2,KC0CVU,"Colorado Springs, Cheyenne Mountain",CO,OPEN,I,,153.69,NW,,08,47,38.7372,-104.88,147.345,147.945,107.2,107.2,El Paso,,,CCARC,2018-01-15,On-Air,,3854,http://www.cmrg.org/,Wide area.,,,,,,,,"Full-time to 927.85000 (KC0CVU) at Colorado Springs, Cheyenne Mountain, CO . Full-time to the Cheyenne Mtn Repeater Group System .",,,,"Closed autopatch, e-power.",,,,,,,,,,,,,,,,,,,,,,,,,,,,,,,,,,,,,,,,,,,,,,,,,,
145.16,-0.6,107.2,W0CRA,"Colorado Springs, Cheyenne Mountain",CO,OPEN,EI,,153.69,NW,ON - IDLE,08,38,38.7372,-104.88,145.16,144.56,107.2,107.2,El Paso,,Colorado Repeater Association,CCARC,2017-11-13,On-Air,347086,3990,http://www.w0cra.org/info/cosprgs.html#145160,"Wide area: Colorado Springs, Pueblo, and other areas of southeast and south central Colorado.",,,,,Switch to this repeater at mile marker 170 on I-25.,,,"Full-time to 145.46000 (W0CRA) at Boulder, Eldorado Mountain, CO . Full-time to 147.22500 (W0CRA) at Larkspur, Westcreek, CO .",,,,"Closed autopatch, e-power.",,,,CRA VHF Link System,,,,,,,,,,,,,,,,,,,,,,,,,,,,,,,,,,,,,,,,,,,,,,
147.04,0.6,141.3,NM5EM,"Eagle Nest, Touch Me Not",NM,OPEN,,,153.71,WSW,,35,15635,36.578,-105.198,147.04,147.64,141.3,,Colfax,,NMEMA ARC,NMFCC,2017-01-24,On-Air,,,,,,,,,,,,,,,,,,,,,,,,,,,,,,,,,,,,,,,,,,,,,,,,,,,,,,,,,,,,,,,,,,
146.76,-0.6,107.2,KC0CVU,"Colorado Springs, Cheyenne Mountain",CO,OPEN,,,153.74,NW,,08,41,38.7372,-104.881,146.76,146.16,107.2,107.2,El Paso,,Cheyenne Mountain Repeater Group,CCARC,2018-01-15,On-Air,,,,,,,,,,,,,,,,"Closed autopatch, e-power.",,,,,,,,,,,,,,,,,,,,,,,,,,,,,,,,,,,,,,,,,,,,,,,,,,
448,-5,107.2,KC0CVU,"Colorado Springs, Cheyenne Mountain",CO,OPEN,,,153.74,NW,,08,269,38.7372,-104.881,448,443,107.2,,El Paso,,,CCARC,2018-01-15,On-Air,,,CMRG Repeaters,,,,,,,,,,,,,,,,,,,,,,,,,,,,,,,,,,,,,,,,,,,,,,,,,,,,,,,,,,,,,,,
448.1,-5,107.2,KC0CVU,"Colorado Springs, Cheyenne Mountain",CO,OPEN,,,153.74,NW,,08,53,38.7372,-104.881,448.1,443.1,107.2,107.2,El Paso,,,CCARC,2018-01-15,On-Air,,,CMRG Repeaters,Wide area.,,,,,,,,"Full-time to 927.85000 (KC0CVU) at Colorado Springs, Cheyenne Mountain, CO .",,,,"Closed autopatch, e-power.",,,,,,,,,,,,,,,,,,,,,,,,,,,,,,,,,,,,,,,,,,,,,,,,,,
448.725,-5,123,KA0TTF,"Colorado Springs, Fillmore Hill",CO,OPEN,,,154.16,NW,,08,56,38.78,-104.85,448.725,443.725,123,,El Paso,,KA0TTF,CCARC,2016-04-19,On-Air,,,,,,,,,,,,,,,,,,,,,,,,,,,,,,,,,,,,,,,,,,,,,,,,,,,,,,,,,,,,,,,,,,
147.135,0.6,100,AA0L,Colorado Springs,CO,OPEN,,,154.59,NW,,08,8176,38.8397,-104.8,147.135,147.735,100,,El Paso,,AA0L,CCARC,2016-04-08,On-Air,,,,,,,,,,,,,,,,6,,,,,,,,,,,,,,,,,,,,,,,,,,,,,,,,,,,,,,,,,,,,,,,,,,
444.5,5,141.3,K0ECT,Jetmore,KS,OPEN,,,154.88,E,,20,4107,38.0533,-99.8996,444.5,449.5,141.3,141.3,Hodgeman,,SKECT,Kansas Repeater Council,2019-03-08,On-Air,,,http://skect.org/default.aspx,,,,,,,,,Full-time to the SKECT System .,,,,E-power,,,,,,,,,,,,,,,,,,,,,,,,,,,,,,,,,,,,,,,,,,,,,,,,,,
145.25,-0.6,123,KF5PFO,"Red River, Valle Vidal",NM,OPEN,,,155.21,WSW,,35,15618,36.76,-105.31,145.25,144.65,123,,Taos,,Taos ARC,NMFCC,2017-08-27,On-Air,,,Taos Amateur Radio Club,,,,,,,,,,,,,,,,,,,,,,,,,,,,,,,,,,,,,,,,,,,,,,,,,,,,,,,,,,,,,,,
449.575,-5,,,Colorado Springs,CO,CLOSED,,,155.22,NW,,08,8211,38.8339,-104.821,449.575,444.575,,,El Paso,,RMHARC,CCARC,2016-08-10,On-Air,,,,,,,,,,,,,,,,,,,,,,,,,,,,,,,,,,,,,,,,,,,,,,,,,,,,,,,,,,,,,,,,,,
448.3,-5,100,AA0L,Colorado Springs,CO,OPEN,,,155.22,NW,,08,8200,38.8339,-104.821,448.3,443.3,100,,El Paso,,AA0L,CCARC,2016-08-10,On-Air,,,,,,,,,,,,,,,,,,,,,,,,,,,,,,,,,,,,,,,,,,,,,,,,,,,,,,,,,,,,,,,,,,
447.35,-5,151.4,K0IRP,Colorado Springs,CO,OPEN,,,155.22,NW,,08,50,38.8339,-104.821,447.35,442.35,151.4,,El Paso,,GGARC,CCARC,2015-03-04,On-Air,,,,,,,,,,,,,,,,E-power.,,,,,,,,,,,,,,,,,,,,,,,,,,,,,,,,,,,,,,,,,,,,,,,,,,
224.06,-1.6,,KB0SRJ,Colorado Springs,CO,CLOSED,,,155.22,NW,,08,8182,38.8339,-104.821,224.06,222.46,,,El Paso,Unknown,Pikes Peak FM Association (PPFMA),CCARC,2012-11-12,,,,,Wide area.,,,,,,,,,,,,"E-power, linked.",,,,,,,,,,,,,,,,,,,,,,,,,,,,,,,,,,,,,,,,,,,,,,,,,,
447.025,-5,123,KF0WF,Colorado Springs,CO,OPEN,,,155.22,NW,,08,49,38.8339,-104.821,447.025,442.025,123,,El Paso,,Colorado Springs ARA,CCARC,2016-08-10,Off-Air,,,,,,,,,,,,,,,,"Closed autopatch, e-power, linked, remote base.",,,,,,,,,,,,,,,,,,,,,,,,,,,,,,,,,,,,,,,,,,,,,,,,,,
448.25,-5,123,N0KG,"Colorado Springs, Broadmoor Area",CO,OPEN,,,155.22,NW,,08,8198,38.8339,-104.821,448.25,443.25,123,,El Paso,,,CCARC,2018-09-25,Off-Air,,,,Colorado Springs,,,,,,,,,,,,,,,,,,,,,,,,,,,,,,,,,,,,,,,,,,,,,,,,,,,,,,,,,,,,,,
447.475,-5,107.2,NX0G,Colorado Springs,CO,OPEN,,,155.22,NW,,08,51,38.8339,-104.821,447.475,442.475,107.2,,El Paso,Unknown,Mountain ARC (MARC),CCARC,2012-11-10,,,,,,,,,,,,,"Full-time to 146.68500 (NX0G) at Lake George, Badger Mountain, CO . Full-time to 146.82000 (NX0G) at Woodland Park, CO . Full-time to 448.65000 (NX0G) at Woodland Park, CO . Full-time to 147.01500 (NX0G) at Cripple Creek, CO .",MARC/PCRC: Tue at 1930.,,,"Closed autopatch, e-power.",,,,,,,,,,,,,,,,,,,,,,,,,,,,,,,,,,,,,,,,,,,,,,,,,,
448.6,-5,114.8,W0MOG,Colorado Springs,CO,OPEN,,,155.22,NW,,08,55,38.8339,-104.821,448.6,443.6,114.8,,El Paso,Unknown,W0MOG,CCARC,2012-11-10,,,,,,,,,,,,,"Full-time to 927.80000 (W0MOG) at Colorado Springs, CO .",,,,,,,,,,,,,,,,,,,,,,,,,,,,,,,,,,,,,,,,,,,,,,,,,,,,,,
927.8,-25,D116,W0MOG,Colorado Springs,CO,OPEN,,,155.22,NW,,08,3537,38.8339,-104.821,927.8,902.8,D116,,Teller,,,CCARC,2012-11-10,On-Air,,,,,,,,,,,,"Full-time to 448.60000 (W0MOG) at Colorado Springs, CO .",,,,6,,,,,,,,,,,,,,,,,,,,,,,,,,,,,,,,,,,,,,,,,,,,,,,,,,
447.55,-5,123,WA6IFI,Colorado Springs,CO,OPEN,,,155.22,NW,,08,8191,38.8339,-104.821,447.55,442.55,123,,El Paso,,WA6IFI,CCARC,2015-11-13,On-Air,,,,,,,,,,,,,,,,,,,,,,,,,,,,,,,,,,,,,,,,,,,,,,,,,,,,,,,,,,,,,,,,,,
147.27,0.6,,,Colorado Springs,CO,OPEN,,,155.4,NW,,08,46,38.8381,-104.821,147.27,147.87,,,El Paso,,TRA,,2016-08-10,On-Air,,,,,,,,,,,,,,,,E-power.,,,,,,,,,,,,,,,,,,,,,,,,,,,,,,,,,,,,,,,,,,,,,,,,,,
146.91,-0.6,151.4,K0IRP,Colorado Springs,CO,OPEN,,,155.4,NW,,08,43,38.8381,-104.821,146.91,146.31,151.4,151.4,El Paso,,GGARC,CCARC,2016-08-10,On-Air,,,,,,,,,,,,,,,,E-power.,,,,,,,,,,,,,,,,,,,,,,,,,,,,,,,,,,,,,,,,,,,,,,,,,,
147.39,0.6,103.5,W0MOG,Colorado Springs,CO,OPEN,,,155.4,NW,,08,48,38.8381,-104.821,147.39,147.99,103.5,,El Paso,,W0MOG,CCARC,2016-08-10,On-Air,,,,,,,,,,,,,,,,,,,,,,,,,,,,,,,,,,,,,,,,,,,,,,,,,,,,,,,,,,,,,,,,,,
444.35,5,100,NM5ML,"Eagle Nest, Iron Mountain",NM,OPEN,,,155.8,WSW,,35,77,36.6,-105.25,444.35,449.35,100,,Colfax,,,NMFCC,2018-01-07,On-Air,,,,,,,,,11,,,Full-time to the Mega-Link System .,,,,,,,,,,,,,,,,,,,,,,,,,,,,,,,,,,,,,,,,,,,,,,,,,,,,,,
444.2,5,88.5,N5LTZ,Amarillo,TX,OPEN,,,155.85,SSE,,48,1454,35.2391,-101.847,444.2,449.2,88.5,88.5,Potter,,,TVHFS,2014-04-18,On-Air,,,,,,,,,350,,,Full-time to the Caprock Intertie System .,,,,,,,,"Randall County ARES-RACES, Caprock Intertie",,,,,,,,,,,,,,,,,,,,,,,,,,,,,,,,,,,,,,,,,,,,,,
927.1625,-25,151.4,KA3IDN,Amarillo,TX,OPEN,E,,156.2,SSE,Node Offline,48,3052,35.2418,-101.813,927.1625,902.1625,151.4,,Potter,,,TVHFS,,On-Air,361016,,,,,,,,,,,,,,,,,,,,,,,,,,,,,,,,,,,,,,,,,,,,,,,,,,,,,,,,,,,,,,,,,
447.625,-5,100,KD0MDP,"Falcon, Black Forest",CO,OPEN,EIA,,156.47,NW,ON - IDLE,08,13294,39.0437,-104.608,447.625,442.625,100,100,El Paso,,KD0MDP,,2015-06-02,On-Air,363976,7301,,,,,,,,,,Full-time to the The Fun Machine System .,,,,Linked.,,,,The Fun Machine,,28299,,,,,,,,,,,,,,,,,,,,,,,,,,,,,,,,,,,,,,,,,,,,
444.9625,5,CC,KA3IDN,Amarillo,TX,OPEN,,D,157.23,SSE,2,48,11383,35.222,-101.831,444.9625,449.9625,,,Potter,,,,2017-09-24,On-Air,,,DMR MARC,45,,yes,14,,Time Slot #1 - Group Call 3 = DMR-MARC North America Time Slot #1 - Group Call 3777215= TRBO-6 Time Slot #1 - Group Call 3148= TX Statewide Time Slot #2 - Group Call 10 = West Texas Local,,,,NorCal/West Texas Net DMR-MARC,314812,,,,,,DMR-MARC,,,,,,,NorCal,"Open Talkgroup View Assignment TS TG Access Local/Cluster 1 2 Full-Time North America 1 3 Full-Time NORCAL 1 1 621 PTT NORCAL 5150 1 5150 Full-Time COMM 1 1 3777215 2 PTT Worldwide 2 1 PTT North America 2 3 PTT Local or Reflector 2 9 Full-Time English 2 13 PTT UserActivated 1 2 113 PTT UserActivated 2 2 123 PTT TAC 310 2 310 PTT CAL 1 2 2251 PTT Texas 2 3148 Southwest USA 2 3176 Full-Time Hytera USA 2 4639 PTT Parrott 2 9998 PTT Audio Test 2 9999 PTT COMM 1 2 3777215 PTT function myFunction(id) { var x = document.getElementById(id); if (x.className.indexOf(""w3-show"") == -1) { x.className += "" w3-show""; } else { x.className = x.className.replace("" w3-show"", """"); } }",2,2,2,2,,2,2,1,,,,,,,,,1,1,2,2,2,2,2,2,2,2,,,,,,,,,,,,
441.65,5,127.3,N5LUL,Amarillo,TX,OPEN,,,157.23,SSE,,48,14702,35.222,-101.831,441.65,446.65,127.3,,Potter,,,TVHFS,2016-05-02,On-Air,,,,,,,,,,,,,,,,,,,,,,,,,,,,,,,,,,,,,,,,,,,,,,,,,,,,,,,,,,,,,,,,,,
444.3,5,,W5JTC,Amarillo,TX,OPEN,W,Y,157.23,SSE,,48,13605,35.222,-101.831,444.3,449.3,,,Potter,,,,2018-04-23,On-Air,,,,,,,,,Normally linked to Borger (147.000) and Stinnett (444.800) Repeaters.,,,"Full-time to 147.00000 (W5WDR) at Borger, TX . Full-time to 444.80000 (W5WDR) at Stinnett, TX .",Golden Spread Amateur Information Net. Tuesdays @ 6:30 PM Central,,,Linked,yes,Open ↑ / Open ↓,21379,,,,,,,,,,,,,,,,,,,,,,,,,,,,,,,,,,,,,,,,,,,,,,,
441.375,5,88.5,WR9B,Amarillo,TX,OPEN,,,157.23,SSE,,48,11328,35.222,-101.831,441.375,446.375,88.5,,Randall,,,,2014-04-12,On-Air,,,,,,,,,30,,,,,,,,,,,,,,,,,,,,,,,,,,,,,,,,,,,,,,,,,,,,,,,,,,,,,,,,,
224.72,-1.6,103.5,W0MOG,Colorado springs,CO,OPEN,,,157.25,NW,,08,15989,38.9,-104.8,224.72,223.12,103.5,103.5,El Paso,,w0mog,,2017-04-07,On-Air,,,,Local,,,,,,,,,,,,,,,,,,,,,,,,,,,,,,,,,,,,,,,,,,,,,,,,,,,,,,,,,,,,,,
146.92,-0.6,,N5LTZ,Amarillo,TX,OPEN,,,157.38,SSE,,48,534,35.22,-101.83,146.92,146.32,,,Randall,Unknown,CRII,TVHFS,,,,,,,,,,,,,,,,,,"E-power, linked.",,,,,,,,,,,,,,,,,,,,,,,,,,,,,,,,,,,,,,,,,,,,,,,,,,
443.5,5,,N5LTZ,Amarillo,TX,CLOSED,,,157.38,SSE,,48,1260,35.22,-101.83,443.5,448.5,,,Potter,Unknown,,TVHFS,,,,,,,,,,,,,,,,,,,,,,,,,,,,,,,,,,,,,,,,,,,,,,,,,,,,,,,,,,,,,,,,,,,,
146.74,-0.6,88.5,N5ZLU,Amarillo,TX,OPEN,,,157.38,SSE,,48,438,35.22,-101.83,146.74,146.14,88.5,,Randall,,,TVHFS,2019-09-22,On-Air,,,,Wide area.,,,,,,,,,,,,,,,,,,,,,,,,,,,,,,,,,,,,,,,,,,,,,,,,,,,,,,,,,,,,,,
146.9,-0.6,,W5TSV,Pampa,TX,OPEN,,,158.15,SE,,48,518,35.5083,-101.027,146.9,146.3,,,Gray,,,TVHFS,2017-08-31,On-Air,,,,Wide area. 35 mi radius.,,,,,,,,,,,,400,,,,,,,,,,,,,,,,,,,,,,,,,,,,,,,,,,,,,,,,,,,,,,,,,,
444.4,5,88.5,N5LTZ,Pampa,TX,OPEN,,,158.67,SE,,48,1500,35.5362,-100.96,444.4,449.4,88.5,,Gray,,,TVHFS,2016-05-22,On-Air,,,Caprock Intertie,,,,,,,,,,,,,Linked.,,,,Caprock Intertie,,,,,,,,,,,,,,,,,,,,,,,,,,,,,,,,,,,,,,,,,,,,,,
147.34,0.6,88.5,W5WX,Amarillo,TX,OPEN,,Y,158.71,SSE,,48,395,35.1739,-101.954,147.34,147.94,,,Randall,,Panhandle Amateur Radio Club,TVHFS,2015-08-14,On-Air,,,,,,,,,,,,,PARC Before Dark Net: Weekdays 17:30.,,,,yes,Open ↑ / Open ↓,,ARRL,,,,,,,,,,,,,,,,,,,,,,,,,,,,,,,,,,,,,,,,,,,,,,
444.475,5,88.5,W5WX,Amarillo,TX,OPEN,,Y,158.71,SSE,,48,1523,35.1739,-101.954,444.475,449.475,,,Randall,,Panhandle Amateur Radio Club,TVHFS,2018-11-12,On-Air,,,,,,,,,,,,,,,,Yaesu System Fusion WIRES X Node,yes,Open ↑ / Open ↓,,,,,,,,,,,,,,,,,,,,,,,,,,,,,,,,,,,,,,,,,,,,,,,,
447.975,-5,100,K0JSC,"Canon City, Colorado",CO,OPEN,EIA,,159.21,WNW,ON - IDLE,08,7185,38.4301,-105.232,447.975,442.975,100,100,Fremont,,K0JSC,CCARC,2017-03-11,On-Air,363976,7301,http://www.k0jsc.com,Canon City area. Repeater Coverage Map,,,,,,,,Full-time to the The Fun Machine System .,Region 2 District 2 ARES Net: Tue at 19:00. EOSS Net: Tue at 20:00. RGARC Net: Wed at 19:00. Region 5 District 1 ARES Net: Wed at 19:30. APRS Net: Sun at 19:00. Region 5 District 2 ARES Net: Sun at 19:30. Statewide ARES Net: Sun at 20:00.,,,Autopatch.,,,,,,28368,,,,Listen Live,,,,,,,,,,,,,,,,,,,,,,,,,,,,,,,,,,,,,,,,
441.25,5,,,Amarillo,TX,OPEN,E,,160,SSE,Node Offline,48,18004,35.1733,-101.863,441.25,446.25,,,Randall,,,,2019-08-11,On-Air,343516,,,,,,,,,,,,,,,,,,,,,,,,,,,,,,,,,,,,,,,,,,,,,,,,,,,,,,,,,,,,,,,,,
145.235,-0.6,CC,N0SZ,"Colorado Springs, Almagre Mountain",CO,OPEN,,D,160.04,NW,,08,17250,38.772,-104.993,145.235,144.635,,,El Paso,,RMHAM,CCARC,2018-12-23,On-Air,,,Rocky Mountain Ham Radio,Wide area,,yes,7,,Voice ID is required for data/GPS/text on TG 705,,,,,310824,,,,,,,,,,,,,,"Open Talkgroup View Assignment TS TG Access Rocky Mountain Wide 1 700 Eastern Colorado 2 705 function myFunction(id) { var x = document.getElementById(id); if (x.className.indexOf(""w3-show"") == -1) { x.className += "" w3-show""; } else { x.className = x.className.replace("" w3-show"", """"); } }",,,,,,,,,,1,,,,,,,,,,,,,,,,,2,,,,,,,,,,,
147.18,0.6,100,AA0SP,"Colorado Springs, Almagre Mountain",CO,PRIVATE,,,160.06,NW,,08,8178,38.7725,-104.993,147.18,147.78,100,,El Paso,,AA0SP,CCARC,2017-03-09,On-Air,,,,"Located on South Almagre Mountain at 12,367 feet, it provides excellent coverage of nearly all of El Paso County and points east, along with coverage extending south past Pueblo. Locations very close in to the Front Range, or in the shadow of Cheyenne Mountain are not covered well. Since this peak is shorter than Pikes Peak its coverage to the north is not as good as Pikes Peak, although there are points northeast of Colorado Springs where there is coverage.",,,,,This repeater is available for public service oriented communications with prior coordination. Contact Mike Proctor KB0IAP to coordinate its use.,,,,,,,E-power (solar).,,,,,,,,,,,,,,,,,,,,,,,,,,,,,,,,,,,,,,,,,,,,,,,,,,
446.95,-5,CC,K7PFJ,"Colorado Springs, Almagre Mountain",CO,OPEN,,D,160.07,NW,,08,5220,38.7726,-104.993,446.95,441.95,,,Teller,,Rocky Mountain Ham Radio,,2017-03-11,On-Air,,,,Monument Hill through Pueblo.,,yes,7,,,,,"Full-time to 446.98750 (N0SZ) at Boulder, Lee Hill, CO .",,,,,,,,RMHAM,,,,,,,,"Open Talkgroup View Assignment TS TG Access Rocky Mountain Wide 1 700 Southern Colorado 2 719 function myFunction(id) { var x = document.getElementById(id); if (x.className.indexOf(""w3-show"") == -1) { x.className += "" w3-show""; } else { x.className = x.className.replace("" w3-show"", """"); } }",,,,,,,,,,1,2,,,,,,,,,,,,,,,,,,,,,,,,,,,
927.725,-25.7,D114,WA6IFI,"Colorado Springs, Almagre Mountain",CO,OPEN,,,160.07,NW,,08,58,38.7726,-104.993,927.725,902.025,,,Teller,,WA6IFI,CCARC,2018-12-01,On-Air,,,Yahoo Group,"Wide area: Along I-25 from Raton Pass to Pueblo, really solid from Pueblo through Colorado Springs, to Castle Rock, Now we are linked to Centennial Cone 927.8375 &amp; Chief Mtn 927.9375 in the Denver area.",,,,,,,,,,,,12,,,,,,,,,,,,,,,,,,,,,,,,,,,,,,,,,,,,,,,,yes,293,yes,,,,,,,,
448.95,-5,,,Black Forest,CO,OPEN,,SY,160.23,NW,,08,17551,39.0485,-104.701,448.95,443.95,,,El Paso,Unknown,N0PKT,,2019-01-08,,,,http://www.k0jsc.com,This repeater covers most of Black Forest and various areas of Monument and Colorado Springs,,,,,,,,,Primarily on NXDN: All Nets carried on the K0JSC.COM Fun Machine system,,,e-power,yes,Open ↑ / Open ↓,,K0JSC,,,yes,(B) Repeater,jfindu lookup / dstar-users lookup,,,,,,,,,,,,,,,,,,,,,,,,,,,,,,,,,,yes,1,6.25,yes,,,,
444.75,5,162.2,NV8Q,"Colby, K-Link",KS,OPEN,,,160.23,NNE,,20,8689,39.4012,-101.101,444.75,449.75,162.2,162.2,Thomas,Unknown,,Kansas Repeater Council,2018-10-15,,,,K-Link Repeater Network,Wide area. Click for coverage map. 50 mi radius.,,,,,"Repeater is intermittently off-air, and the Allstar node is down.",,,,,,,Linked to K-Link Repeater Network E-power (batt) Allstar 46010,,,,K-Link Repeater Network,,,,,,,,,,,,,,,,,,,,,,,,,,,,,,,,,,,,,,,,,,,,,,
146.82,-0.6,156.7,NW0K,Colby,KS,OPEN,I,,160.41,NNE,,20,3889,39.3915,-101.074,146.82,146.22,156.7,156.7,Thomas,,TARC,Kansas Repeater Council,2019-05-06,On-Air,,7552,,Local,,,,,,,,,,,,"Closed autopatch, e-power.",,,,,,,,,,,,,,,,,,,,,,,,,,,,,,,,,,,,,,,,,,,,,,,,,,
147.2,0.6,67,NM5ML,"Wagon Mound, Turkey Mountain",NM,OPEN,,,160.42,SW,,35,11289,35.9843,-104.901,147.2,147.8,67,,Mora,,,,2017-01-24,On-Air,,,http://nm5ml.com/,,,,,,,,,Full-time to the Mega-Link System .,,,,8,,,,,,,,,,,,,,,,,,,,,,,,,,,,,,,,,,,,,,,,,,,,,,,,,,
145.37,-0.6,141.3,NM5EM,"Wagon Mound, Turkey Mtn",NM,OPEN,,,160.43,SW,,35,15621,35.984,-104.901,145.37,144.77,141.3,,Mora,,NMEMA ARC,NMFCC,2017-10-26,Off-Air,,,,,,,,,,,,,,,,,,,,,,,,,,,,,,,,,,,,,,,,,,,,,,,,,,,,,,,,,,,,,,,,,,
147.34,0.6,100,N5LEM,"Angel Fire, Agua Fria Peak",NM,OPEN,,,160.71,WSW,,35,41,36.36,-105.21,147.34,147.94,100,,Colfax,,Taos ARC,NMFCC,2017-08-27,On-Air,,,Taos Amateur Radio Club,Wide area.,,,,,,,,,,,,E-power.,,,,,,,,,,,,,,,,,,,,,,,,,,,,,,,,,,,,,,,,,,,,,,,,,,
443.75,5,,N5LTZ,Canadian,TX,CLOSED,,,161.19,SE,,48,1334,35.9128,-100.382,443.75,448.75,,,Hemphill,Unknown,,TVHFS,,,,,,,,,,,,,,,,,,,,,,,,,,,,,,,,,,,,,,,,,,,,,,,,,,,,,,,,,,,,,,,,,,,,
444.85,5,88.5,N5LTZ,Miami,TX,OPEN,,,161.56,SE,,48,84,35.6914,-100.638,444.85,449.85,88.5,,Roberts,,,TVHFS,2016-03-13,On-Air,,,,,,,,,,,,,,,,Linked.,,,,,,,,,,,,,,,,,,,,,,,,,,,,,,,,,,,,,,,,,,,,,,,,,,
927.7,-25,D114,KB0TUC,"Canon City, Fremont Peak",CO,OPEN,,,162.55,WNW,,08,278,38.4539,-105.286,927.7,902.7,D114,D114,Fremont,,Royal Gorge ARC,CCARC,2017-03-11,On-Air,,,,,,,,,,,,,,,,,,,,,,,,,,,,,,,,,,,,,,,,,,,,,,,,,,,,,,,,,,,,,,,,,,
446.7375,-5,CC,K0JSC,"Canon City, Fremont Peak",CO,OPEN,,D,162.76,WNW,,08,7184,38.4542,-105.29,446.7375,441.7375,,,Fremont,,,CCARC,2017-03-11,On-Air,,,http://www.k0jsc.com,Fremont county and state wide on Talk Slot 2. 40 mi radius. Repeater Coverage Map,,yes,7,,Talk Slot 2 linked to the RMHAM trbo system/Talk Slot 1 Local.,,DM78ii,Full-time to the Colorado TRBO System .,,,,IPSC Link to the Colorado network on Talk Slot 2.,,,,Rocky Mountain Ham Radio,,,,,,,,"Open Talkgroup View Assignment TS TG Access Rocky Mountain Wide 1 700 Southern Colorado 2 719 function myFunction(id) { var x = document.getElementById(id); if (x.className.indexOf(""w3-show"") == -1) { x.className += "" w3-show""; } else { x.className = x.className.replace("" w3-show"", """"); } }",,,,,,,,,,1,2,,,,,,,,,,,,,,,,,,,,,,,,yes,,,
447.25,-5,100,K0JSC,"Canon City, Fremont Peak",CO,OPEN,EIA,,162.76,WNW,ON - IDLE,08,8879,38.4542,-105.29,447.25,442.25,100,100,Fremont,,,CCARC,2013-01-27,On-Air,363976,7301,K0JSC dot Com,Wide from Custer County to Park County and Chaffee County to Pueblo County. Repeater Coverage Map,,,,,,,DM78ik,Full-time to the The Fun Machine System .,Region 2 District 2 ARES Net: Tue at 19:00. EOSS Net: Tue at 20:00. RGARC Net: Wed at 19:00. Region 5 District 1 ARES Net: Wed at 19:30. APRS Net: Sun at 19:00. Region 5 District 2 ARES Net: Sun at 19:30. Statewide ARES Net: Sun at 20:00.,,,,,,,,,28368,,,,Listen Live,,,,,,,,,,,,,,,,,,,,,,,,,,,,,,,,,,,,,yes,,,
53.03,-1.7,88.5,WB0WDF,"Canon City, Fremont Peak",CO,OPEN,,,162.76,WNW,,08,29,38.4542,-105.29,53.03,51.33,88.5,88.5,Fremont,,WB0WDF,CCARC,2012-07-10,On-Air,,,Http://www.qsl.net/rghc,,,,,,Split site Fremont peak transmitter and 8 mile mountain reciever.,,,,,,,"E-power (Bat). Split Site; TX Fremont Peak, RX 8 Mile Mountain",,,,RGARC,,,,,,,,,,,,,,,,,,,,,,,,,,,,,,,,,,,,,,,,,,,,,,
145.49,-0.6,103.5,WD0EKR,"Canon City, Fremont Peak",CO,OPEN,,,162.76,WNW,,08,30,38.4542,-105.29,145.49,144.89,103.5,103.5,Fremont,,Royal Gorge Amateur Radio Club,CCARC,2017-03-11,On-Air,,,Royal Gorge Amateur Radio Club,,,,,,,,DM78ik,,RGARC Net: Wed at 19:00. ARES Net: Wed at 19:30.,,,E-power (Bat),,,,Colorado ARES Region 5 District 1,,,,,,,,,,,,,,,,,,,,,,,,,,,,,,,,,,,,,,,,,,,yes,,,
223.96,-1.6,103.5,WD0EKR,"Canon City, Fremont Peak",CO,OPEN,,,162.76,WNW,,08,31,38.4542,-105.29,223.96,222.36,103.5,103.5,Fremont,,RGARC,CCARC,2017-10-04,On-Air,,,,Wide area. Repeater Coverage Map,,,,,,,,,,,,"E-power (Bat), Remote Base",,,,,,,,,,,,,,,,,,,,,,,,,,,,,,,,,,,,,,,,,,,,,,,yes,,,
447.75,-5,103.5,WD0EKR,"Canon City, Fremont Peak",CO,OPEN,I,,162.76,WNW,,08,32,38.4542,-105.29,447.75,442.75,103.5,103.5,Fremont,,RGARC,CCARC,2017-03-11,On-Air,,3081,Royal Gorge Amateur Radio Club,,,,,,,,,,,,,E-power (Bat),,,,,,,,,,,,,,,,,,,,,,,,,,,,,,,,,,,,,,,,,,,,,,,yes,,,
448.8,-5,100,KB0SRJ,"Colorado Springs, ~2 mi ENE USAFA North Gate",CO,OPEN,,,163.17,NW,,08,57,39.0302,-104.799,448.8,443.8,100,,El Paso,,Pikes Peak FM Association (http://PPFMA.ORG),CCARC,2019-09-24,On-Air,,,PPFMA Repeaters,I-25 corridor from Baptist Rd south to Fort Carson,,,,,,,,,,,,,,,,,,,,,,,,,,,,,,,,,,,,,,,,,,,,,,,,,,,,,,,,,,,,,,
147.06,0.6,77,KB0TUC,Westcliffe,CO,OPEN,,,163.6,WNW,,08,7189,38.1347,-105.465,147.06,147.66,77,77,Custer,,http://www.qsl.net/rghc,CCARC,2019-08-16,On-Air,,,,,,,,,,,,,,,,E-power,,,,,,,,,,,,,,,,,,,,,,,,,,,,,,,,,,,,,,,,,,,,,,,,,,
448.15,-5,103.5,KB0TUC,Westcliffe,CO,OPEN,,,163.6,WNW,,08,248,38.1347,-105.465,448.15,443.15,103.5,103.5,Custer,,Royal George ARC,CCARC,2017-03-11,On-Air,,,http://www.qsl.net/rghc,,,,,,,,,,,,,E-power.,,,,,,,,,,,,,,,,,,,,,,,,,,,,,,,,,,,,,,,,,,,,,,,,,,
927.775,-25,D116,KB0TUC,Westcliffe,CO,OPEN,,,163.6,WNW,,08,7192,38.1347,-105.465,927.775,902.775,D116,D116,Custer,,Royal Gorge Amateur Radio Club,CCARC,2012-06-14,On-Air,,,,,,,,,System uses digital PL,,,,,,,,,,,,,,,,,,,,,,,,,,,,,,,,,,,,,,,,,,,,,,,,,,,,,,,,,
448.325,-5,100,K0JSC,Westcliffe,CO,OPEN,,,163.65,WNW,,08,15584,38.1347,-105.466,448.325,443.325,100,100,Custer,,,,2017-01-06,On-Air,,,,,,,,,,,,Full-time to the The Fun Machine System .,,,,,,,,The Fun Machine,,,,,,,,,,,,,,,,,,,,,,,,,,,,,,,,,,,,,,,,,,,,,,
919.1,-25,88.5,ND0Q,"Westcliffe, Deer Peak",CO,OPEN,,,163.65,WNW,,08,8218,38.1347,-105.466,919.1,894.1,88.5,CSQ,Pueblo,,Pueblo HC,CCARC,2016-07-14,Off-Air,,,,Wide area.,,,,,,,,,,,,,,,,,,,,,,,,,,,,,,,,,,,,,,,,,,,,,,,,,,,,,,,,,,,,,,
146.97,-0.6,100,KB0SRJ,"Colorado Springs, Pikes Peak",CO,OPEN,,,164.84,NW,,08,44,38.84,-105.04,146.97,146.37,100,,El Paso,,Pikes Peak FM Assoc,CCARC,2019-08-16,On-Air,,,PPFMA Repeaters,"Wide area. line-of-sight coverage to pretty much the entire prairie of Colorado, from the mountains eastward to Kansas, with signal as far as New Mexico and Wyoming depending on where you are.",,,,,,25,,"Linkable to 448.45000 (KB0SRJ) at Colorado Springs, Pikes Peak, CO .",listed on http://ppfma.org,,,e-power.,,,,,,,,,,,,,,,,,,,,,,,,,,,,,,,,,,,,,,,,,,,,,,,,,,
448.45,-5,100,KB0SRJ,"Colorado Springs, Pikes Peak",CO,OPEN,,,164.84,NW,,08,54,38.84,-105.04,448.45,443.45,100,,El Paso,,Pikes Pk FM Assoc,CCARC,2019-03-07,On-Air,,,PPFMA Repeaters,"Wide area. line-of-sight coverage to pretty much the entire prairie of Colorado, from the mountains eastward to Kansas, with signal as far as New Mexico and Wyoming depending on where you are.",,,,,,25,,"Linkable to 146.97000 (KB0SRJ) at Colorado Springs, Pikes Peak, CO .",see http://www.ppfma.org,,,E-power.,,,,,,,,,,,,,,,,,,,,,,,,,,,,,,,,,,,,,,,,,,,,,,,,,,
444.975,5,123,N5TSV,"Taos, Wheeler Peak",NM,OPEN,,,165.47,WSW,,35,183,36.5567,-105.416,444.975,449.975,123,,Taos,,N5TSV,NMFCC,2017-02-13,On-Air,,,,,,,,,,,,,,,,,,,,,,,,,,,,,,,,,,,,,,,,,,,,,,,,,,,,,,,,,,,,,,,,,,
443.575,5,162.2,K0HAM,"Ransom, K-Link",KS,OPEN,,,165.94,E,,20,4075,38.631,-99.99,443.575,448.575,162.2,162.2,Ness,,N7JYS,Kansas Repeater Council,2019-08-02,On-Air,,,K-Link Repeater Network,Click for coverage map. 40 mi radius.,,,,,,,,"Full-time to 442.45000 (N7JYS) at Hays, K-Link, KS . Full-time to the K-Link System .",K-Link: Saturdays 21:00 local,,,,,,,K-Link Repeater Network,,,,,,Listen Live,,,,,,,,,,,,,,,,,,,,,,,,,,,,,,,,,,,,,,,,
147.14,0.6,67,NM5ML,"Taos, Ski Valley",NM,OPEN,,,165.95,WSW,,35,11288,36.5978,-105.445,147.14,147.74,67,,Taos,,,,2017-07-25,On-Air,,,http://www.taosarc.com/,,,,,,,,,Full-time to the Mega-Link System .,,,,11,,,,TaosARC,,,,,,,,,,,,,,,,,,,,,,,,,,,,,,,,,,,,,,,,,,,,,,
146.88,-0.6,,WA5EMA,Tucumcari,NM,OPEN,,,166.45,SSW,,35,176,35.1717,-103.724,146.88,146.28,,,Quay,,WA5EMA,NMFCC,2017-08-25,On-Air,,,,,,,,,,,,,,,,,,,,,,,,,,,,,,,,,,,,,,,,,,,,,,,,,,,,,,,,,,,,,,,,,,
224.98,-1.6,,WA5EMA,Tucumcari,NM,OPEN,,,166.45,SSW,,35,178,35.1717,-103.724,224.98,223.38,,,Quay,Unknown,WA5EMA,NMFCC,,,,,,,,,,,,,,,,,,,,,,,,,,,,,,,,,,,,,,,,,,,,,,,,,,,,,,,,,,,,,,,,,,,,
443.75,5,,WA5EMA,Tucumcari,NM,OPEN,E,,166.45,SSW,Node Offline,35,179,35.1717,-103.724,443.75,448.75,,,Quay,,WA5EMA,NMFCC,2014-09-06,On-Air,406798,,,Local coverage in town.,,,,,EchoLink active during daytime hours.,,,,,,,,,,,,,,,,,,,,,,,,,,,,,,,,,,,,,,,,,,,,,,,,,,,,,,,,,
147.015,0.6,107.2,NX0G,Cripple Creek,CO,OPEN,,,167.32,NW,,08,65,38.7466,-105.178,147.015,147.615,107.2,,Teller,,Mountain ARC,CCARC,2016-11-17,On-Air,,,,,,,,,,,,"Full-time to 146.68500 (NX0G) at Lake George, Badger Mountain, CO . Full-time to 146.82000 (NX0G) at Woodland Park, CO . Full-time to 448.65000 (NX0G) at Woodland Park, CO . Full-time to 447.47500 (NX0G) at Colorado Springs, CO .",MARC/PCRC: Tue at 19:30.,,,E-power.,,,,,,,,,,,,,,,,,,,,,,,,,,,,,,,,,,,,,,,,,,,,,,,,,,
145.46,-0.6,67,WB0WDF,Cripple Creek,CO,OPEN,,,167.32,NW,,08,64,38.7466,-105.178,145.46,144.86,67,,Teller,,WB0WDF,CCARC,2012-06-15,On-Air,,,,,,,,,,,,,,,,"E-power, 100% Solar",,,,RGARC,,,,,,,,,,,,,,,,,,,,,,,,,,,,,,,,,,,,,,,,,,,,,,
224.94,-1.6,67,WB0WDF,Cripple Creek,CO,OPEN,,,167.32,NW,,08,7203,38.7466,-105.178,224.94,223.34,67,,Teller,,,CCARC,2012-06-18,Testing,,,,,,,,,,,,,,,,,,,,,,,,,,,,,,,,,,,,,,,,,,,,,,,,,,,,,,,,,,,,,,,,,,
1287.7,-20,67,WB0WDF,Cripple Creek,CO,OPEN,,,167.32,NW,,08,67,38.7466,-105.178,1287.7,1267.7,67,,Teller,,WB0WDF,CCARC,2012-06-18,Testing,,,,,,,,,Testing in Canon City,,,,,,,,,,,,,,,,,,,,,,,,,,,,,,,,,,,,,,,,,,,,,,,,,,,,,,,,,
447.4,-5,67,WB0WDF,Cripple Creek,CO,OPEN,,,167.33,NW,,08,66,38.7467,-105.178,447.4,442.4,67,,Teller,,WB0WDF,CCARC,2012-06-15,On-Air,,,,,,,,,,,,,,,,"E-power, Solar, Remote Base",,,,,,,,,,,,,,,,,,,,,,,,,,,,,,,,,,,,,,,,,,,,,,,,,,
145.39,-0.6,100,KF5PFO,"Red River, Molycorp",NM,OPEN,,,167.38,WSW,,35,137,36.693,-105.514,145.39,144.79,100,,Taos,,Taos ARC,NMFCC,2017-09-01,On-Air,,,Taos Amateur Radio Club,Wide area.,,,,,,,,,,,,"E-power, linked.",,,,,,,,,,,,,,,,,,,,,,,,,,,,,,,,,,,,,,,,,,,,,,,,,,
145.11,-0.6,88.5,KA5KQH,Miami,TX,OPEN,,,168.16,SE,,48,217,35.6295,-100.547,145.11,144.51,88.5,,Roberts,Unknown,,TVHFS,,,,,,,,,,,,,,,,,,400,,,,,,,,,,,,,,,,,,,,,,,,,,,,,,,,,,,,,,,,,,,,,,,,,,
449,-5,67,WB0WDF,"Canon City, eightmile Mountain",CO,OPEN,,,168.19,WNW,,08,33,38.5386,-105.349,449,444,67,67,Fremont,,WB0WDF,CCARC,2012-06-14,On-Air,,,Mega Link,,,,,,North of the Royal Gorge Bridge.,,,Full-time to the Mega-Link System .,,,,"E-power (Solar, Wind)",,,,,,,,,,,,,,,,,,,,,,,,,,,,,,,,,,,,,,,,,,,,,,,,,,
147.22,0.6,100,NM5ML,"Tucumcari, Tucumcari Mountain",NM,OPEN,,,168.36,SSW,,35,177,35.1342,-103.699,147.22,147.82,100,,Quay,,Mega-Link Rptr System,NMFCC,2018-01-07,On-Air,,,,Wide area.,,,,,,,,Full-time to the Mega-Link System .,,,,4,,,,,,,,,,,,,,,,,,,,,,,,,,,,,,,,,,,,,,,,,,,,,,,,,,
447.725,-5,100,K0NR,"Monument, Monument Hill",CO,OPEN,,,168.94,NW,,08,183,39.0917,-104.872,447.725,442.725,100,100,El Paso,,K0NR,CCARC,2016-12-10,On-Air,,,http://www.k0nr.com/wordpress/k0nr-repeater/,Local.,,,,,,,,,,,,30,,,,,,,,,,,,,,,,,,,,,,,,,,,,,,,,,,,,,,,,,,,,,,,,,,
52.81,-1.7,131.8,W5HFZ,Buffalo,OK,OPEN,,,169.07,SE,,40,4351,36.8356,-99.6304,52.81,51.11,131.8,,Harper,Unknown,Great Bison Amateur Radio Group (GBARG),ORSI,2009-08-21,,,,,,,,,,,,,,,,,,,,,,,,,,,,,,,,,,,,,,,,,,,,,,,,,,,,,,,,,,,,,,,,,,,
442.075,5,131.8,W5HFZ,Buffalo,OK,OPEN,,,169.18,SE,,40,4354,36.8406,-99.6268,442.075,447.075,131.8,,Harper,Unknown,GBARG,ORSI,2010-09-11,,,,,,,,,,,,,,,,,,,,,,,,,,,,,,,,,,,,,,,,,,,,,,,,,,,,,,,,,,,,,,,,,,,
145.13,-0.6,131.8,W5HFZ,Buffalo,OK,OPEN,,,169.19,SE,,40,4352,36.83,-99.63,145.13,144.53,131.8,,Harper,Unknown,GBARG,ORSI,2009-05-31,,,,,,,,,,,,,,,,,WX.,,,,,,,,,,,,,,,,,,,,,,,,,,,,,,,,,,,,,,,,,,,,,,,,,,
147.12,0.6,203.5,W5GPR,Buffalo,OK,OPEN,,,170.34,SE,,40,4353,36.7774,-99.6263,147.12,147.72,203.5,,Harper,Unknown,GPARC,ORSI,,,,,,30,,,,,,,,,,,,200,,,,,,,,,,,,,,,,,,,,,,,,,,,,,,,,,,,,,,,,,,,,,,,,,,
443.65,5,88.5,N5LTZ,Canyon,TX,OPEN,,,170.46,SSE,,48,1301,35.0001,-101.951,443.65,448.65,88.5,,Randall,,,TVHFS,2017-01-09,On-Air,,,,,,,,,,,,,,,,400,,,,,,,,,,,,,,,,,,,,,,,,,,,,,,,,,,,,,,,,,,,,,,,,,,
449.325,-5,103.5,KA4EPS,"Woodland Park, Paradise Pines",CO,OPEN,A,,171.23,NW,,08,9503,38.9878,-105.044,449.325,444.325,103.5,103.5,Teller,,KA4EPS,CCARC,2019-04-01,On-Air,,,http://www.ka4eps.com,"Small coverage repeater node covering Woodland Park, CO when not linked. When linked to the Florida hub, coverage from Key West to Melbourne, Florida can be expected.",,,,,Node # 27976,,,,Sunday 1900 MST Tuesday 1900 MST,,,E-power. Allstar Node 27976,,,,Amateur Radio Motorcycle Club,,27976,,,,,,,,,,,,,,,,,,,,,,,,,,,,,,,,,,,,,,,,,,,,
145.415,-0.6,179.9,KA0WUC,Woodland Park,CO,OPEN,,,172,NW,,08,249,38.9939,-105.056,145.415,144.815,179.9,,Teller,Unknown,MARC,CCARC,2012-11-12,,,,,,,,,,,,,,,,,"Closed autopatch, e-power.",,,,,,,,,,,,,,,,,,,,,,,,,,,,,,,,,,,,,,,,,,,,,,,,,,
449.025,-5,141.3,KA0WUC,Woodland Park,CO,OPEN,,,172,NW,,08,252,38.9939,-105.056,449.025,444.025,141.3,,Teller,Unknown,Mountain Amateur Radio Club (MARC),CCARC,2012-11-10,,,,,,,,,,,,,,,,,Linked.,,,,,,,,,,,,,,,,,,,,,,,,,,,,,,,,,,,,,,,,,,,,,,,,,,
146.82,-0.6,107.2,NX0G,Woodland Park,CO,OPEN,,,172,NW,,08,250,38.9939,-105.056,146.82,146.22,107.2,,Teller,,Mountain ARC,CCARC,2016-11-17,On-Air,,,,,,,,,,,,"Full-time to 146.68500 (NX0G) at Lake George, Badger Mountain, CO . Full-time to 448.65000 (NX0G) at Woodland Park, CO . Full-time to 447.47500 (NX0G) at Colorado Springs, CO . Full-time to 147.01500 (NX0G) at Cripple Creek, CO .",MARC/PCRC: Tue at 19:30.,,,E-power.,,,,,,,,,,,,,,,,,,,,,,,,,,,,,,,,,,,,,,,,,,,,,,,,,,
448.65,-5,107.2,NX0G,Woodland Park,CO,OPEN,,,172,NW,,08,251,38.9939,-105.056,448.65,443.65,107.2,,Teller,,Mountain ARC (MARC),CCARC,2016-11-17,On-Air,,,,,,,,,,,,"Full-time to 146.68500 (NX0G) at Lake George, Badger Mountain, CO . Full-time to 146.82000 (NX0G) at Woodland Park, CO . Full-time to 147.01500 (NX0G) at Cripple Creek, CO . Full-time to 447.47500 (NX0G) at Colorado Springs, CO .",MARC/PCRC: Tue at 19:30.,,,E-power.,,,,MARC,,,,,,,,,,,,,,,,,,,,,,,,,,,,,,,,,,,,,,,,,,,,,,
927.9,-25,D205,KA0WUC,Woodland Park,CO,OPEN,,,172.03,NW,,08,3750,38.9938,-105.057,927.9,902.9,D205,D205,Teller,,MARC,CCARC,2012-11-10,On-Air,,,,,,,,,,,,,,,,,,,,,,,,,,,,,,,,,,,,,,,,,,,,,,,,,,,,,,,,,,,,,,,,,,
447.675,-5,179.9,KA0WUC,Woodland Park,CO,OPEN,,,172.04,NW,,08,8193,38.9939,-105.057,447.675,442.675,179.9,179.9,Teller,,Mountain Amateur Radio Club (MARC),CCARC,2014-05-22,On-Air,,,,,,,,,,,,,,,,E-power.,,,,,,,,,,,,,,,,,,,,,,,,,,,,,,,,,,,,,,,,,,,,,,,,,,
145.19,-0.6,131.8,N0XLF,"Palmer Lake, Monument Hill",CO,OPEN,E,,173.18,NW,ON - IDLE,08,8740,39.136,-104.927,145.19,144.59,131.8,131.8,Douglas,,N0OBA Owner,,2018-10-25,On-Air,10079,,,Wide area coverage at 8300,,,,,,,,,Tri Lakes Net: Mon at 19:30 (except third Monday of the month which is the regular radio club meeting).,,,,,,,,,,,,,,,,,,,,,,,,,,,,,,,,,,,,,,,,,,,,,,,,,,,,,
147.36,0.6,100,NM5ML,"Conchas Dam, Mesa Rica",NM,OPEN,,,174.98,SSW,,35,64,35.2328,-104.223,147.36,147.96,100,,San Miguel,,,NMFCC,2018-01-07,On-Air,,,,Wide area.,,,,,,,,Full-time to the Mega-Link System .,,,,5,,,,,,,,,,,,,,,,,,,,,,,,,,,,,,,,,,,,,,,,,,,,,,,,,,
446.85,-5,,K0PRA,Franktown,CO,OPEN,,S,176.83,NW,,08,11473,39.3935,-104.675,446.85,441.85,,,Douglas,,Parker Radio Association,CCARC,2018-03-18,On-Air,,,http://parkerradio.org,,,,,,,,,,,,,D-Star B module,,,,,,,yes,K0PRA (B) Repeater,jfindu lookup / dstar-users lookup,,,,,,,,,,,,,,,,,,,,,,,,,,,,,,,,,,,,,,,,,
449.975,-5,100,K0JSC,"Larkspur, Westcreek",CO,OPEN,,,179.22,NW,,08,15903,39.1749,-105.034,449.975,444.975,100,100,Douglas,,K0JSC,CCARC,2017-04-21,On-Air,,,The Fun Machine,,,,,,"Can be linked to Allstar, Echolink and others by a Sysop",,,Full-time to the The Fun Machine System .,,,,Simulcast and Voted with Cedarwood and Methodist.,,,,The Fun Machine,,,,,,,,,,,,,,,,,,,,,,,,,,,,,,,,,,,,,,,,,,,,,,
147.225,0.6,107.2,W0CRA,"Larkspur, Westcreek",CO,OPEN,EI,,179.25,NW,ON - IDLE,08,83,39.1755,-105.034,147.225,147.825,107.2,107.2,Douglas,,Colorado Repeater Association (CRA),CCARC,2017-11-13,On-Air,347086,3990,Colorado Repeater Association,Wide area,,,,,,,,"Full-time to 145.16000 (W0CRA) at Colorado Springs, Cheyenne Mountain, CO . Full-time to 145.46000 (W0CRA) at Boulder, Eldorado Mountain, CO .","CRA Net, Sunday 9AM",,,Closed autopatch,,,,CRA VHF Link System,,,,,,,,,,,,,,,,,,,,,,,,,,,,,,,,,,,,,,,,,,,,,,
448.425,-5,107.2,W0CRA,"Larkspur, Westcreek",CO,OPEN,,,179.25,NW,,08,16547,39.1755,-105.034,448.425,443.425,107.2,107.2,Douglas,,Colorado Repeater Association (CRA),,2017-11-14,On-Air,,,http://www.w0cra.org,Wide area,,,,,,,,"Full-time to 147.10500 (WA0DE) at Simla, CO .",,,,,,,,ARESDEC,,,,,,,,,,,,,,,,,,,,,,,,,,,,,,,,,,,,,,,,,,,,,,
445.075,-5,CC,K0PRA,Parker,CO,OPEN,,D,180.74,NW,,08,17292,39.4491,-104.703,445.075,440.075,,,Douglas,,Parker Radio Association,CCARC,2018-09-10,On-Air,,,http://www.parkerradio.org,,,yes,1,,Mixed Mode,,,,Mondays 20:30 MST,310844,,Brandmeister Network https://brandmeister.network/?page=repeater&amp;id=310844,,,,,,,,,,,,,,,,,,,,,,,,,,,,,,,,,,,,,,,,,,,,,,,,,,
927.7375,-25.8,100,KI0HC,Parker,CO,OPEN,,,181.27,NW,,08,14732,39.5391,-104.569,927.8375,902.025,,,Douglas,,,CCARC,2018-02-21,On-Air,,,,This repeater is east of parker so it covers up in the foothills. You can hilltop into Wyoming &amp; on I-80 west to MM323 The Abraham Lincoln Monument. South I-25 to Fountain MM125. The hills are your friends in the 900 world!,,,,,Offset is -25.8125 In Nac 294 Out Nac 293,,,,,,,,,,,,,,,,,,,,,,,,,,,,,,,,,,,,,,,,,,,,,,,yes,294,yes,,,,,,,,
446.875,-5,CC,N0SZ,Westcreek,CO,OPEN,,D,183.44,NW,,08,15900,39.1525,-105.164,446.875,441.875,,,Douglas,,W0VG,CCARC,2018-01-27,On-Air,,,http://www.rmham.org,,,yes,6,,,,,Full-time to the Colorado TRBO System .,,310846,,,,,,RMHAM,,,,,,,RMHAM,"Open Talkgroup View Assignment TS TG Access Southern Colorado 2 719 Full-Time Central Regional 2 720 Full-Time Northern Colorado Regional 2 721 Full-Time function myFunction(id) { var x = document.getElementById(id); if (x.className.indexOf(""w3-show"") == -1) { x.className += "" w3-show""; } else { x.className = x.className.replace("" w3-show"", """"); } }",,,,,,,,,,,2,2,,,,,,,,,,,,,,,,,,,,,,,,2,,
146.73,-0.6,203.5,W5GPR,"Woodward, airport",OK,OPEN,,,183.87,SE,,40,4578,36.4345,-99.5161,146.73,146.13,203.5,,Woodward,Unknown,Great Plains Amateur Radio Club (GPARC),ORSI,2010-09-11,,,,,,,,,,,,,,,,,150,,,,,,,,,,,,,,,,,,,,,,,,,,,,,,,,,,,,,,,,,,,,,,,,,,
449.7,-5,107.2,,Lake George,CO,OPEN,,,184.32,NW,,08,8214,38.9797,-105.357,449.7,444.7,107.2,,Park,Unknown,CMRG,CCARC,2012-11-12,,,,,,,,,,,,,,,,,,,,,,,,,,,,,,,,,,,,,,,,,,,,,,,,,,,,,,,,,,,,,,,,,,,
147.12,0.6,67,KF5PFO,"Taos, Picuris Peak",NM,OPEN,E,,186.29,WSW,ON - IDLE,35,172,36.2469,-105.654,147.12,147.72,67,,Taos,,Taos Amateur Radio Club,NMFCC,2017-02-24,On-Air,828279,,http://taosarc.org/,Wide area.,,,,,,,,,,,,E-power.,,,,ARRL,,,,,,,,,,,,,,,,,,,,,,,,,,,,,,,,,,,,,,,,,,,,,,
449.875,-5,123,KF5PFO,"Taos, Picuris Peak",NM,OPEN,,,186.32,WSW,,35,15612,36.2462,-105.654,449.875,444.875,123,,Taos,,Taos ARC,NMFCC,2018-05-21,Off-Air,,,,,,,,,,,,,,,,"Linked to 147.34, E-Power.",,,,,,,,,,,,,,,,,,,,,,,,,,,,,,,,,,,,,,,,,,,,,,,,,,
51.5,0,100,KF5PFO,"Taos, Picuris Peak",NM,OPEN,,,186.34,WSW,,35,15606,36.247,-105.655,51.5,51.5,100,,Taos,,Taos ARC,,2017-08-27,On-Air,,,Taos Amateur Radio Club,,,,,,,,,,,,,,,,,,,,,,,,,,,,,,,,,,,,,,,,,,,,,,,,,,,,,,,,,,,,,,,
224.4,-1.6,225.7,KF5PFO,"Taos, Picuris Peak",NM,OPEN,,,186.34,WSW,,35,15605,36.247,-105.655,224.4,222.8,225.7,,Taos,,Taos ARC,NMFCC,2017-07-06,On-Air,,,http://taosarc.org,,,,,,,,,,,,,,,,,,,,,,,,,,,,,,,,,,,,,,,,,,,,,,,,,,,,,,,,,,,,,,,
446.9,-5,,K0PRA,Parker,CO,OPEN,W,Y,186.42,NW,,08,18248,39.51860046,-104.76100159,446.9,441.9,,,Arapahoe,,Parker Radio Association,,2019-11-03,On-Air,,,https://www.parkerradio.org,Small coverage area in Parker,,,,,,,,,Monday nights 8pm mountain,,,Linked to the Colorado Mega digital system,yes,Open ↑ / Open ↓,40895,,,,,,,,,,,,,,,,,,,,,,,,,,,,,,,,,,,,,,,,,,,,,,,
448.05,-5,CC,N0KEG,Parker,CO,OPEN,,D,186.42,NW,,08,17696,39.5186,-104.761,448.05,443.05,,,Douglas,Unknown,,,2019-03-20,,,,,,,yes,1,BrandMeister,,,,,,310374,,,,,,,,,,,,,,,,,,,,,,,,,,,,,,,,,,,,,,,,,,,,,,,,,,,Brandmeister,
446.925,-5,CC,N0ESQ,"Castle Rock, Devils Head",CO,OPEN,,D,186.57,NW,,08,7193,39.2648,-105.114,446.925,441.925,,,Douglas,,,CCARC,2018-12-23,On-Air,,,Rocky Mountain Ham Radio,,,yes,8,,See the website for programming info.,,,Full-time to the Colorado TRBO System .,,310817,,,,,,,,,,,,,,"Open Talkgroup View Assignment TS TG Access Southern Colorado 1 719 Devilshead Local 2 711 function myFunction(id) { var x = document.getElementById(id); if (x.className.indexOf(""w3-show"") == -1) { x.className += "" w3-show""; } else { x.className = x.className.replace("" w3-show"", """"); } }",,,,,,,,,,,1,,,,,,,,,,,,,,,,,,,,,,,,,,,2
447.525,-5,146.2,N0ESQ,"Castle Rock, Devils Head (Pike National Forest)",CO,OPEN,,,186.57,NW,,08,8190,39.2648,-105.114,447.525,442.525,146.2,146.2,Douglas,,EmComm Colorado,CCARC,2015-06-17,On-Air,,,,"Denver metro north to the Wyoming border. Back country including Bailey, Deckers, Woodland Park. Severe null due east due to Devils Head Peak.",,,,,"This is not a ragchew machine. Traffic is limited to ARES, RACES and EmComm administrative, exercise, public service and disaster response.",,,,,,,,,,,Colorado ARES,,,,,,,,,,,,,,,,,,,,,,,,,,,,,,,,,,,,,,,,,,,,,,
444.275,5,127.3,KE5NCA,Clarendon,TX,OPEN,,,187.5,SSE,,48,8917,35.0764,-100.893,444.275,449.275,127.3,,Donley,,,,2013-04-29,On-Air,,,,100,,,,,,,,,,,,,,,,,,,,,,,,,,,,,,,,,,,,,,,,,,,,,,,,,,,,,,,,,,,,,,
447.525,-5,203.5,N0ESQ,"Parker, Hess Reservoir",CO,OPEN,,,187.69,NW,,08,8189,39.4942,-104.836,447.525,442.525,203.5,146.2,Douglas,,EmComm Colorado,CCARC,2017-03-11,On-Air,,,,"Denver metropolitan area, front range foothills",,,,,"Not a ragchew machine. Traffic related to ARES, RACES and administrative and exercise traffic related thereto.",,,,,,,,,,,Colorado ARES,,,,,,,,,,,,,,,,,,,,,,,,,,,,,,,,,,,,,,,,,,,,,,
444.425,5,,N5LTZ,Black,TX,CLOSED,,,188.34,S,,48,1512,34.6826,-102.609,444.425,449.425,,,Parmer,Unknown,,TVHFS,2018-09-03,,,,,,,,,,,,,,,,,,,,,,,,,,,,,,,,,,,,,,,,,,,,,,,,,,,,,,,,,,,,,,,,,,,
448.7,-5,146.2,WQ8M,Parker,CO,OPEN,,,189.64,NW,,08,274,39.558,-104.794,448.7,443.7,146.2,,Douglas,,,,2018-09-07,On-Air,,,,Local North Parker only,,,,,,,,,,,,,,,,,,,,,,,,,,,,,,,,,,,,,,,,,,,,,,,,,,,,,,,,,,,,,,
444.575,5,88.5,N5LTZ,Wayside,TX,OPEN,,,190.29,SSE,,48,1549,34.7928,-101.547,444.575,449.575,88.5,,Armstrong,,,TVHFS,2013-04-13,On-Air,,,Caprock Intertie,,,,,,,,,,,,,Linked,,,,Caprock Intertie,,,,,,,,,,,,,,,,,,,,,,,,,,,,,,,,,,,,,,,,,,,,,,
442.2,5,88.5,N5DFQ,Woodward,OK,OPEN,,,190.37,SE,,40,4579,36.4336,-99.3904,442.2,447.2,88.5,,Woodward,,DBARC,ORSI,2016-11-02,Off-Air,,,,,,,,,,,,,,,,"Linked, WX.",,,,,,,,,,,,,,,,,,,,,,,,,,,,,,,,,,,,,,,,,,,,,,,,,,
442.05,5,103.5,W5ALZ,Woodward,OK,OPEN,,,190.38,SE,,40,4356,36.434,-99.39,442.05,447.05,103.5,,Woodward,,GBARG,ORSI,2016-11-19,On-Air,,,http://kanoklaintertiesystem.org/,,,,,,,,,Full-time to the Kan-Okla Intertie System .,,,,,,,,,,,,,,,,,,,,,,,,,,,,,,,,,,,,,,,,,,,,,,,,,,,,,,
145.4,-0.6,100,KB0UDD,"Aurora, Smoky Hill",CO,OPEN,,,190.55,NW,,08,5,39.6073,-104.741,145.4,144.8,100,,Arapahoe,,Castle Rock Repeater Group,CCARC,2019-03-09,On-Air,,,,Greater Denver area.,,,,,,,,"Full-time to 448.50000 (KB0UDD) at Aurora, Smokey Hill, CO .",,,,"Autopatch, e-power.",,,,,,,,,,,,,,,,,,,,,,,,,,,,,,,,,,,,,,,,,,,,,,,,,,
147.22,0.6,100,NM5ML,"Tres Piedras, San Antonio Mountain",NM,OPEN,,,191.3,W,,35,175,36.8597,-106.018,147.22,147.82,100,,Rio Arriba,,New Mexico Mega Link Assoc,NMFCC,2017-01-23,On-Air,,,,Wide area.,,,,,,,,Full-time to the Mega-Link System .,,,,10,,,,,,,,,,,,,,,,,,,,,,,,,,,,,,,,,,,,,,,,,,,,,,,,,,
146.76,-0.6,67,KF5PFO,"Tres Piedras, San Antonio Mountain",NM,OPEN,,,191.35,W,,35,19,36.8594,-106.019,146.76,146.16,67,,Rio Arriba,,Taos ARC,,2016-04-30,On-Air,,,,"Most of Taos County, eastern Rio Arriba County and the San Luis Valley in Southern Colorado.",,,,,,,,,,,,11,,,,,,,,,,,,,,,,,,,,,,,,,,,,,,,,,,,,,,,,,,,,,,,,,,
145.45,-0.6,,KB5WEZ,Las Vegas,NM,OPEN,,,191.6,SW,,35,113,35.5939,-105.223,145.45,144.85,,,San Miguel,,KB5WEZ,NMFCC,2017-08-22,Off-Air,,,,Wide area.,,,,,,,,,,,,"E-power, linked.",,,,,,,,,,,,,,,,,,,,,,,,,,,,,,,,,,,,,,,,,,,,,,,,,,
145.19,-0.6,151.4,N0OBA,Aurora,CO,OPEN,E,,192.23,NW,ON - IDLE,08,8741,39.628,-104.758,145.19,144.59,151.4,131.8,Arapahoe,,N0OBA,,2018-02-01,On-Air,10079,,,"Aurora, Littleton, Denver, Morrison, North Colorado Springs to as far as Ft. Collins.",,,,,"Please note the PL's! Do not TSQ unless your radio can do split PL's. Otherwise you will not here the system. Regards, Scott",,,,"""Tri Lakes Net"" This net is held every Monday at 7:30pm local (except on the third Monday of the month when we have our regular radio club meeting.)",,,Autopatch (please contact trustee).,,,,,,,,,,,,,,,,,,,,,,,,,,,,,,,,,,,,,,,,,,,,,,,,,,
146.76,-0.6,67,KF5PFO,"Tres Piedras, San Antonio Mountain",NM,OPEN,,,192.29,WSW,,35,174,36.6469,-105.967,146.76,146.16,67,,Taos,,Taos ARC,,2016-08-20,On-Air,,,,"Wide area: Most of Taos County, Eastern Rio Arriba County and the San Luis Valley in Southern Colorado.",,,,,,,,,,,,11,,,,,,,,,,,,,,,,,,,,,,,,,,,,,,,,,,,,,,,,,,,,,,,,,,
145.175,-0.6,141.3,NM5EM,"Tres Piedras, San Antonio Mtn.",NM,OPEN,,,192.29,WSW,,35,15616,36.647,-105.967,145.175,144.575,141.3,,Taos,,NMEMA ARC,NMFCC,2017-01-16,Off-Air,,,,,,,,,,,,,,,,,,,,,,,,,,,,,,,,,,,,,,,,,,,,,,,,,,,,,,,,,,,,,,,,,,
146.64,-0.6,77,N0KM,Center,CO,OPEN,A,,192.85,W,,08,14200,37.7531,-106.109,146.64,146.04,77,77,Rio Grande,,,,2016-12-25,On-Air,,,,Low level local coverage,,,,,,,,,,,,,,,,,,28781,,,,,,,,,,,,,,,,,,,,,,,,,,,,,,,,,,,,,,,,,,,,
145.4,-0.6,88.5,KB0VJJ,Akron,CO,OPEN,,,192.9,N,,08,2,40.1606,-103.214,145.4,144.8,88.5,123,Washington,,Colorado Connection,CCARC,2018-11-02,On-Air,,,,Northeastern plains of Colorado.,,,,,Part of the Colorado Connection system of repeaters,,,Full-time to the Colorado Connection System .,Colorado Traffic Net: Daily at 19:30. Colorado Connection Net (all welcome): Thu at 20:00. Statewide ARES: Sun at 20:00.,,,,,,,,,,,,,,,,,,,,,,,,,,,,,,,,,,,,,,,,,,,,,,,,,,,,,
448.175,-5,CC,W0FT,Akron,CO,OPEN,,D,192.9,N,,08,16784,40.1605,-103.214,448.175,443.175,,,Morgan,,W0FT,CCARC,2018-02-01,On-Air,,,http://www.rmham.org/,,,yes,7,,,,,,,310833,,,,,,Rocky Mountain Ham Radio,,,,,,,,,,,,,,,,,,,,,,,,,,,,,,,,,,,,,,,,,,,,,,
444.125,5,156.7,KB0VFV,Haviland,KS,OPEN,,,192.95,ESE,,20,6211,37.614,-99.103,444.125,449.125,156.7,156.7,Kiowa,,N0FEK,Kansas Repeater Council,2019-05-17,On-Air,,,http://kanoklaintertiesystem.org/,,,,,,,,,Full-time to the Kan-Okla Intertie System .,,,,Closed autopatch.,,,,"Kan-Okla, Stateline Skywarn",,,,,,,,,,,,,,,,,,,,,,,,,,,,,,,,,,,,,,,,,,,,,,
449.625,-5,94.8,K0SLV,Monte Vista,CO,OPEN,,,193.14,W,,08,18580,37.58418274,-106.13030243,449.625,444.625,94.8,,Rio Grande,,S.A.R.A.,,2020-03-11,On-Air,,,http://K0SLV.COM,,,,,,,,,,,,,Emergency Power,,,,,,,,,,,,,,,,,,,,,,,,,,,,,,,,,,,,,,,,,,,,,,,,,,
447.1,-5,77,N0KM,Center,CO,OPEN,,,193.15,W,,08,16645,37.75,-106.115,447.1,442.1,77,,Saguache,,,,2017-12-13,On-Air,,,,,,,,,,,,,,,,,,,,,,,,,,,,,,,,,,,,,,,,,,,,,,,,,,,,,,,,,,,,,,,,,,
147.315,0.6,CC,N0KEG,Centennial,CO,OPEN,,DS,193.66,NW,,08,17676,39.5807,-104.877,147.315,147.915,,,Arapahoe,Unknown,N0KEG,,2019-03-21,,,,https://www.parkerradio.org,"Southeast metro Denver area. Parker, Centennial, SE Aurora, Elizabeth, Franktown, Castle Rock.",,yes,1,,,,,,Monday 8pm. Colorado Link Digital Net. Repeater is used in DSTAR mode for this net.,,,,,,,Parker Radio Association,,,yes,N0KEG (C) Repeater,jfindu lookup / dstar-users lookup,,,,,,,,,,,,,,,,,,,,,,,,,,,,,,,,,,,,,,,,,
147.36,0.6,107.2,KC0CVU,"Lake George, Badger Mountain",CO,OPEN,I,,193.88,NW,,08,170,39.0489,-105.512,147.36,147.96,107.2,107.2,Park,,,CCARC,2018-01-15,On-Air,,3854,CMRG Repeaters,Wide area.,,,,,,,,,,,,E-power.,,,,,,,,,,,,,,,,,,,,,,,,,,,,,,,,,,,,,,,,,,,,,,,,,,
146.685,-0.6,107.2,NX0G,"Lake George, Badger Mountain",CO,OPEN,,,193.94,NW,,08,169,39.0494,-105.513,146.685,146.085,107.2,107.2,Park,,Mountain ARC (MARC),CCARC,2016-11-17,On-Air,,,,,Autopatch: 911,,,,,,,"Full-time to 146.82000 (NX0G) at Woodland Park, CO . Full-time to 448.65000 (NX0G) at Woodland Park, CO . Full-time to 447.47500 (NX0G) at Colorado Springs, CO . Full-time to 147.01500 (NX0G) at Cripple Creek, CO .",MARC/PCRC: Tue at 19:30.,,,"Closed autopatch, e-power.",,,,,,,,,,,,,,,,,,,,,,,,,,,,,,,,,,,,,,,,,,,,,,,,,,
147.315,0.6,,K5GUD,Sharon,OK,OPEN,,S,197.32,SE,,40,4538,36.276,-99.3379,147.315,147.915,,,Woodward,Unknown,K5GUD,ORSI,2012-09-03,,,,,,,,,,,,,,,,,,,,,,,,yes,K5GUD (C) Repeater,jfindu lookup / dstar-users lookup,,,,,,,,,,,,,,,,,,,,,,,,,,,,,,,,,,,,,,,,,
449.15,-5,136.5,WR0AEN,Aurora,CO,OPEN,,S,197.68,NW,,08,8207,39.6967,-104.81,449.15,444.15,,,Arapahoe,,Colorado Amateur Repeater Network (CARN),CCARC,2012-11-12,On-Air,,,,,,,,,,,,,,,,,,,,,,,yes,WR0AEN (B),jfindu lookup / dstar-users lookup,,,,,,,,,,,,,,,,,,,,,,,,,,,,,,,,,,,,,,,,,
147,0.6,103.5,K5GSM,Woodward,OK,OPEN,,,197.89,SE,,40,4537,36.27,-99.33,147,147.6,103.5,CSQ,Woodward,,K5GSM/WX5OKC,ORSI,2019-07-16,On-Air,,,K5GSM Link,NW Oklahoma/Woodward area,,,,,May be linked to NWS during severe weather or other events.,,EM06,,,,,Linked,,,,Western Oklahoma SKYWARN,,,,,,,,,,,,,,,,,,,,,,,,,,,,,,,,,,,,,,,,,,,,,,
146.625,-0.6,88.5,K5GUD,Sharon,OK,OPEN,,,197.89,SE,,40,4536,36.27,-99.33,146.625,146.025,88.5,,Woodward,,K5GUD,ORSI,2017-07-23,Off-Air,,,,,,,,,,,,,,,,,,,,,,,,,,,,,,,,,,,,,,,,,,,,,,,,,,,,,,,,,,,,,,,,,,
147.36,0.6,88.5,N5WO,Sharon,OK,OPEN,,,197.89,SE,,40,4539,36.27,-99.33,147.36,147.96,88.5,,Woodward,Unknown,WX Watch,ORSI,2008-07-25,,,,,,,,,,,,,,,,,WX.,,,,,,,,,,,,,,,,,,,,,,,,,,,,,,,,,,,,,,,,,,,,,,,,,,
443.7,5,162.2,N0NM,"Hill City, K-Link",KS,OPEN,A,,197.92,NE,,20,11236,39.2657,-99.8336,443.7,448.7,162.2,,Graham,,"N0NM, N0KOM",Kansas Repeater Council,2019-05-06,On-Air,,,K-Link Repeater Network,Click for coverage map. 45 mi radius.,,,,,Use PL 131.8 for WesKan Intertie Use PL 162.2 for K-Link,,,Linkable to the K-Link System . Linkable to the Western Kansas Intertie System .,,,,E-power.,,,,Western Kansas Inter-Tie K-Link Repeater Network,,46425,,,,,,,,,,,,,,,,,,,,,,,,,,,,,,,,,,,,,,,,,,,,
444.7,5,110.9,KW5KW,"Dimmitt, White house on east side of road",TX,OPEN,W,,198.16,S,,48,17812,34.5509,-102.312,444.7,449.7,110.9,110.9,Castro,,,,2019-05-07,On-Air,,,,Castro County,,,,,,,,,,,,,,,,,,,,,,,,,,,,,,,,,,,,,,,,,,,,,,,,,,,,,,,,,,,,,,
927.8625,-25.8,,WA6IFI,"Salida, Methodist Mountain",CO,OPEN,,,198.5,WNW,,08,18425,38.44670105,-106.01000214,927.8625,902.025,,,Chaffee,,CMRG,CCARC,2020-01-01,On-Air,,,,"Wide area coverage, I 25 from Cheyenne south to MM 20 just north of Trinidad. I 76 East to MM 100. I 70 from Idaho Springs to Genoa. Highway 24 from the Colorado Springs to Limon. Highway 24 west of Colorado Springs is spotty to Hartsel. US 50 from Canon City to Las Animas. Salida south to the San Luis Valley to Antonito. Salida North to just south of Leadville. Repeater Coverage Map",,,,,,,,Full-time to the The 900 P25 Network System .,,,,,,,,,,,,,,,,,,,,,,,,,,,,,,,,,,,,,,,,,,,,yes,,yes,,,,,,,,
449.975,-5,100,K0JSC,"Salida, Methodist Mountain",CO,OPEN,EIA,,198.54,WNW,ON - IDLE,08,13510,38.4463,-106.011,449.975,444.975,100,100,Chaffee,,,CCARC,2017-03-11,On-Air,363976,7301,K0JSC.COM,I-25 from Walsenburg to Wyoming and US-50 from La junta to Monarch Pass,,,,,Can be linked to various local repeater systems via the remote base. Echolink/IRLP connects restricted. Email me to be added to the authorized list.,,DM68xk,Full-time to the The Fun Machine System .,APRS Net: Sun at 19:00. Region 5 District 2 ARES Net: Sun at 19:30. Statewide ARES Net: Sun at 20:00. Region 5 District 1 ARES Net: Mon at 19:00. RGARC Net: Wed at 19:00.,,,2,,,,,,28368,,,,,,,,,,,,,,,,,,,,,,,,,,,,,,,,,,,,,,,,,,,,
147.3,0.6,162.2,W5SF,"Las Vegas, Elk Mountain",NM,OPEN,,,198.62,SW,,35,115,35.7667,-105.553,147.3,147.9,162.2,,San Miguel,,Santa Fe ARC,NMFCC,2017-07-06,On-Air,,,SFARC Repeaters,Wide area.,,,,,,,,,,,,"E-power, linked.",,,,,,,,,,,,,,,,,,,,,,,,,,,,,,,,,,,,,,,,,,,,,,,,,,
147.26,0.6,67,NM5ML,"Pecos, Elk Mountain",NM,OPEN,,,198.64,SW,,35,145,35.7672,-105.554,147.26,147.86,67,,San Miguel,,,NMFCC,2018-01-07,On-Air,,,,Wide area.,,,,,,,,Full-time to the Mega-Link System .,,,,11,,,,,,,,,,,,,,,,,,,,,,,,,,,,,,,,,,,,,,,,,,,,,,,,,,
146.88,-0.6,100,WB0TUB,"Centennial, Warren Mountain",CO,OPEN,,,198.67,NW,,08,80,39.5042,-105.128,146.88,146.28,100,,Jefferson,,Denver Radio League,CCARC,2018-05-21,On-Air,,,DRL Repeaters,Wide Area,,,,,6,,,,,,,E-power.,,,,,,,,,,,,,,,,,,,,,,,,,,,,,,,,,,,,,,,,,,,,,,,,,,
449.6,-5,100,WB0TUB,"Centennial, Warren Mountain",CO,OPEN,EI,Y,198.67,NW,Node Offline,08,273,39.5042,-105.128,449.6,444.6,100,,Jefferson,,Denver Radio League,CCARC,2014-03-04,On-Air,690473,3345,DRL Repeaters,,,,,,,,,,,,,,,,,,,,,,,,,,,,,,,,,,,,,,,,,,,,,,,,,,,,,,,,,,,,,,,
147.285,0.6,88.5,KB0VJJ,"Salida, Methodist Mountain",CO,OPEN,,,198.86,WNW,,08,204,38.4596,-106.011,147.285,147.885,88.5,123,Chaffee,,Colorado Connection,CCARC,2016-05-23,On-Air,,,,"Wide area: South Park, Gunnison, Pueblo, and the San Luis Valley south to New Mexico. At extremes, it has been worked from east of Montrose and Blue Mesa Resevoir, on Fremont Pass near Climax, in and around Bailey on U.S. 285, and south toward Trinidad on Interstate 25.",,,,,,,,Full-time to the Colorado Connection System .,Central Colorado Traffic Net: Daily at 19:30. Colorado Connection Net (All Welcome): Thu at 20:00. Statewide ARES Net: Sun at 20:00.,,,11,,,,,,,,,,,,,,,,,,,,,,,,,,,,,,,,,,,,,,,,,,,,,,,,,,
145.295,-0.6,107.2,KC0CVU,"Salida, Methodist Mountain",CO,OPEN,,,198.86,WNW,,08,203,38.4596,-106.011,145.295,144.695,107.2,,Chaffee,,Cheyenne Mtn Repeater Group,CCARC,2019-08-15,On-Air,,,CMRG Repeaters,Wide area.,,,,,,,DM78ik,,,,,,,,,,,,,,,,,,,,,,,,,,,,,,,,,,,,,,,,,,,,,,,,,,,,,,,
449.65,-5,107.2,KC0CVU,"Salida, Methodist Mountain",CO,OPEN,,,199.05,WNW,,08,205,38.4528,-106.018,449.65,444.65,107.2,,Chaffee,,,CCARC,2018-01-15,On-Air,,,CMRG Repeaters,Wide area.,,,,,,,,,,,,E-power.,,,,,,,,,,,,,,,,,,,,,,,,,,,,,,,,,,,,,,,,,,,,,,,,,,
449.925,-5,103.5,WZ0N,"Salida, Methodist Mountain",CO,OPEN,,,199.05,WNW,,08,3811,38.4528,-106.018,449.925,444.925,103.5,103.5,Chaffee,,,CCARC,2013-07-05,On-Air,,,,"Upper Arkansas and Platte Rivers, and the SLV",,,,,Identifies with an 'M' following WZ0N callsign which identifies the site as Methodist.,,,,,,,E-power (Bat),,,,Colorado ARES,,,,,,,,,,,,,,,,,,,,,,,,,,,,,,,,,,,,,,,,,,,,,,
444.375,5,100,WA5IHL,"Las Vegas, Mesa Apache",NM,CLOSED,,,199.36,SW,,35,117,35.404,-105.193,444.375,449.375,100,,San Miguel,,JPARA,NMFCC,2017-08-22,On-Air,,,,Wide area.,,,,,,,,,,,,"Closed autopatch, e-power.",,,,,,,,,,,,,,,,,,,,,,,,,,,,,,,,,,,,,,,,,,,,,,,,,,
147.18,0.6,100,KD5PX,"Dixon, Cerro Abajo",NM,OPEN,,,199.52,WSW,,35,15923,36.1989,-105.889,147.18,147.78,100,100,Rio Arriba,,,NMFCC,2018-04-13,On-Air,,,,Dixon Embudo Ojo Sarco St Rd 68 Rio Grande Canyon,,,,,,,DM76BF,,,,,,,,,,,,,,,,,,,,,,,,,,,,,,,,,,,,,,,,,,,,,,,,,,,,,,,
447.5,-5,88.5,N0OWY,"Conifer, Critchell Mountain",CO,OPEN,,,199.63,NW,,08,60,39.4703,-105.198,447.5,442.5,88.5,88.5,Jefferson,,Aurora Repeater Association,CCARC,2014-04-28,On-Air,,,,Wide area.,,,,,,,,,,,,E-power.,,,,,,,,,,,,,,,,,,,,,,,,,,,,,,,,,,,,,,,,,,,,,,,,,,
444.275,5,,K5GUD,Mooreland,OK,OPEN,,S,199.96,SE,,40,4458,36.4351,-99.2048,444.275,449.275,,,Woodward,Unknown,K5GUD,ORSI,2012-09-03,,,,,,,,,,,,,,,,,,,,,,,,yes,K5GUD (B),jfindu lookup / dstar-users lookup,,,,,,,,,,,,,,,,,,,,,,,,,,,,,,,,,,,,,,,,,
