1,144.58500,144.58500,0.00000,OFF,FM,FM SOTA,OFF,100.0 Hz,023,1500 Hz,HIGH,OFF,5.0KHz,0,FM SOTA,0
2,145.56250,145.56250,0.00000,OFF,FM,Fusion Simplex,OFF,100.0 Hz,023,1500 Hz,HIGH,OFF,5.0KHz,0,Fusion Simplex,0
3,145.80000,144.49000,1.31000,-RPT,FM,FM ISS VOICE for ITU Region 2&3,OFF,100.0 Hz,023,1500 Hz,HIGH,OFF,5.0KHz,0,FM ISS VOICE for ITU Region 2&3,0
4,145.80000,437.80000,292.00000,+RPT,FM,FM ISS U/v VOICE Repeater (World,OFF,100.0 Hz,023,1500 Hz,HIGH,OFF,5.0KHz,0,FM ISS U/v VOICE Repeater (Worldwide),0
5,145.80000,1269.65000,1123.85000,+RPT,FM,FM ISS L/v VOICE Repeater (World,OFF,100.0 Hz,023,1500 Hz,HIGH,OFF,5.0KHz,0,FM ISS L/v VOICE Repeater (Worldwide),0
6,145.82500,145.82500,0.00000,OFF,FM,FM ISS AX.25 1200 Bd AFSK Packet,OFF,100.0 Hz,023,1500 Hz,HIGH,OFF,5.0KHz,0,FM ISS AX.25 1200 Bd AFSK Packet Radio (Worldwide),0
7,145.85000,436.00000,290.15000,+RPT,FM,FM SAT Swiatowid,OFF,100.0 Hz,023,1500 Hz,HIGH,OFF,5.0KHz,0,FM SAT Swiatowid,0
8,145.88000,435.35000,289.47000,+RPT,FM,FM SAT AO-92 (Fox-1D),TONE ENC,67.0 Hz,023,1500 Hz,HIGH,OFF,5.0KHz,0,FM SAT AO-92 (Fox-1D),0
9,145.88000,1267.35900,1121.48000,+RPT,FM,FM SAT AO-92 (Fox-1D),TONE ENC,67.0 Hz,023,1500 Hz,HIGH,OFF,5.0KHz,0,FM SAT AO-92 (Fox-1D),0
10,145.89500,1263.50000,1117.61000,+RPT,FM,FM SAT FUNcube on ESEO,OFF,100.0 Hz,023,1500 Hz,HIGH,OFF,5.0KHz,0,FM SAT FUNcube on ESEO,0
11,145.90000,437.50000,291.60000,+RPT,FM,FM SAT PO-101 (Diwata-2),TONE ENC,141.3 Hz,023,1500 Hz,HIGH,OFF,5.0KHz,0,FM SAT PO-101 (Diwata-2),0
12,145.96000,435.25000,289.29000,+RPT,FM,FM SAT AO-91 (RadFxSat / Fox-1B),TONE ENC,67.0 Hz,023,1500 Hz,HIGH,OFF,5.0KHz,0,FM SAT AO-91 (RadFxSat / Fox-1B),0
13,146.40000,146.40000,0.00000,OFF,FM,FM Simplex,OFF,100.0 Hz,023,1500 Hz,HIGH,OFF,5.0KHz,0,FM Simplex,0
14,146.41500,146.41500,0.00000,OFF,FM,FM Simplex,OFF,100.0 Hz,023,1500 Hz,HIGH,OFF,5.0KHz,0,FM Simplex,0
15,146.43000,146.43000,0.00000,OFF,FM,FM Simplex,OFF,100.0 Hz,023,1500 Hz,HIGH,OFF,5.0KHz,0,FM Simplex,0
16,146.44500,146.44500,0.00000,OFF,FM,FM Simplex,OFF,100.0 Hz,023,1500 Hz,HIGH,OFF,5.0KHz,0,FM Simplex,0
17,146.46000,146.46000,0.00000,OFF,FM,FM Simplex,OFF,100.0 Hz,023,1500 Hz,HIGH,OFF,5.0KHz,0,FM Simplex,0
18,146.47500,146.47500,0.00000,OFF,FM,FM Simplex,OFF,100.0 Hz,023,1500 Hz,HIGH,OFF,5.0KHz,0,FM Simplex,0
19,146.49000,146.49000,0.00000,OFF,FM,FM Simplex,OFF,100.0 Hz,023,1500 Hz,HIGH,OFF,5.0KHz,0,FM Simplex,0
20,146.50000,146.50000,0.00000,OFF,FM,FM SOTA,OFF,100.0 Hz,023,1500 Hz,HIGH,OFF,5.0KHz,0,FM SOTA,0
21,146.50500,146.50500,0.00000,OFF,FM,FM Simplex,OFF,100.0 Hz,023,1500 Hz,HIGH,OFF,5.0KHz,0,FM Simplex,0
22,146.52000,146.52000,0.00000,OFF,FM,FM Calling,OFF,100.0 Hz,023,1500 Hz,HIGH,OFF,5.0KHz,0,FM Calling,0
23,146.52000,146.52000,0.00000,OFF,FM,FM SOTA,OFF,100.0 Hz,023,1500 Hz,HIGH,OFF,5.0KHz,0,FM SOTA,0
24,146.52500,146.52500,0.00000,OFF,FM,FM SOTA,OFF,100.0 Hz,023,1500 Hz,HIGH,OFF,5.0KHz,0,FM SOTA,0
25,146.53500,146.53500,0.00000,OFF,FM,FM Simplex,OFF,100.0 Hz,023,1500 Hz,HIGH,OFF,5.0KHz,0,FM Simplex,0
26,146.55000,146.55000,0.00000,OFF,FM,FM Simplex,OFF,100.0 Hz,023,1500 Hz,HIGH,OFF,5.0KHz,0,FM Simplex,0
27,146.56500,146.56500,0.00000,OFF,FM,FM Simplex,OFF,100.0 Hz,023,1500 Hz,HIGH,OFF,5.0KHz,0,FM Simplex,0
28,146.58000,146.58000,0.00000,OFF,FM,FM Simplex,OFF,100.0 Hz,023,1500 Hz,HIGH,OFF,5.0KHz,0,FM Simplex,0
29,146.59500,146.59500,0.00000,OFF,FM,FM Simplex,OFF,100.0 Hz,023,1500 Hz,HIGH,OFF,5.0KHz,0,FM Simplex,0
30,147.42000,147.42000,0.00000,OFF,FM,FM Simplex,OFF,100.0 Hz,023,1500 Hz,HIGH,OFF,5.0KHz,0,FM Simplex,0
31,147.43500,147.43500,0.00000,OFF,FM,FM Simplex,OFF,100.0 Hz,023,1500 Hz,HIGH,OFF,5.0KHz,0,FM Simplex,0
32,147.45000,147.45000,0.00000,OFF,FM,FM Simplex,OFF,100.0 Hz,023,1500 Hz,HIGH,OFF,5.0KHz,0,FM Simplex,0
33,147.46500,147.46500,0.00000,OFF,FM,FM Simplex,OFF,100.0 Hz,023,1500 Hz,HIGH,OFF,5.0KHz,0,FM Simplex,0
34,147.48000,147.48000,0.00000,OFF,FM,FM Simplex,OFF,100.0 Hz,023,1500 Hz,HIGH,OFF,5.0KHz,0,FM Simplex,0
35,147.49500,147.49500,0.00000,OFF,FM,FM Simplex,OFF,100.0 Hz,023,1500 Hz,HIGH,OFF,5.0KHz,0,FM Simplex,0
36,147.51000,147.51000,0.00000,OFF,FM,FM Simplex,OFF,100.0 Hz,023,1500 Hz,HIGH,OFF,5.0KHz,0,FM Simplex,0
37,147.52500,147.52500,0.00000,OFF,FM,FM Simplex,OFF,100.0 Hz,023,1500 Hz,HIGH,OFF,5.0KHz,0,FM Simplex,0
38,147.52500,147.52500,0.00000,OFF,FM,Fusion Simplex,OFF,100.0 Hz,023,1500 Hz,HIGH,OFF,5.0KHz,0,Fusion Simplex,0
39,147.54000,147.54000,0.00000,OFF,FM,FM Simplex,OFF,100.0 Hz,023,1500 Hz,HIGH,OFF,5.0KHz,0,FM Simplex,0
40,147.55500,147.55500,0.00000,OFF,FM,FM Simplex,OFF,100.0 Hz,023,1500 Hz,HIGH,OFF,5.0KHz,0,FM Simplex,0
41,147.57000,147.57000,0.00000,OFF,FM,FM Simplex,OFF,100.0 Hz,023,1500 Hz,HIGH,OFF,5.0KHz,0,FM Simplex,0
42,147.58500,147.58500,0.00000,OFF,FM,FM Simplex,OFF,100.0 Hz,023,1500 Hz,HIGH,OFF,5.0KHz,0,FM Simplex,0
43,435.45500,145.95000,289.50000,-RPT,FM,FM SAT CAS-7A,OFF,100.0 Hz,023,1500 Hz,HIGH,OFF,5.0KHz,0,FM SAT CAS-7A,0
44,435.60000,145.92500,289.67000,-RPT,FM,FM SAT CAS-5A,OFF,100.0 Hz,023,1500 Hz,HIGH,OFF,5.0KHz,0,FM SAT CAS-5A,0
45,435.69000,145.90000,289.79000,-RPT,FM,FM SAT CAS-7C,OFF,100.0 Hz,023,1500 Hz,HIGH,OFF,5.0KHz,0,FM SAT CAS-7C,0
46,435.88000,145.88000,290.00000,-RPT,FM,FM SAT IO-86 (LAPAN-A2),TONE ENC,88.5 Hz,023,1500 Hz,HIGH,OFF,5.0KHz,0,FM SAT IO-86 (LAPAN-A2),0
47,436.40000,145.97000,290.43000,-RPT,FM,FM SAT Duchifat3,OFF,100.0 Hz,023,1500 Hz,HIGH,OFF,5.0KHz,0,FM SAT Duchifat3,0
48,436.40000,145.97000,290.43000,-RPT,FM,FM SAT Tevel Mission,OFF,100.0 Hz,023,1500 Hz,HIGH,OFF,5.0KHz,0,FM SAT Tevel Mission,0
49,436.79500,145.85000,290.95000,-RPT,FM,FM SAT SO-50 (SaudiSat-1C),TONE ENC,67.0 Hz,023,1500 Hz,HIGH,OFF,5.0KHz,0,FM SAT SO-50 (SaudiSat-1C),0
50,436.79500,145.85000,290.95000,-RPT,FM,FM SAT AO-27,OFF,100.0 Hz,023,1500 Hz,HIGH,OFF,5.0KHz,0,FM SAT AO-27,0
51,437.20000,144.35000,292.85000,-RPT,FM,FM SAT CAS-3H (LilacSat-2),OFF,100.0 Hz,023,1500 Hz,HIGH,OFF,5.0KHz,0,FM SAT CAS-3H (LilacSat-2),0
52,437.55000,437.55000,0.00000,OFF,FM,FM ISS UHF Simplex (rarely used),OFF,100.0 Hz,023,1500 Hz,HIGH,OFF,5.0KHz,0,FM ISS UHF Simplex (rarely used),0
53,437.80000,145.99000,291.81000,-RPT,FM,FM ISS V/u with PL VOICE Repeate,TONE ENC,67.0 Hz,023,1500 Hz,HIGH,OFF,5.0KHz,0,FM ISS V/u with PL VOICE Repeater (Worldwide),0
54,439.00000,439.00000,0.00000,OFF,FM,FM SOTA,OFF,100.0 Hz,023,1500 Hz,HIGH,OFF,5.0KHz,0,FM SOTA,0
55,440.70000,440.70000,0.00000,OFF,FM,Mixed,OFF,100.0 Hz,023,1500 Hz,HIGH,OFF,5.0KHz,0,Mixed,0
56,440.72500,440.72500,0.00000,OFF,FM,Mixed,OFF,100.0 Hz,023,1500 Hz,HIGH,OFF,5.0KHz,0,Mixed,0
57,440.75000,440.75000,0.00000,OFF,FM,Mixed,OFF,100.0 Hz,023,1500 Hz,HIGH,OFF,5.0KHz,0,Mixed,0
58,440.77500,440.77500,0.00000,OFF,FM,Mixed,OFF,100.0 Hz,023,1500 Hz,HIGH,OFF,5.0KHz,0,Mixed,0
59,440.80000,440.80000,0.00000,OFF,FM,Mixed,OFF,100.0 Hz,023,1500 Hz,HIGH,OFF,5.0KHz,0,Mixed,0
60,440.82500,440.82500,0.00000,OFF,FM,Mixed,OFF,100.0 Hz,023,1500 Hz,HIGH,OFF,5.0KHz,0,Mixed,0
61,440.85000,440.85000,0.00000,OFF,FM,Mixed,OFF,100.0 Hz,023,1500 Hz,HIGH,OFF,5.0KHz,0,Mixed,0
62,440.87500,440.87500,0.00000,OFF,FM,Mixed,OFF,100.0 Hz,023,1500 Hz,HIGH,OFF,5.0KHz,0,Mixed,0
63,440.90000,440.90000,0.00000,OFF,FM,Mixed,OFF,100.0 Hz,023,1500 Hz,HIGH,OFF,5.0KHz,0,Mixed,0
64,440.92500,440.92500,0.00000,OFF,FM,Mixed,OFF,100.0 Hz,023,1500 Hz,HIGH,OFF,5.0KHz,0,Mixed,0
65,440.95000,440.95000,0.00000,OFF,FM,Mixed,OFF,100.0 Hz,023,1500 Hz,HIGH,OFF,5.0KHz,0,Mixed,0
66,440.97500,440.97500,0.00000,OFF,FM,Mixed,OFF,100.0 Hz,023,1500 Hz,HIGH,OFF,5.0KHz,0,Mixed,0
67,441.00000,441.00000,0.00000,OFF,FM,Mixed,OFF,100.0 Hz,023,1500 Hz,HIGH,OFF,5.0KHz,0,Mixed,0
68,441.02500,441.02500,0.00000,OFF,FM,Mixed,OFF,100.0 Hz,023,1500 Hz,HIGH,OFF,5.0KHz,0,Mixed,0
69,441.05000,441.05000,0.00000,OFF,FM,Mixed,OFF,100.0 Hz,023,1500 Hz,HIGH,OFF,5.0KHz,0,Mixed,0
70,441.07500,441.07500,0.00000,OFF,FM,Mixed,OFF,100.0 Hz,023,1500 Hz,HIGH,OFF,5.0KHz,0,Mixed,0
71,441.10000,441.10000,0.00000,OFF,FM,Mixed,OFF,100.0 Hz,023,1500 Hz,HIGH,OFF,5.0KHz,0,Mixed,0
72,441.12500,441.12500,0.00000,OFF,FM,Mixed,OFF,100.0 Hz,023,1500 Hz,HIGH,OFF,5.0KHz,0,Mixed,0
73,441.15000,441.15000,0.00000,OFF,FM,Mixed,OFF,100.0 Hz,023,1500 Hz,HIGH,OFF,5.0KHz,0,Mixed,0
74,441.17500,441.17500,0.00000,OFF,FM,Mixed,OFF,100.0 Hz,023,1500 Hz,HIGH,OFF,5.0KHz,0,Mixed,0
75,441.20000,441.20000,0.00000,OFF,FM,Mixed,OFF,100.0 Hz,023,1500 Hz,HIGH,OFF,5.0KHz,0,Mixed,0
76,441.22500,441.22500,0.00000,OFF,FM,Mixed,OFF,100.0 Hz,023,1500 Hz,HIGH,OFF,5.0KHz,0,Mixed,0
77,441.25000,441.25000,0.00000,OFF,FM,Mixed,OFF,100.0 Hz,023,1500 Hz,HIGH,OFF,5.0KHz,0,Mixed,0
78,441.27500,441.27500,0.00000,OFF,FM,Mixed,OFF,100.0 Hz,023,1500 Hz,HIGH,OFF,5.0KHz,0,Mixed,0
79,445.70000,445.70000,0.00000,OFF,FM,FM Simplex,OFF,100.0 Hz,023,1500 Hz,HIGH,OFF,5.0KHz,0,FM Simplex,0
80,445.72500,445.72500,0.00000,OFF,FM,FM Simplex,OFF,100.0 Hz,023,1500 Hz,HIGH,OFF,5.0KHz,0,FM Simplex,0
81,445.75000,445.75000,0.00000,OFF,FM,FM Simplex,OFF,100.0 Hz,023,1500 Hz,HIGH,OFF,5.0KHz,0,FM Simplex,0
82,445.77500,445.77500,0.00000,OFF,FM,FM Simplex,OFF,100.0 Hz,023,1500 Hz,HIGH,OFF,5.0KHz,0,FM Simplex,0
83,445.80000,445.80000,0.00000,OFF,FM,FM Simplex,OFF,100.0 Hz,023,1500 Hz,HIGH,OFF,5.0KHz,0,FM Simplex,0
84,445.82500,445.82500,0.00000,OFF,FM,FM Simplex,OFF,100.0 Hz,023,1500 Hz,HIGH,OFF,5.0KHz,0,FM Simplex,0
85,445.85000,445.85000,0.00000,OFF,FM,FM Simplex,OFF,100.0 Hz,023,1500 Hz,HIGH,OFF,5.0KHz,0,FM Simplex,0
86,445.87500,445.87500,0.00000,OFF,FM,FM Simplex,OFF,100.0 Hz,023,1500 Hz,HIGH,OFF,5.0KHz,0,FM Simplex,0
87,445.90000,445.90000,0.00000,OFF,FM,FM Simplex,OFF,100.0 Hz,023,1500 Hz,HIGH,OFF,5.0KHz,0,FM Simplex,0
88,445.92500,445.92500,0.00000,OFF,FM,FM Simplex,OFF,100.0 Hz,023,1500 Hz,HIGH,OFF,5.0KHz,0,FM Simplex,0
89,445.95000,445.95000,0.00000,OFF,FM,FM Simplex,OFF,100.0 Hz,023,1500 Hz,HIGH,OFF,5.0KHz,0,FM Simplex,0
90,445.97500,445.97500,0.00000,OFF,FM,FM Simplex,OFF,100.0 Hz,023,1500 Hz,HIGH,OFF,5.0KHz,0,FM Simplex,0
91,446.00000,446.00000,0.00000,OFF,FM,FM Calling,OFF,100.0 Hz,023,1500 Hz,HIGH,OFF,5.0KHz,0,FM Calling,0
92,446.02500,446.02500,0.00000,OFF,FM,FM Simplex,OFF,100.0 Hz,023,1500 Hz,HIGH,OFF,5.0KHz,0,FM Simplex,0
93,446.05000,446.05000,0.00000,OFF,FM,FM Simplex,OFF,100.0 Hz,023,1500 Hz,HIGH,OFF,5.0KHz,0,FM Simplex,0
94,446.07500,446.07500,0.00000,OFF,FM,FM Simplex,OFF,100.0 Hz,023,1500 Hz,HIGH,OFF,5.0KHz,0,FM Simplex,0
95,446.10000,446.10000,0.00000,OFF,FM,FM Simplex,OFF,100.0 Hz,023,1500 Hz,HIGH,OFF,5.0KHz,0,FM Simplex,0
96,446.12500,446.12500,0.00000,OFF,FM,FM Simplex,OFF,100.0 Hz,023,1500 Hz,HIGH,OFF,5.0KHz,0,FM Simplex,0
97,446.15000,446.15000,0.00000,OFF,FM,FM Simplex,OFF,100.0 Hz,023,1500 Hz,HIGH,OFF,5.0KHz,0,FM Simplex,0
98,446.17500,446.17500,0.00000,OFF,FM,FM Simplex,OFF,100.0 Hz,023,1500 Hz,HIGH,OFF,5.0KHz,0,FM Simplex,0
99,446.20000,446.20000,0.00000,OFF,FM,Digital Simplex,OFF,100.0 Hz,023,1500 Hz,HIGH,OFF,5.0KHz,0,Digital Simplex,0
100,446.20000,446.20000,0.00000,OFF,FM,FM Simplex,OFF,100.0 Hz,023,1500 Hz,HIGH,OFF,5.0KHz,0,FM Simplex,0
101,446.21250,446.21250,0.00000,OFF,FM,Digital Simplex,OFF,100.0 Hz,023,1500 Hz,HIGH,OFF,5.0KHz,0,Digital Simplex,0
102,446.22500,446.22500,0.00000,OFF,FM,Digital Simplex,OFF,100.0 Hz,023,1500 Hz,HIGH,OFF,5.0KHz,0,Digital Simplex,0
103,446.22500,446.22500,0.00000,OFF,FM,FM Simplex,OFF,100.0 Hz,023,1500 Hz,HIGH,OFF,5.0KHz,0,FM Simplex,0
104,446.23750,446.23750,0.00000,OFF,FM,Digital Simplex,OFF,100.0 Hz,023,1500 Hz,HIGH,OFF,5.0KHz,0,Digital Simplex,0
105,446.25000,446.25000,0.00000,OFF,FM,Digital Simplex,OFF,100.0 Hz,023,1500 Hz,HIGH,OFF,5.0KHz,0,Digital Simplex,0
106,446.25000,446.25000,0.00000,OFF,FM,FM Simplex,OFF,100.0 Hz,023,1500 Hz,HIGH,OFF,5.0KHz,0,FM Simplex,0
107,446.26250,446.26250,0.00000,OFF,FM,Digital Simplex,OFF,100.0 Hz,023,1500 Hz,HIGH,OFF,5.0KHz,0,Digital Simplex,0
108,446.27500,446.27500,0.00000,OFF,FM,Digital Simplex,OFF,100.0 Hz,023,1500 Hz,HIGH,OFF,5.0KHz,0,Digital Simplex,0
109,446.27500,446.27500,0.00000,OFF,FM,FM Simplex,OFF,100.0 Hz,023,1500 Hz,HIGH,OFF,5.0KHz,0,FM Simplex,0
110,446.28750,446.28750,0.00000,OFF,FM,Digital Simplex,OFF,100.0 Hz,023,1500 Hz,HIGH,OFF,5.0KHz,0,Digital Simplex,0
111,446.30000,446.30000,0.00000,OFF,FM,Digital Simplex,OFF,100.0 Hz,023,1500 Hz,HIGH,OFF,5.0KHz,0,Digital Simplex,0
112,448.70000,443.70000,5.00000,-RPT,FM,Q8M Parker,TONE ENC,146.2 Hz,023,1500 Hz,HIGH,OFF,5.0KHz,0,8 274 7.56 CO Douglas Parker WQ8M,0
113,447.52500,442.52500,5.00000,-RPT,FM,ESQ Parker Hess Reservoir,TONE ENC,203.5 Hz,023,1500 Hz,HIGH,OFF,5.0KHz,0,8 8189 10.25 CO Douglas Parker Hess Reservoir N0ESQ,0
114,145.19000,144.59000,0.60000,-RPT,FM,OBA Aurora,TONE SQL,71.9 Hz,023,1500 Hz,HIGH,OFF,5.0KHz,0,8 8741 11.48 CO Arapahoe Aurora N0OBA,0
115,145.40000,144.80000,0.60000,-RPT,FM,UDD Aurora Smoky Hill,TONE ENC,100.0 Hz,023,1500 Hz,HIGH,OFF,5.0KHz,0,8 5 12.04 CO Arapahoe Aurora Smoky Hill KB0UDD,0
116,447.22500,442.22500,5.00000,-RPT,FM,PRA Parker,OFF,100.0 Hz,023,1500 Hz,HIGH,OFF,5.0KHz,0,8 18248 12.12 CO Arapahoe Parker K0PRA,0
117,448.27500,443.27500,5.00000,-RPT,FM,0BG Aurora,TONE ENC,156.7 Hz,023,1500 Hz,HIGH,OFF,5.0KHz,0,8 8199 16.98 CO Arapahoe Aurora W0BG,0
118,448.40000,443.40000,5.00000,-RPT,FM,ZUQ Aurora,TONE ENC,94.8 Hz,023,1500 Hz,HIGH,OFF,5.0KHz,0,8 8202 16.98 CO Arapahoe Aurora N0ZUQ,0
119,448.82500,443.82500,5.00000,-RPT,FM,ANT Aurora,OFF,100.0 Hz,023,1500 Hz,HIGH,OFF,5.0KHz,0,8 16032 16.98 CO Arapahoe Aurora WN7ANT,0
120,449.95000,444.95000,5.00000,-RPT,FM,9SL Aurora,TONE SQL,77.0 Hz,023,1500 Hz,HIGH,OFF,5.0KHz,0,8 8743 16.98 CO Arapahoe Aurora W9SL,0
121,448.50000,443.50000,5.00000,-RPT,FM,UDD Aurora Smokey Hill,TONE ENC,100.0 Hz,023,1500 Hz,HIGH,OFF,5.0KHz,0,8 92 17.00 CO Denver Aurora Smokey Hill KB0UDD,0
122,447.90000,442.90000,5.00000,-RPT,FM,TPT Denver,OFF,100.0 Hz,023,1500 Hz,HIGH,OFF,5.0KHz,0,8 8195 19.73 CO Denver Denver WB0TPT,0
123,447.92500,442.92500,5.00000,-RPT,FM,FEZ Denver,TONE SQL,100.0 Hz,023,1500 Hz,HIGH,OFF,5.0KHz,0,8 8196 19.73 CO Denver Denver K0FEZ,0
124,145.47500,144.87500,0.60000,-RPT,FM,0SJ Boulder Blue Mountain,TONE ENC,100.0 Hz,023,1500 Hz,HIGH,OFF,5.0KHz,0,8 75 19.85 CO Jefferson Boulder Blue Mountain KE0SJ,0
125,146.71500,146.11500,0.60000,-RPT,FM,JXN Denver,TONE SQL,123.0 Hz,023,1500 Hz,HIGH,OFF,5.0KHz,0,8 79 19.85 CO Denver Denver N0JXN,0
126,448.07500,443.07500,5.00000,-RPT,FM,EHP Denver,TONE ENC,123.0 Hz,023,1500 Hz,HIGH,OFF,5.0KHz,0,8 91 19.85 CO Denver Denver N5EHP,0
127,447.17500,442.17500,5.00000,-RPT,FM,JRL Denver Denver Water Administ,TONE SQL,100.0 Hz,023,1500 Hz,HIGH,OFF,5.0KHz,0,8 12216 20.57 CO Denver Denver Denver Water Administration W0JRL,0
128,146.88000,146.28000,0.60000,-RPT,FM,PUF Centennial Warren Mountain,TONE ENC,100.0 Hz,023,1500 Hz,HIGH,OFF,5.0KHz,0,8 80 23.13 CO Jefferson Centennial Warren Mountain N0PUF,0
129,449.60000,444.60000,5.00000,-RPT,FM,PUF Centennial Warren Mountain,TONE ENC,100.0 Hz,023,1500 Hz,HIGH,OFF,5.0KHz,0,8 273 23.13 CO Jefferson Centennial Warren Mountain N0PUF,0
130,448.75000,443.75000,5.00000,-RPT,FM,ELY Lakewood,TONE SQL,100.0 Hz,023,1500 Hz,HIGH,OFF,5.0KHz,0,8 8204 25.15 CO Jefferson Lakewood N0ELY,0
131,147.33000,147.93000,0.60000,+RPT,FM,0TX Lakewood Green Mountain,TONE ENC,100.0 Hz,023,1500 Hz,HIGH,OFF,5.0KHz,0,8 85 25.41 CO Jefferson Lakewood Green Mountain W0TX,0
132,449.77500,444.77500,5.00000,-RPT,FM,0TX Lakewood Green Mtn,OFF,100.0 Hz,023,1500 Hz,HIGH,OFF,5.0KHz,0,8 8215 25.41 CO Jefferson Lakewood Green Mtn W0TX,0
133,447.82500,442.82500,5.00000,-RPT,FM,0TX Lakewood St Anthony Medical,DCS,100.0 Hz,073,1500 Hz,HIGH,OFF,5.0KHz,0,8 5805 26.37 CO Jefferson Lakewood St Anthony Medical Campus W0TX,0
134,448.15000,443.15000,5.00000,-RPT,FM,FUN Denver Green Valley Ranch,TONE SQL,141.3 Hz,023,1500 Hz,HIGH,OFF,5.0KHz,0,8 9765 26.43 CO Denver Denver Green Valley Ranch WE0FUN,0
135,147.21000,147.81000,0.60000,+RPT,FM,SSP Lakewood Moffat Treatment Pl,TONE SQL,100.0 Hz,023,1500 Hz,HIGH,OFF,5.0KHz,0,8 9775 28.27 CO Jefferson Lakewood Moffat Treatment Plant KD0SSP,0
136,448.35000,443.35000,5.00000,-RPT,FM,SSP Lakewood Moffat Treatment Pl,TONE ENC,225.7 Hz,023,1500 Hz,HIGH,OFF,5.0KHz,0,8 17349 28.27 CO Jefferson Lakewood Moffat Treatment Plant KD0SSP,0
137,447.50000,442.50000,5.00000,-RPT,FM,OWY Conifer Critchell Mountain,TONE SQL,88.5 Hz,023,1500 Hz,HIGH,OFF,5.0KHz,0,8 60 30.13 CO Jefferson Conifer Critchell Mountain N0OWY,0
138,447.87500,442.87500,5.00000,-RPT,FM,LXX Morrison Mt. Morrison,TONE SQL,107.2 Hz,023,1500 Hz,HIGH,OFF,5.0KHz,0,8 10513 30.95 CO Jefferson Morrison Mt. Morrison N6LXX,0
139,449.62500,444.62500,5.00000,-RPT,FM,0VH Morrison Mt. Morrison,OFF,100.0 Hz,023,1500 Hz,HIGH,OFF,5.0KHz,0,8 139 30.99 CO Jefferson Morrison Mt. Morrison KE0VH,0
140,449.30000,444.30000,5.00000,-RPT,FM,UPS Westminster,TONE ENC,100.0 Hz,023,1500 Hz,HIGH,OFF,5.0KHz,0,8 8208 31.57 CO Adams Westminster N1UPS,0
141,147.04500,147.64500,0.60000,+RPT,FM,0ML Northglenn,TONE ENC,123.0 Hz,023,1500 Hz,HIGH,OFF,5.0KHz,0,8 185 35.18 CO Adams Northglenn K0ML,0
142,448.12500,443.12500,5.00000,-RPT,FM,PYY Golden,TONE ENC,107.2 Hz,023,1500 Hz,HIGH,OFF,5.0KHz,0,8 143 35.27 CO Jefferson Golden N0PYY,0
143,448.97500,443.97500,5.00000,-RPT,FM,0GV Golden,TONE ENC,123.0 Hz,023,1500 Hz,HIGH,OFF,5.0KHz,0,8 137 35.27 CO Jefferson Golden W0GV,0
144,145.34000,144.74000,0.60000,-RPT,FM,GUQ Evergreen,TONE ENC,103.5 Hz,023,1500 Hz,HIGH,OFF,5.0KHz,0,8 73 38.13 CO Jefferson Evergreen KE4GUQ,0
145,447.52500,442.52500,5.00000,-RPT,FM,ESQ Castle Rock Devils Head (Pik,TONE SQL,146.2 Hz,023,1500 Hz,HIGH,OFF,5.0KHz,0,8 8190 40.60 CO Douglas Castle Rock Devils Head (Pike National Forest) N0ESQ,0
146,147.12000,147.72000,0.60000,+RPT,FM,ARA Critchell Critchell Mountain,TONE SQL,88.5 Hz,023,1500 Hz,HIGH,OFF,5.0KHz,0,8 59 41.45 CO Jefferson Critchell Critchell Mountain N0ARA,0
147,448.92500,443.92500,5.00000,-RPT,FM,LMA Broomfield,TONE ENC,131.8 Hz,023,1500 Hz,HIGH,OFF,5.0KHz,0,8 26 41.79 CO Boulder Broomfield W0LMA,0
148,449.82500,444.82500,5.00000,-RPT,FM,WYX Broomfield,TONE ENC,103.5 Hz,023,1500 Hz,HIGH,OFF,5.0KHz,0,8 266 41.79 CO Boulder Broomfield W0WYX,0
149,147.15000,147.75000,0.60000,+RPT,FM,CBI Golden Guy Hill,TONE SQL,100.0 Hz,023,1500 Hz,HIGH,OFF,5.0KHz,0,8 133 44.41 CO Jefferson Golden Guy Hill W0CBI,0
150,448.85000,443.85000,5.00000,-RPT,FM,IBM Golden Guy Hill,TONE SQL,88.5 Hz,023,1500 Hz,HIGH,OFF,5.0KHz,0,8 136 44.41 CO Jefferson Golden Guy Hill K0IBM,0
151,448.62500,443.62500,5.00000,-RPT,FM,0TX Golden Centennial Cone,TONE SQL,100.0 Hz,023,1500 Hz,HIGH,OFF,5.0KHz,0,8 112 45.37 CO Jefferson Golden Centennial Cone W0TX,0
152,145.28000,144.68000,0.60000,-RPT,FM,0SJ Golden Centennial Cone,TONE ENC,100.0 Hz,023,1500 Hz,HIGH,OFF,5.0KHz,0,8 140 45.45 CO Jefferson Golden Centennial Cone KE0SJ,0
153,146.64000,146.04000,0.60000,-RPT,FM,PUF Golden Centennial Cone,TONE ENC,100.0 Hz,023,1500 Hz,HIGH,OFF,5.0KHz,0,8 77 45.45 CO Jefferson Golden Centennial Cone N0PUF,0
154,146.98500,146.38500,0.60000,-RPT,FM,FEZ Golden Centennial Cone,TONE SQL,100.0 Hz,023,1500 Hz,HIGH,OFF,5.0KHz,0,8 82 45.45 CO Denver Golden Centennial Cone K0FEZ,0
155,449.52500,444.52500,5.00000,-RPT,FM,0SJ Golden Centennial Cone,OFF,100.0 Hz,023,1500 Hz,HIGH,OFF,5.0KHz,0,8 138 45.45 CO Jefferson Golden Centennial Cone KE0SJ,0
156,147.22500,147.82500,0.60000,+RPT,FM,CRA Larkspur Westcreek,TONE SQL,107.2 Hz,023,1500 Hz,HIGH,OFF,5.0KHz,0,8 83 47.03 CO Douglas Larkspur Westcreek W0CRA,0
157,448.42500,443.42500,5.00000,-RPT,FM,CRA Larkspur Westcreek,TONE SQL,107.2 Hz,023,1500 Hz,HIGH,OFF,5.0KHz,0,8 16547 47.03 CO Douglas Larkspur Westcreek W0CRA,0
158,449.97500,444.97500,5.00000,-RPT,FM,JSC Larkspur Westcreek,TONE SQL,100.0 Hz,023,1500 Hz,HIGH,OFF,5.0KHz,0,8 15903 47.10 CO Douglas Larkspur Westcreek K0JSC,0
159,147.07500,147.67500,0.60000,+RPT,FM,XLF Palmer Lake Monument Hill,TONE ENC,131.8 Hz,023,1500 Hz,HIGH,OFF,5.0KHz,0,8 8740 49.64 CO Douglas Palmer Lake Monument Hill N0XLF,0
160,447.30000,442.30000,5.00000,-RPT,FM,0KC Fort Lupton,TONE ENC,107.2 Hz,023,1500 Hz,HIGH,OFF,5.0KHz,0,8 8739 50.26 CO Weld Fort Lupton AC0KC,0
161,447.85000,442.85000,5.00000,-RPT,FM,0KQ Evergreen Saddleback Mountai,TONE SQL,141.3 Hz,023,1500 Hz,HIGH,OFF,5.0KHz,0,8 9580 50.58 CO Clear Creek Evergreen Saddleback Mountain AC0KQ,0
162,449.00000,444.00000,5.00000,-RPT,FM,AEN Idaho Springs Squaw Mountain,TONE SQL,136.5 Hz,023,1500 Hz,HIGH,OFF,5.0KHz,0,8 8250 52.64 CO Clear Creek Idaho Springs Squaw Mountain WR0AEN,0
163,449.92500,444.92500,5.00000,-RPT,FM,0EB Hudson,TONE SQL,114.8 Hz,023,1500 Hz,HIGH,OFF,5.0KHz,0,8 8216 52.83 CO Weld Hudson K0EB,0
164,147.30000,147.90000,0.60000,+RPT,FM,PYY Evergreen Squaw Mountain,TONE SQL,103.5 Hz,023,1500 Hz,HIGH,OFF,5.0KHz,0,8 84 53.34 CO Clear Creek Evergreen Squaw Mountain N0PYY,0
165,448.67500,443.67500,5.00000,-RPT,FM,CFI Idaho Springs Squaw Mountain,TONE SQL,100.0 Hz,023,1500 Hz,HIGH,OFF,5.0KHz,0,8 94 53.40 CO Denver Idaho Springs Squaw Mountain W0CFI,0
166,145.14500,144.54500,0.60000,-RPT,FM,CRA Idaho Springs Squaw Mountain,TONE SQL,107.2 Hz,023,1500 Hz,HIGH,OFF,5.0KHz,0,8 107 53.78 CO Clear Creek Idaho Springs Squaw Mountain W0CRA,0
167,145.49000,144.89000,0.60000,-RPT,FM,0TX Idaho Springs Centennial Con,TONE SQL,100.0 Hz,023,1500 Hz,HIGH,OFF,5.0KHz,0,8 76 53.78 CO Jefferson Idaho Springs Centennial Cone W0TX,0
168,146.67000,146.07000,0.60000,-RPT,FM,UDD Idaho Springs Squaw Mountain,TONE SQL,100.0 Hz,023,1500 Hz,HIGH,OFF,5.0KHz,0,8 78 53.78 CO Clear Creek Idaho Springs Squaw Mountain KB0UDD,0
169,447.57500,442.57500,5.00000,-RPT,FM,CRA Idaho Springs Squaw Mountain,TONE SQL,107.2 Hz,023,1500 Hz,HIGH,OFF,5.0KHz,0,8 264 53.78 CO Clear Creek Idaho Springs Squaw Mountain W0CRA,0
170,449.35000,444.35000,5.00000,-RPT,FM,0TX Idaho Springs Squaw Mountain,TONE SQL,100.0 Hz,023,1500 Hz,HIGH,OFF,5.0KHz,0,8 98 53.78 CO Clear Creek Idaho Springs Squaw Mountain W0TX,0
171,449.45000,444.45000,5.00000,-RPT,FM,DUN Idaho Springs Squaw Mountain,TONE ENC,103.5 Hz,023,1500 Hz,HIGH,OFF,5.0KHz,0,8 99 53.87 CO Clear Creek Idaho Springs Squaw Mountain K1DUN,0
172,448.22500,443.22500,5.00000,-RPT,FM,0SZ Idaho Springs Squaw Mountain,TONE SQL,141.3 Hz,023,1500 Hz,HIGH,OFF,5.0KHz,0,8 8197 53.87 CO Clear Creek Idaho Springs Squaw Mountain N0SZ,0
173,146.94000,146.34000,0.60000,-RPT,FM,WYX Idaho Springs Squaw Mountain,TONE SQL,103.5 Hz,023,1500 Hz,HIGH,OFF,5.0KHz,0,8 81 53.88 CO Clear Creek Idaho Springs Squaw Mountain W0WYX,0
174,447.72500,442.72500,5.00000,-RPT,FM,0NR Monument Colorado Springs Mo,TONE SQL,100.0 Hz,023,1500 Hz,HIGH,OFF,5.0KHz,0,8 183 54.38 CO El Paso Monument Colorado Springs Monument Hill K0NR,0
175,146.89500,146.29500,0.60000,-RPT,FM,0PC Bailey Dick Mountain,TONE SQL,100.0 Hz,023,1500 Hz,HIGH,OFF,5.0KHz,0,8 7 54.71 CO Park Bailey Dick Mountain AB0PC,0
176,448.90000,443.90000,5.00000,-RPT,FM,0DK Boulder Table Mesa,TONE ENC,100.0 Hz,023,1500 Hz,HIGH,OFF,5.0KHz,0,8 10 55.74 CO Boulder Boulder Table Mesa W0DK,0
177,423.00000,1243.00000,820.00000,+RPT,FM,BTV Boulder,OFF,100.0 Hz,023,1500 Hz,HIGH,OFF,5.0KHz,0,8 18534 55.75 CO Boulder Boulder W0BTV,0
178,146.61000,146.01000,0.60000,-RPT,FM,0DK Boulder,TONE ENC,100.0 Hz,023,1500 Hz,HIGH,OFF,5.0KHz,0,8 13 55.77 CO Boulder Boulder W0DK,0
179,146.70000,146.10000,0.60000,-RPT,FM,0DK Boulder Table Mountain,TONE ENC,100.0 Hz,023,1500 Hz,HIGH,OFF,5.0KHz,0,8 14 55.91 CO Boulder Boulder Table Mountain W0DK,0
180,449.05000,444.05000,5.00000,-RPT,FM,G0N Idaho Springs Squaw Mountain,TONE SQL,107.2 Hz,023,1500 Hz,HIGH,OFF,5.0KHz,0,8 95 57.40 CO Denver Idaho Springs Squaw Mountain WG0N,0
181,146.76000,146.16000,0.60000,-RPT,FM,0IA Boulder Gunbarrel Hill,TONE ENC,100.0 Hz,023,1500 Hz,HIGH,OFF,5.0KHz,0,8 16 57.96 CO Boulder Boulder Gunbarrel Hill W0IA,0
182,145.31000,144.71000,0.60000,-RPT,FM,VJJ Boulder Thorodin Mountain,TONE ENC,88.5 Hz,023,1500 Hz,HIGH,OFF,5.0KHz,0,8 72 58.02 CO Gilpin Boulder Thorodin Mountain KB0VJJ,0
183,449.22500,444.22500,5.00000,-RPT,FM,0SZ Denver Thorodin Mountain,TONE SQL,141.3 Hz,023,1500 Hz,HIGH,OFF,5.0KHz,0,8 97 58.02 CO Gilpin Denver Thorodin Mountain N0SZ,0
184,449.40000,444.40000,5.00000,-RPT,FM,0DK Boulder,TONE ENC,91.5 Hz,023,1500 Hz,HIGH,OFF,5.0KHz,0,8 21 58.80 CO Boulder Boulder K0DK,0
185,449.55000,444.55000,5.00000,-RPT,FM,0IA Boulder,TONE ENC,100.0 Hz,023,1500 Hz,HIGH,OFF,5.0KHz,0,8 11 58.80 CO Boulder Boulder W0IA,0
186,448.95000,443.95000,5.00000,-RPT,FM,Black Forest,OFF,100.0 Hz,023,1500 Hz,HIGH,OFF,5.0KHz,0,8 17551 61.09 CO El Paso Black Forest,0
187,146.73000,146.13000,0.60000,-RPT,FM,0DK Boulder,TONE SQL,91.5 Hz,023,1500 Hz,HIGH,OFF,5.0KHz,0,8 15 61.50 CO Boulder Boulder K0DK,0
188,448.80000,443.80000,5.00000,-RPT,FM,SRJ Colorado Springs ~2 mi ENE U,TONE ENC,100.0 Hz,023,1500 Hz,HIGH,OFF,5.0KHz,0,8 57 61.59 CO El Paso Colorado Springs ~2 mi ENE USAFA North Gate KB0SRJ,0
189,447.62500,442.62500,5.00000,-RPT,FM,MDP Falcon Black Forest,TONE SQL,100.0 Hz,023,1500 Hz,HIGH,OFF,5.0KHz,0,8 13294 64.05 CO El Paso Falcon Black Forest KD0MDP,0
190,145.41500,144.81500,0.60000,-RPT,FM,WUC Woodland Park,TONE ENC,179.9 Hz,023,1500 Hz,HIGH,OFF,5.0KHz,0,8 249 67.04 CO Teller Woodland Park KA0WUC,0
191,146.82000,146.22000,0.60000,-RPT,FM,X0G Woodland Park,TONE ENC,107.2 Hz,023,1500 Hz,HIGH,OFF,5.0KHz,0,8 250 67.04 CO Teller Woodland Park NX0G,0
192,448.65000,443.65000,5.00000,-RPT,FM,X0G Woodland Park,TONE ENC,107.2 Hz,023,1500 Hz,HIGH,OFF,5.0KHz,0,8 251 67.04 CO Teller Woodland Park NX0G,0
193,449.02500,444.02500,5.00000,-RPT,FM,WUC Woodland Park,TONE ENC,141.3 Hz,023,1500 Hz,HIGH,OFF,5.0KHz,0,8 252 67.04 CO Teller Woodland Park KA0WUC,0
194,447.67500,442.67500,5.00000,-RPT,FM,WUC Woodland Park,TONE SQL,179.9 Hz,023,1500 Hz,HIGH,OFF,5.0KHz,0,8 8193 67.06 CO Teller Woodland Park KA0WUC,0
195,449.32500,444.32500,5.00000,-RPT,FM,EPS Woodland Park Paradise Pines,TONE SQL,103.5 Hz,023,1500 Hz,HIGH,OFF,5.0KHz,0,8 9503 67.48 CO Teller Woodland Park Paradise Pines KA4EPS,0
196,147.27000,147.87000,0.60000,+RPT,FM,ENO Longmont,TONE SQL,100.0 Hz,023,1500 Hz,HIGH,OFF,5.0KHz,0,8 175 67.54 CO Boulder Longmont W0ENO,0
197,448.52500,443.52500,5.00000,-RPT,FM,EPA Longmont,TONE ENC,151.4 Hz,023,1500 Hz,HIGH,OFF,5.0KHz,0,8 176 67.95 CO Boulder Longmont N0EPA,0
198,448.80000,443.80000,5.00000,-RPT,FM,ENO Longmont,TONE SQL,88.5 Hz,023,1500 Hz,HIGH,OFF,5.0KHz,0,8 177 67.95 CO Boulder Longmont W0ENO,0
199,145.46000,144.86000,0.60000,-RPT,FM,CRA Boulder Eldorado Mountain,TONE SQL,107.2 Hz,023,1500 Hz,HIGH,OFF,5.0KHz,0,8 8 68.15 CO Boulder Boulder Eldorado Mountain W0CRA,0
200,447.75000,442.75000,5.00000,-RPT,FM,0SZ Boulder Lee Hill,TONE SQL,141.3 Hz,023,1500 Hz,HIGH,OFF,5.0KHz,0,8 19 68.15 CO Boulder Boulder Lee Hill N0SZ,0
201,447.97500,442.97500,5.00000,-RPT,FM,CRA Boulder Eldorado Mountain,TONE SQL,107.2 Hz,023,1500 Hz,HIGH,OFF,5.0KHz,0,8 20 68.15 CO Boulder Boulder Eldorado Mountain W0CRA,0
202,146.91000,146.31000,0.60000,-RPT,FM,0JZ Gold Hill,TONE ENC,123.0 Hz,023,1500 Hz,HIGH,OFF,5.0KHz,0,8 13368 70.35 CO Boulder Gold Hill W0JZ,0
203,147.00000,147.60000,0.60000,+RPT,FM,KWD Gilcrest,TONE SQL,100.0 Hz,023,1500 Hz,HIGH,OFF,5.0KHz,0,8 157 77.05 CO Weld Gilcrest KC0KWD,0
204,448.47500,443.47500,5.00000,-RPT,FM,KWD Gilcrest,TONE ENC,100.0 Hz,023,1500 Hz,HIGH,OFF,5.0KHz,0,8 158 77.05 CO Weld Gilcrest KC0KWD,0
205,447.77500,442.77500,5.00000,-RPT,FM,0TP Falcon,TONE SQL,156.7 Hz,023,1500 Hz,HIGH,OFF,5.0KHz,0,8 19957 78.08 CO El Paso Falcon AD0TP,0
206,147.10500,147.70500,0.60000,+RPT,FM,0DE Simla,TONE SQL,107.2 Hz,023,1500 Hz,HIGH,OFF,5.0KHz,0,8 12167 78.26 CO Elbert Simla WA0DE,0
207,449.70000,444.70000,5.00000,-RPT,FM,Lake George,TONE ENC,107.2 Hz,023,1500 Hz,HIGH,OFF,5.0KHz,0,8 8214 78.56 CO Park Lake George,0
208,147.36000,147.96000,0.60000,+RPT,FM,CVU Lake George Badger Mountain,TONE SQL,107.2 Hz,023,1500 Hz,HIGH,OFF,5.0KHz,0,8 170 80.50 CO Park Lake George Badger Mountain KC0CVU,0
209,146.68500,146.08500,0.60000,-RPT,FM,X0G Lake George Badger Mountain,TONE SQL,107.2 Hz,023,1500 Hz,HIGH,OFF,5.0KHz,0,8 169 80.52 CO Park Lake George Badger Mountain NX0G,0
210,147.13500,147.73500,0.60000,+RPT,FM,A0L Colorado Springs,TONE ENC,100.0 Hz,023,1500 Hz,HIGH,OFF,5.0KHz,0,8 8176 82.67 CO El Paso Colorado Springs AA0L,0
211,146.91000,146.31000,0.60000,-RPT,FM,IRP Colorado Springs,TONE SQL,151.4 Hz,023,1500 Hz,HIGH,OFF,5.0KHz,0,8 43 82.72 CO El Paso Colorado Springs K0IRP,0
212,147.39000,147.99000,0.60000,+RPT,FM,MOG Colorado Springs,TONE ENC,103.5 Hz,023,1500 Hz,HIGH,OFF,5.0KHz,0,8 48 82.72 CO El Paso Colorado Springs W0MOG,0
213,147.03000,147.63000,0.60000,+RPT,FM,0HG Allenspark AFPD Station #5,TONE ENC,100.0 Hz,023,1500 Hz,HIGH,OFF,5.0KHz,0,8 15670 82.91 CO Boulder Allenspark AFPD Station #5 KI0HG,0
214,147.28500,147.88500,0.60000,+RPT,FM,VJJ Winter Park Winter Park,TONE ENC,88.5 Hz,023,1500 Hz,HIGH,OFF,5.0KHz,0,8 15582 83.03 CO Grand Winter Park Winter Park KB0VJJ,0
215,447.02500,442.02500,5.00000,-RPT,FM,0WF Colorado Springs,TONE ENC,123.0 Hz,023,1500 Hz,HIGH,OFF,5.0KHz,0,8 49 83.19 CO El Paso Colorado Springs KF0WF,0
216,447.35000,442.35000,5.00000,-RPT,FM,IRP Colorado Springs,TONE ENC,151.4 Hz,023,1500 Hz,HIGH,OFF,5.0KHz,0,8 50 83.19 CO El Paso Colorado Springs K0IRP,0
217,447.47500,442.47500,5.00000,-RPT,FM,X0G Colorado Springs,TONE ENC,107.2 Hz,023,1500 Hz,HIGH,OFF,5.0KHz,0,8 51 83.19 CO El Paso Colorado Springs NX0G,0
218,447.55000,442.55000,5.00000,-RPT,FM,IFI Colorado Springs,TONE ENC,123.0 Hz,023,1500 Hz,HIGH,OFF,5.0KHz,0,8 8191 83.19 CO El Paso Colorado Springs WA6IFI,0
219,448.25000,443.25000,5.00000,-RPT,FM,0KG Colorado Springs Broadmoor A,TONE ENC,123.0 Hz,023,1500 Hz,HIGH,OFF,5.0KHz,0,8 8198 83.19 CO El Paso Colorado Springs Broadmoor Area N0KG,0
220,448.30000,443.30000,5.00000,-RPT,FM,A0L Colorado Springs,TONE ENC,100.0 Hz,023,1500 Hz,HIGH,OFF,5.0KHz,0,8 8200 83.19 CO El Paso Colorado Springs AA0L,0
221,448.60000,443.60000,5.00000,-RPT,FM,MOG Colorado Springs,TONE ENC,114.8 Hz,023,1500 Hz,HIGH,OFF,5.0KHz,0,8 55 83.19 CO El Paso Colorado Springs W0MOG,0
222,146.85000,146.25000,0.60000,-RPT,FM,0TP Colorado Springs,TONE ENC,156.7 Hz,023,1500 Hz,HIGH,OFF,5.0KHz,0,8 42 83.20 CO El Paso Colorado Springs AD0TP,0
223,146.97000,146.37000,0.60000,-RPT,FM,SRJ Colorado Springs Pikes Peak,TONE ENC,100.0 Hz,023,1500 Hz,HIGH,OFF,5.0KHz,0,8 44 83.55 CO El Paso Colorado Springs Pikes Peak KB0SRJ,0
224,448.45000,443.45000,5.00000,-RPT,FM,SRJ Colorado Springs Pikes Peak,TONE ENC,100.0 Hz,023,1500 Hz,HIGH,OFF,5.0KHz,0,8 54 83.55 CO El Paso Colorado Springs Pikes Peak KB0SRJ,0
225,449.85000,444.85000,5.00000,-RPT,FM,SKY Colorado Springs Gardner Roc,TONE SQL,103.5 Hz,023,1500 Hz,HIGH,OFF,5.0KHz,0,8 18939 85.70 CO El Paso Colorado Springs Gardner Rock N2SKY,0
226,447.45000,442.45000,5.00000,-RPT,FM,CCC Winter Park,TONE ENC,103.5 Hz,023,1500 Hz,HIGH,OFF,5.0KHz,0,8 3756 88.41 CO Grand Winter Park WA4CCC,0
227,448.72500,443.72500,5.00000,-RPT,FM,TTF Colorado Springs Fillmore Hi,TONE ENC,123.0 Hz,023,1500 Hz,HIGH,OFF,5.0KHz,0,8 56 89.07 CO El Paso Colorado Springs Fillmore Hill KA0TTF,0
228,449.57500,444.57500,5.00000,-RPT,FM,LRA Loveland Namaqua Hill,TONE ENC,100.0 Hz,023,1500 Hz,HIGH,OFF,5.0KHz,0,8 181 92.39 CO Larimer Loveland Namaqua Hill W0LRA,0
229,449.72500,444.72500,5.00000,-RPT,FM,0OJ Greeley UNC,TONE ENC,127.3 Hz,023,1500 Hz,HIGH,OFF,5.0KHz,0,8 159 92.70 CO Weld Greeley UNC K0OJ,0
230,146.85000,146.25000,0.60000,-RPT,FM,UPS Greeley UNC,TONE SQL,100.0 Hz,023,1500 Hz,HIGH,OFF,5.0KHz,0,8 156 92.73 CO Weld Greeley UNC W0UPS,0
231,145.13000,144.53000,0.60000,-RPT,FM,VJJ Colorado Springs Cheyenne Mo,TONE ENC,88.5 Hz,023,1500 Hz,HIGH,OFF,5.0KHz,0,8 37 92.92 CO El Paso Colorado Springs Cheyenne Mountain KB0VJJ,0
232,147.19500,147.79500,0.60000,+RPT,FM,LRA Loveland Namaqua Hill,TONE ENC,100.0 Hz,023,1500 Hz,HIGH,OFF,5.0KHz,0,8 179 93.35 CO Larimer Loveland Namaqua Hill W0LRA,0
233,145.16000,144.56000,0.60000,-RPT,FM,CRA Colorado Springs Cheyenne Mo,TONE SQL,107.2 Hz,023,1500 Hz,HIGH,OFF,5.0KHz,0,8 38 93.80 CO El Paso Colorado Springs Cheyenne Mountain W0CRA,0
234,147.34500,147.94500,0.60000,+RPT,FM,CVU Colorado Springs Cheyenne Mo,TONE SQL,107.2 Hz,023,1500 Hz,HIGH,OFF,5.0KHz,0,8 47 93.80 CO El Paso Colorado Springs Cheyenne Mountain KC0CVU,0
235,146.76000,146.16000,0.60000,-RPT,FM,CVU Colorado Springs Cheyenne Mo,TONE SQL,107.2 Hz,023,1500 Hz,HIGH,OFF,5.0KHz,0,8 41 93.80 CO El Paso Colorado Springs Cheyenne Mountain KC0CVU,0
236,448.00000,443.00000,5.00000,-RPT,FM,CVU Colorado Springs Cheyenne Mo,TONE ENC,107.2 Hz,023,1500 Hz,HIGH,OFF,5.0KHz,0,8 269 93.80 CO El Paso Colorado Springs Cheyenne Mountain KC0CVU,0
237,448.10000,443.10000,5.00000,-RPT,FM,CVU Colorado Springs Cheyenne Mo,TONE SQL,107.2 Hz,023,1500 Hz,HIGH,OFF,5.0KHz,0,8 53 93.80 CO El Paso Colorado Springs Cheyenne Mountain KC0CVU,0
238,147.39000,147.99000,0.60000,+RPT,FM,VJJ Breckenridge Bald Mountain,TONE ENC,88.5 Hz,023,1500 Hz,HIGH,OFF,5.0KHz,0,8 24 94.89 CO Summit Breckenridge Bald Mountain KB0VJJ,0
239,447.65000,442.65000,5.00000,-RPT,FM,OXW Limon Cedar Point,TONE ENC,103.5 Hz,023,1500 Hz,HIGH,OFF,5.0KHz,0,8 18718 95.07 CO Lincoln Limon Cedar Point KD0OXW,0
240,449.25000,444.25000,5.00000,-RPT,FM,UPS Cedar Point,TONE SQL,123.0 Hz,023,1500 Hz,HIGH,OFF,5.0KHz,0,8 9583 95.29 CO Elbert Cedar Point K0UPS,0
241,147.01500,147.61500,0.60000,+RPT,FM,X0G Cripple Creek,TONE ENC,107.2 Hz,023,1500 Hz,HIGH,OFF,5.0KHz,0,8 65 96.31 CO Teller Cripple Creek NX0G,0
242,448.02500,443.02500,5.00000,-RPT,FM,UPS Loveland Budweiser Event Cen,TONE SQL,100.0 Hz,023,1500 Hz,HIGH,OFF,5.0KHz,0,8 3621 96.46 CO Larimer Loveland Budweiser Event Center W0UPS,0
243,145.26500,144.66500,0.60000,-RPT,FM,SRJ Colorado Springs ~2 mi ENE U,TONE ENC,100.0 Hz,023,1500 Hz,HIGH,OFF,5.0KHz,0,8 39 97.95 CO El Paso Colorado Springs ~2 mi ENE USAFA North Gate KB0SRJ,0
244,146.68500,146.08500,0.60000,-RPT,FM,0FH Estes Park,TONE SQL,123.0 Hz,023,1500 Hz,HIGH,OFF,5.0KHz,0,8 119 99.50 CO Larimer Estes Park N0FH,0
245,146.70000,146.10000,0.60000,-RPT,FM,QMR Breckenridge,TONE ENC,107.2 Hz,023,1500 Hz,HIGH,OFF,5.0KHz,0,8 23 100.16 CO Summit Breckenridge WB0QMR,0
246,447.95000,442.95000,5.00000,-RPT,FM,SSP Dillon Dillon Res.,OFF,100.0 Hz,023,1500 Hz,HIGH,OFF,5.0KHz,0,8 19242 101.49 CO Summit Dillon Dillon Res. KD0SSP,0
247,447.72500,442.72500,5.00000,-RPT,FM,7RF Fort Collins,TONE ENC,131.8 Hz,023,1500 Hz,HIGH,OFF,5.0KHz,0,8 8194 103.21 CO Larimer Fort Collins W7RF,0
248,449.80000,444.80000,5.00000,-RPT,FM,0FH Estes Park,TONE ENC,123.0 Hz,023,1500 Hz,HIGH,OFF,5.0KHz,0,8 120 104.18 CO Larimer Estes Park N0FH,0
249,447.80000,442.80000,5.00000,-RPT,FM,SVT Loveland Milner Mtn.,OFF,100.0 Hz,023,1500 Hz,HIGH,OFF,5.0KHz,0,8 19448 104.76 CO Larimer Loveland Milner Mtn. K0SVT,0
250,448.40000,443.40000,5.00000,-RPT,FM,SKY Loveland Milner Mtn.,TONE SQL,94.8 Hz,023,1500 Hz,HIGH,OFF,5.0KHz,0,8 18892 104.76 CO Larimer Loveland Milner Mtn. N2SKY,0
251,447.45000,442.45000,5.00000,-RPT,FM,RBT Fort Collins,TONE SQL,123.0 Hz,023,1500 Hz,HIGH,OFF,5.0KHz,0,8 276 106.43 CO Larimer Fort Collins KC0RBT,0
252,146.82000,146.22000,0.60000,-RPT,FM,YDW Granby,TONE ENC,123.0 Hz,023,1500 Hz,HIGH,OFF,5.0KHz,0,8 145 106.67 CO Grand Granby KA0YDW,0
253,145.11500,144.51500,0.60000,-RPT,FM,UPS Fort Collins Horsetooth Moun,TONE SQL,100.0 Hz,023,1500 Hz,HIGH,OFF,5.0KHz,0,8 123 110.03 CO Larimer Fort Collins Horsetooth Mountain W0UPS,0
254,447.27500,442.27500,5.00000,-RPT,FM,UPS Fort Collins Horsetooth Moun,TONE SQL,100.0 Hz,023,1500 Hz,HIGH,OFF,5.0KHz,0,8 126 110.03 CO Larimer Fort Collins Horsetooth Mountain W0UPS,0
255,449.42500,444.42500,5.00000,-RPT,FM,C3W Grand Lake,TONE SQL,103.5 Hz,023,1500 Hz,HIGH,OFF,5.0KHz,0,8 18131 110.47 CO Clear Creek Grand Lake WC3W,0
256,447.20000,442.20000,5.00000,-RPT,FM,RFI Severance Cactus Hill,TONE ENC,82.5 Hz,023,1500 Hz,HIGH,OFF,5.0KHz,0,8 8188 111.25 CO Weld Severance Cactus Hill N6RFI,0
257,147.36000,147.96000,0.60000,+RPT,FM,QEY Fort Collins CSU Durward Hal,TONE SQL,100.0 Hz,023,1500 Hz,HIGH,OFF,5.0KHz,0,8 125 111.39 CO Larimer Fort Collins CSU Durward Hall W0QEY,0
258,447.12500,442.12500,5.00000,-RPT,FM,0BF Fairplay Sacramento Mountain,TONE SQL,103.5 Hz,023,1500 Hz,HIGH,OFF,5.0KHz,0,8 5336 111.83 CO Park Fairplay Sacramento Mountain AA0BF,0
259,449.85000,444.85000,5.00000,-RPT,FM,QEY Fort Collins CSU Durward Hal,TONE SQL,100.0 Hz,023,1500 Hz,HIGH,OFF,5.0KHz,0,8 124 113.08 CO Larimer Fort Collins CSU Durward Hall W0QEY,0
260,145.44500,144.84500,0.60000,-RPT,FM,VJJ Leadville Mosquito Pass,TONE ENC,88.5 Hz,023,1500 Hz,HIGH,OFF,5.0KHz,0,8 172 117.23 CO Lake Leadville Mosquito Pass KB0VJJ,0
261,448.57500,443.57500,5.00000,-RPT,FM,Z0N Hartsel,TONE SQL,103.5 Hz,023,1500 Hz,HIGH,OFF,5.0KHz,0,8 9840 119.52 CO Park Hartsel WZ0N,0
262,447.70000,442.70000,5.00000,-RPT,FM,UPS Fort Collins Buckhorn Mounta,TONE SQL,100.0 Hz,023,1500 Hz,HIGH,OFF,5.0KHz,0,8 5853 120.71 CO Larimer Fort Collins Buckhorn Mountain W0UPS,0
263,146.73000,146.13000,0.60000,-RPT,FM,VJJ Fort Collins Buckhorn,TONE ENC,88.5 Hz,023,1500 Hz,HIGH,OFF,5.0KHz,0,8 18995 120.74 CO Larimer Fort Collins Buckhorn KB0VJJ,0
264,146.62500,146.02500,0.60000,-RPT,FM,UPS Fort Collins Buckhorn Mounta,TONE SQL,100.0 Hz,023,1500 Hz,HIGH,OFF,5.0KHz,0,8 246 121.41 CO Larimer Fort Collins Buckhorn Mountain W0UPS,0
265,449.00000,444.00000,5.00000,-RPT,FM,WDF Canon City eightmile Mountai,TONE SQL,67.0 Hz,023,1500 Hz,HIGH,OFF,5.0KHz,0,8 33 122.83 CO Fremont Canon City eightmile Mountain WB0WDF,0
266,147.06000,147.66000,0.60000,+RPT,FM,0AE Genoa,TONE ENC,103.5 Hz,023,1500 Hz,HIGH,OFF,5.0KHz,0,8 128 124.26 CO Lincoln Genoa KE0AE,0
267,448.32500,443.32500,5.00000,-RPT,FM,UPS Wellington,TONE ENC,110.9 Hz,023,1500 Hz,HIGH,OFF,5.0KHz,0,8 8251 125.39 CO Larimer Wellington WB7UPS,0
268,146.61000,146.01000,0.60000,-RPT,FM,0RV Vail Bald Mountain,TONE ENC,107.2 Hz,023,1500 Hz,HIGH,OFF,5.0KHz,0,8 256 126.74 CO Eagle Vail Bald Mountain K0RV,0
269,147.24000,147.84000,0.60000,+RPT,FM,ZSN Leadville Quail Mountain,TONE SQL,156.7 Hz,023,1500 Hz,HIGH,OFF,5.0KHz,0,8 10827 127.04 CO Lake Leadville Quail Mountain N0ZSN,0
270,449.90000,444.90000,5.00000,-RPT,FM,AFO Vail,TONE SQL,107.2 Hz,023,1500 Hz,HIGH,OFF,5.0KHz,0,8 243 128.39 CO Eagle Vail N0AFO,0
271,145.49000,144.89000,0.60000,-RPT,FM,EKR Canon City Fremont Peak,TONE SQL,103.5 Hz,023,1500 Hz,HIGH,OFF,5.0KHz,0,8 30 130.24 CO Fremont Canon City Fremont Peak WD0EKR,0
272,447.25000,442.25000,5.00000,-RPT,FM,JSC Canon City Fremont Peak,TONE SQL,100.0 Hz,023,1500 Hz,HIGH,OFF,5.0KHz,0,8 8879 130.24 CO Fremont Canon City Fremont Peak K0JSC,0
273,447.75000,442.75000,5.00000,-RPT,FM,EKR Canon City Fremont Peak,TONE SQL,103.5 Hz,023,1500 Hz,HIGH,OFF,5.0KHz,0,8 32 130.24 CO Fremont Canon City Fremont Peak WD0EKR,0
274,447.97500,442.97500,5.00000,-RPT,FM,JSC Canon City Colorado,TONE SQL,100.0 Hz,023,1500 Hz,HIGH,OFF,5.0KHz,0,8 7185 131.57 CO Fremont Canon City Colorado K0JSC,0
275,447.15000,442.15000,5.00000,-RPT,FM,OXW Hugo,TONE ENC,103.5 Hz,023,1500 Hz,HIGH,OFF,5.0KHz,0,8 17059 133.69 CO Lincoln Hugo KD0OXW,0
276,147.34500,147.94500,0.60000,+RPT,FM,VJJ Vail,TONE ENC,88.5 Hz,023,1500 Hz,HIGH,OFF,5.0KHz,0,8 241 135.57 CO Eagle Vail KB0VJJ,0
277,447.90000,442.90000,5.00000,-RPT,FM,SBN Pueblo West,OFF,100.0 Hz,023,1500 Hz,HIGH,OFF,5.0KHz,0,8 19462 137.50 CO Pueblo Pueblo West KD0SBN,0
278,146.79000,146.19000,0.60000,-RPT,FM,PHC Pueblo Baculite Mesa,TONE ENC,88.5 Hz,023,1500 Hz,HIGH,OFF,5.0KHz,0,8 193 138.22 CO Pueblo Pueblo Baculite Mesa W0PHC,0
279,447.45000,442.45000,5.00000,-RPT,FM,0PW Pueblo West Liberty Point,TONE SQL,123.0 Hz,023,1500 Hz,HIGH,OFF,5.0KHz,0,8 18346 141.11 CO Pueblo Pueblo West Liberty Point NA0PW,0
280,448.97500,443.97500,5.00000,-RPT,FM,JSC Pueblo West,TONE SQL,100.0 Hz,023,1500 Hz,HIGH,OFF,5.0KHz,0,8 7994 142.62 CO Pueblo Pueblo West K0JSC,0
281,147.42000,147.42000,0.00000,OFF,FM,ALC Pueblo,TONE ENC,100.0 Hz,023,1500 Hz,HIGH,OFF,5.0KHz,0,8 19723 146.32 CO Pueblo Pueblo W5ALC,0
282,145.11500,144.51500,0.60000,-RPT,FM,PHC Pueblo,TONE ENC,88.5 Hz,023,1500 Hz,HIGH,OFF,5.0KHz,0,8 191 148.91 CO Pueblo Pueblo W0PHC,0
283,145.28000,144.68000,0.60000,-RPT,FM,SLW Pueblo,TONE SQL,100.0 Hz,023,1500 Hz,HIGH,OFF,5.0KHz,0,8 18707 149.29 CO Pueblo Pueblo WB0SLW,0
284,146.65500,146.05500,0.60000,-RPT,FM,0ST Pueblo Pueblo,TONE ENC,123.0 Hz,023,1500 Hz,HIGH,OFF,5.0KHz,0,8 192 149.30 CO Pueblo Pueblo Pueblo K0ST,0
285,449.72500,444.72500,5.00000,-RPT,FM,PWZ Palmer Divide,TONE ENC,100.0 Hz,023,1500 Hz,HIGH,OFF,5.0KHz,0,8 189 149.30 CO El Paso Palmer Divide N0PWZ,0
286,146.74500,146.14500,0.60000,-RPT,FM,LSD Nathrop,TONE ENC,100.0 Hz,023,1500 Hz,HIGH,OFF,5.0KHz,0,8 184 149.41 CO Chaffee Nathrop W0LSD,0
287,147.24000,147.84000,0.60000,+RPT,FM,J0T Pueblo,TONE ENC,103.5 Hz,023,1500 Hz,HIGH,OFF,5.0KHz,0,8 3747 151.89 CO Pueblo Pueblo KJ0T,0
288,447.27500,442.27500,5.00000,-RPT,FM,JSC Pueblo Metro,TONE SQL,100.0 Hz,023,1500 Hz,HIGH,OFF,5.0KHz,0,8 9527 151.90 CO Pueblo Pueblo Metro K0JSC,0
289,145.40000,144.80000,0.60000,-RPT,FM,VJJ Akron,TONE ENC,88.5 Hz,023,1500 Hz,HIGH,OFF,5.0KHz,0,8 2 155.89 CO Washington Akron KB0VJJ,0
290,145.29500,144.69500,0.60000,-RPT,FM,CVU Salida Methodist Mountain,TONE ENC,107.2 Hz,023,1500 Hz,HIGH,OFF,5.0KHz,0,8 203 158.54 CO Chaffee Salida Methodist Mountain KC0CVU,0
291,449.65000,444.65000,5.00000,-RPT,FM,CVU Salida Methodist Mountain,TONE ENC,107.2 Hz,023,1500 Hz,HIGH,OFF,5.0KHz,0,8 205 159.51 CO Chaffee Salida Methodist Mountain KC0CVU,0
292,449.92500,444.92500,5.00000,-RPT,FM,Z0N Salida Methodist Mountain,TONE SQL,103.5 Hz,023,1500 Hz,HIGH,OFF,5.0KHz,0,8 3811 159.51 CO Chaffee Salida Methodist Mountain WZ0N,0
293,447.55000,442.55000,5.00000,-RPT,FM,JJY Cheyenne Chalk Bluffs,TONE ENC,114.8 Hz,023,1500 Hz,HIGH,OFF,5.0KHz,0,56 19687 161.05 WY Laramie Cheyenne Chalk Bluffs N7JJY,0
294,449.30000,444.30000,5.00000,-RPT,FM,JJY Cheyenne Chalk Bluffs,TONE SQL,131.8 Hz,023,1500 Hz,HIGH,OFF,5.0KHz,0,56 34 161.05 WY Laramie Cheyenne Chalk Bluffs N7JJY,0
295,449.67500,444.67500,5.00000,-RPT,FM,CGQ Querida,TONE ENC,88.5 Hz,023,1500 Hz,HIGH,OFF,5.0KHz,0,8 18872 166.73 CO Custer Querida K0CGQ,0
296,147.06000,147.66000,0.60000,+RPT,FM,TUC Westcliffe,TONE SQL,77.0 Hz,023,1500 Hz,HIGH,OFF,5.0KHz,0,8 7189 168.66 CO Custer Westcliffe KB0TUC,0
297,448.15000,443.15000,5.00000,-RPT,FM,TUC Westcliffe,TONE SQL,103.5 Hz,023,1500 Hz,HIGH,OFF,5.0KHz,0,8 248 168.66 CO Custer Westcliffe KB0TUC,0
298,448.32500,443.32500,5.00000,-RPT,FM,JSC Westcliffe,TONE SQL,100.0 Hz,023,1500 Hz,HIGH,OFF,5.0KHz,0,8 15584 168.68 CO Custer Westcliffe K0JSC,0
299,449.77500,444.77500,5.00000,-RPT,FM,DNL Cheyenne Borie Tower 1400 Ot,OFF,100.0 Hz,023,1500 Hz,HIGH,OFF,5.0KHz,0,56 19985 169.47 WY Laramie Cheyenne Borie Tower 1400 Otto Rd KE0DNL,0
300,146.77500,146.17500,0.60000,-RPT,FM,SNO Cheyenne Denver Hill,TONE SQL,114.8 Hz,023,1500 Hz,HIGH,OFF,5.0KHz,0,56 27 171.66 WY Laramie Cheyenne Denver Hill KC7SNO,0
301,147.10500,147.70500,0.60000,+RPT,FM,SNO Cheyenne North Park,TONE SQL,91.5 Hz,023,1500 Hz,HIGH,OFF,5.0KHz,0,56 26 173.45 WY Laramie Cheyenne North Park KC7SNO,0
302,449.90000,444.90000,5.00000,-RPT,FM,JJY Cheyenne,TONE SQL,100.0 Hz,023,1500 Hz,HIGH,OFF,5.0KHz,0,56 15518 173.45 WY Laramie Cheyenne N7JJY,0
303,447.05000,442.05000,5.00000,-RPT,FM,0NU Aspen Aspen Mountain,TONE SQL,179.9 Hz,023,1500 Hz,HIGH,OFF,5.0KHz,0,8 260 173.69 CO Pitkin Aspen Aspen Mountain KD0NU,0
304,145.32500,144.72500,0.60000,-RPT,FM,MRC Maysville,TONE ENC,100.0 Hz,023,1500 Hz,HIGH,OFF,5.0KHz,0,8 16739 174.19 CO Chaffee Maysville KD0MRC,0
305,145.16000,144.56000,0.60000,-RPT,FM,VJJ Walden Peterson Ridge,TONE ENC,88.5 Hz,023,1500 Hz,HIGH,OFF,5.0KHz,0,8 244 174.62 CO Jackson Walden Peterson Ridge KB0VJJ,0
306,449.97500,444.97500,5.00000,-RPT,FM,JSC Pueblo Cedarwood,TONE SQL,100.0 Hz,023,1500 Hz,HIGH,OFF,5.0KHz,0,8 5369 175.25 CO Pueblo Pueblo Cedarwood K0JSC,0
307,448.15000,443.15000,5.00000,-RPT,FM,SWR Cheyenne,TONE ENC,100.0 Hz,023,1500 Hz,HIGH,OFF,5.0KHz,0,56 20 177.18 WY Laramie Cheyenne KB7SWR,0
308,447.65000,442.65000,5.00000,-RPT,FM,YNA Gunnison W Mountain or Tende,TONE SQL,151.4 Hz,023,1500 Hz,HIGH,OFF,5.0KHz,0,8 15212 179.60 CO Gunnison Gunnison W Mountain or Tenderfoot Mountain KB0YNA,0
309,146.67000,146.07000,0.60000,-RPT,FM,0CL Snowmass Village,TONE ENC,107.2 Hz,023,1500 Hz,HIGH,OFF,5.0KHz,0,8 211 181.65 CO Pitkin Snowmass Village K0CL,0
310,145.29500,144.69500,0.60000,-RPT,FM,JTB Sterling CO,TONE ENC,100.0 Hz,023,1500 Hz,HIGH,OFF,5.0KHz,0,8 238 183.51 CO Logan Sterling CO WA0JTB,0
311,447.15000,442.15000,5.00000,-RPT,FM,0VQ Carbondale Missouri Heights,TONE ENC,136.5 Hz,023,1500 Hz,HIGH,OFF,5.0KHz,0,8 6009 191.24 CO Garfield Carbondale Missouri Heights K0VQ,0
312,147.01500,147.61500,0.60000,+RPT,FM,7UW Laramie Jelm Mountain,TONE ENC,146.2 Hz,023,1500 Hz,HIGH,OFF,5.0KHz,0,56 15436 192.67 WY Albany Laramie Jelm Mountain N7UW,0
313,147.21000,147.81000,0.60000,+RPT,FM,D0H Steamboat Springs,TONE SQL,107.2 Hz,023,1500 Hz,HIGH,OFF,5.0KHz,0,8 237 194.37 CO Routt Steamboat Springs KD0H,0
314,449.62500,444.62500,5.00000,-RPT,FM,VJJ Steamboat Springs,TONE SQL,123.0 Hz,023,1500 Hz,HIGH,OFF,5.0KHz,0,8 9770 194.44 CO Routt Steamboat Springs KB0VJJ,0
315,146.89500,146.29500,0.60000,-RPT,FM,0AE Stratton,TONE ENC,103.5 Hz,023,1500 Hz,HIGH,OFF,5.0KHz,0,8 122 197.53 CO Kit Carson Stratton KE0AE,0
316,146.82000,146.22000,0.60000,-RPT,FM,SNO Laramie Beacon Hill,TONE SQL,114.8 Hz,023,1500 Hz,HIGH,OFF,5.0KHz,0,56 9 201.70 WY Albany Laramie Beacon Hill KC7SNO,0
317,146.61000,146.01000,0.60000,-RPT,FM,7UW Laramie University,OFF,100.0 Hz,023,1500 Hz,HIGH,OFF,5.0KHz,0,56 76 201.83 WY Albany Laramie University N7UW,0
318,146.73000,146.13000,0.60000,-RPT,FM,PHC Walsenburg N Rattlesnake But,TONE ENC,88.5 Hz,023,1500 Hz,HIGH,OFF,5.0KHz,0,8 247 204.43 CO Huerfano Walsenburg N Rattlesnake Butte W0PHC,0
319,147.30000,147.90000,0.60000,+RPT,FM,0VQ Glenwood Springs Three Mile,TONE ENC,107.2 Hz,023,1500 Hz,HIGH,OFF,5.0KHz,0,8 131 209.76 CO Garfield Glenwood Springs Three Mile Ridge K0VQ,0
320,449.85000,444.85000,5.00000,-RPT,FM,HND Glenwood Springs Lookout Mou,TONE SQL,131.8 Hz,023,1500 Hz,HIGH,OFF,5.0KHz,0,8 13637 209.85 CO Garfield Glenwood Springs Lookout Mountain WA4HND,0
321,147.39000,147.99000,0.60000,+RPT,FM,SNO Carbondale Four Mile Ridge,TONE ENC,107.2 Hz,023,1500 Hz,HIGH,OFF,5.0KHz,0,8 259 210.15 CO Garfield Carbondale Four Mile Ridge K0SNO,0
322,449.72500,444.72500,5.00000,-RPT,FM,ELK Carbondale Four Mile Ridge,TONE ENC,179.9 Hz,023,1500 Hz,HIGH,OFF,5.0KHz,0,8 35 210.15 CO Garfield Carbondale Four Mile Ridge K0ELK,0
323,147.12000,147.72000,0.60000,+RPT,FM,VTL Gunnison,OFF,100.0 Hz,023,1500 Hz,HIGH,OFF,5.0KHz,0,8 160 210.95 CO Gunnison Gunnison W0VTL,0
324,449.95000,444.95000,5.00000,-RPT,FM,5GF Gunnison,OFF,100.0 Hz,023,1500 Hz,HIGH,OFF,5.0KHz,0,8 161 210.95 CO Gunnison Gunnison K5GF,0
325,147.16500,147.76500,0.60000,+RPT,FM,SNO Albin Peterson Hill,TONE SQL,114.8 Hz,023,1500 Hz,HIGH,OFF,5.0KHz,0,56 28 214.63 WY Laramie Albin Peterson Hill KC7SNO,0
326,146.85000,146.25000,0.60000,-RPT,FM,VJJ Glenwood Springs Sunlight Pe,TONE ENC,88.5 Hz,023,1500 Hz,HIGH,OFF,5.0KHz,0,8 129 215.41 CO Garfield Glenwood Springs Sunlight Peak KB0VJJ,0
327,146.88000,146.28000,0.60000,-RPT,FM,I0G Glenwood Springs Sunlight Pe,TONE ENC,107.2 Hz,023,1500 Hz,HIGH,OFF,5.0KHz,0,8 130 215.41 CO Garfield Glenwood Springs Sunlight Peak KI0G,0
328,447.10000,442.10000,5.00000,-RPT,FM,I0G Glenwood Springs Sunlight Pe,TONE ENC,107.2 Hz,023,1500 Hz,HIGH,OFF,5.0KHz,0,8 132 215.41 CO Garfield Glenwood Springs Sunlight Peak KI0G,0
329,449.60000,444.60000,5.00000,-RPT,FM,XLI Glenwood Springs Sunlight Pe,TONE ENC,107.2 Hz,023,1500 Hz,HIGH,OFF,5.0KHz,0,8 255 215.41 CO Garfield Glenwood Springs Sunlight Peak N0XLI,0
330,447.60000,442.60000,5.00000,-RPT,FM,OXW Firstview,TONE ENC,103.5 Hz,023,1500 Hz,HIGH,OFF,5.0KHz,0,8 17703 218.88 CO Cheyenne Firstview KD0OXW,0
331,146.64000,146.04000,0.60000,-RPT,FM,0KM Center,TONE SQL,77.0 Hz,023,1500 Hz,HIGH,OFF,5.0KHz,0,8 14200 229.64 CO Rio Grande Center N0KM,0
332,447.10000,442.10000,5.00000,-RPT,FM,0KM Center,TONE ENC,77.0 Hz,023,1500 Hz,HIGH,OFF,5.0KHz,0,8 16645 230.19 CO Rio Grande Center N0KM,0
333,145.35500,144.75500,0.60000,-RPT,FM,JPX La Veta,TONE ENC,100.0 Hz,023,1500 Hz,HIGH,OFF,5.0KHz,0,8 168 231.09 CO Huerfano La Veta N0JPX,0
334,147.00000,146.40000,0.60000,-RPT,FM,NEB Harrisburg,TONE ENC,103.5 Hz,023,1500 Hz,HIGH,OFF,5.0KHz,0,31 58 232.51 NE Banner Harrisburg N0NEB,0
335,146.95500,146.35500,0.60000,-RPT,FM,JUN Holyoke,OFF,100.0 Hz,023,1500 Hz,HIGH,OFF,5.0KHz,0,8 163 245.86 CO Phillips Holyoke N0JUN,0
336,147.33000,147.93000,0.60000,+RPT,FM,0MR Paonia,TONE ENC,107.2 Hz,023,1500 Hz,HIGH,OFF,5.0KHz,0,8 8179 246.90 CO Delta Paonia KI0MR,0
337,449.62500,444.62500,5.00000,-RPT,FM,SLV Monte Vista,TONE ENC,94.8 Hz,023,1500 Hz,HIGH,OFF,5.0KHz,0,8 18580 247.28 CO Rio Grande Monte Vista K0SLV,0
338,146.94000,146.34000,0.60000,-RPT,FM,SLV Monte Vista,TONE ENC,94.8 Hz,023,1500 Hz,HIGH,OFF,5.0KHz,0,8 18932 248.47 CO Rio Grande Monte Vista K0SLV,0
339,449.75000,444.75000,5.00000,-RPT,FM,ZSN La Veta Cordova Pass,TONE SQL,100.0 Hz,023,1500 Hz,HIGH,OFF,5.0KHz,0,8 13485 249.41 CO Las Animas La Veta Cordova Pass N0ZSN,0
340,145.26500,144.66500,0.60000,-RPT,FM,HAM Craig,TONE ENC,107.2 Hz,023,1500 Hz,HIGH,OFF,5.0KHz,0,8 3740 249.79 CO Moffat Craig WD0HAM,0
341,146.97000,146.37000,0.60000,-RPT,FM,VJJ Craig,TONE ENC,88.5 Hz,023,1500 Hz,HIGH,OFF,5.0KHz,0,8 15577 249.79 CO Moffat Craig KB0VJJ,0
342,444.12500,449.12500,5.00000,+RPT,FM,7GR Scottsbluff Stage Hill,TONE SQL,114.8 Hz,023,1500 Hz,HIGH,OFF,5.0KHz,0,31 110 256.45 NE Scotts Bluff Scottsbluff Stage Hill WB7GR,0
343,146.61000,146.01000,0.60000,-RPT,FM,LAR Lamar 4 Miles East of Lamar,TONE SQL,123.0 Hz,023,1500 Hz,HIGH,OFF,5.0KHz,0,8 3794 259.48 CO Prowers Lamar 4 Miles East of Lamar N0LAR,0
344,449.50000,444.50000,5.00000,-RPT,FM,LAR Lamar,TONE SQL,123.0 Hz,023,1500 Hz,HIGH,OFF,5.0KHz,0,8 171 261.55 CO Prowers Lamar N0LAR,0
345,447.90000,442.90000,5.00000,-RPT,FM,HQD South Fork,TONE ENC,100.0 Hz,023,1500 Hz,HIGH,OFF,5.0KHz,0,8 19196 261.88 CO Rio Grande South Fork N0HQD,0
346,146.92500,146.32500,0.60000,-RPT,FM,0JS Creede,OFF,100.0 Hz,023,1500 Hz,HIGH,OFF,5.0KHz,0,8 63 262.03 CO Mineral Creede WA0JS,0
347,147.24000,147.84000,0.60000,+RPT,FM,GCR Rawlins Elk Mountain,TONE ENC,100.0 Hz,023,1500 Hz,HIGH,OFF,5.0KHz,0,56 29 267.32 WY Carbon Rawlins Elk Mountain N7GCR,0
348,449.50000,444.50000,5.00000,-RPT,FM,0SW Collbran,TONE ENC,107.2 Hz,023,1500 Hz,HIGH,OFF,5.0KHz,0,8 36 267.61 CO Mesa Collbran KB0SW,0
349,145.35500,144.75500,0.60000,-RPT,FM,VJJ Grand Junction Grand Mesa,TONE ENC,88.5 Hz,023,1500 Hz,HIGH,OFF,5.0KHz,0,8 149 269.24 CO Mesa Grand Junction Grand Mesa KB0VJJ,0
350,449.65000,444.65000,5.00000,-RPT,FM,YNA Grand Junction Grand Mesa,TONE SQL,151.4 Hz,023,1500 Hz,HIGH,OFF,5.0KHz,0,8 8763 269.32 CO Mesa Grand Junction Grand Mesa KB0YNA,0
351,147.37500,147.97500,0.60000,+RPT,FM,0BV Trinidad Raton Pass,TONE SQL,100.0 Hz,023,1500 Hz,HIGH,OFF,5.0KHz,0,8 8180 270.12 CO Las Animas Trinidad Raton Pass K0BV,0
352,447.37500,442.37500,5.00000,-RPT,FM,5JL Trinidad Raton Pass,TONE ENC,100.0 Hz,023,1500 Hz,HIGH,OFF,5.0KHz,0,8 13499 270.12 CO Las Animas Trinidad Raton Pass KG5JL,0
353,449.60000,444.60000,5.00000,-RPT,FM,CVU Trinidad Raton Pass,TONE ENC,107.2 Hz,023,1500 Hz,HIGH,OFF,5.0KHz,0,8 240 270.14 CO Las Animas Trinidad Raton Pass KC0CVU,0
354,147.13500,147.73500,0.60000,+RPT,FM,ITS Lake City Hill 71,TONE ENC,123.0 Hz,023,1500 Hz,HIGH,OFF,5.0KHz,0,8 16607 272.67 CO Hinsdale Lake City Hill 71 KB5ITS,0
355,449.80000,444.80000,5.00000,-RPT,FM,HND Parachute Mount Callahan,TONE ENC,107.2 Hz,023,1500 Hz,HIGH,OFF,5.0KHz,0,8 253 272.70 CO Garfield Parachute Mount Callahan WA4HND,0
356,147.19500,147.79500,0.60000,+RPT,FM,QXX Cedaredge Cedar Mesa,TONE ENC,118.8 Hz,023,1500 Hz,HIGH,OFF,5.0KHz,0,8 3745 273.19 CO Delta Cedaredge Cedar Mesa KC0QXX,0
357,147.36000,147.96000,0.60000,+RPT,FM,ALC Cedaredge,TONE ENC,100.0 Hz,023,1500 Hz,HIGH,OFF,5.0KHz,0,8 3749 273.19 CO Delta Cedaredge W0ALC,0
358,449.82500,444.82500,5.00000,-RPT,FM,ALC Cedaredge,TONE ENC,100.0 Hz,023,1500 Hz,HIGH,OFF,5.0KHz,0,8 3760 273.19 CO Delta Cedaredge W0ALC,0
359,447.35000,442.35000,5.00000,-RPT,FM,Cedaredge Grand Mesa,TONE ENC,107.2 Hz,023,1500 Hz,HIGH,OFF,5.0KHz,0,8 3755 274.28 CO Delta Cedaredge Grand Mesa,0
360,146.88000,146.28000,0.60000,-RPT,FM,SNU Wheatland,OFF,100.0 Hz,023,1500 Hz,HIGH,OFF,5.0KHz,0,56 47 275.13 WY Platte Wheatland WA7SNU,0
361,449.62500,444.62500,5.00000,-RPT,FM,SNU Wheatland,TONE ENC,151.4 Hz,023,1500 Hz,HIGH,OFF,5.0KHz,0,56 16476 275.13 WY Platte Wheatland WA7SNU,0
362,447.20000,442.20000,5.00000,-RPT,FM,HND Montrose Waterdog Peak,TONE SQL,107.2 Hz,023,1500 Hz,HIGH,OFF,5.0KHz,0,8 69 275.74 CO Montrose Montrose Waterdog Peak WA4HND,0
363,448.65000,443.65000,5.00000,-RPT,FM,YNA Montrose Waterdog Peak,TONE SQL,151.4 Hz,023,1500 Hz,HIGH,OFF,5.0KHz,0,8 15213 275.74 CO Montrose Montrose Waterdog Peak KB0YNA,0
364,145.47500,144.87500,0.60000,-RPT,FM,BQM Scottsbluff,OFF,100.0 Hz,023,1500 Hz,HIGH,OFF,5.0KHz,0,31 57 276.07 NE Scotts Bluff Scottsbluff WD0BQM,0
365,444.82500,449.82500,5.00000,+RPT,FM,KAV Scottsbluff,TONE ENC,100.0 Hz,023,1500 Hz,HIGH,OFF,5.0KHz,0,31 111 276.07 NE Scotts Bluff Scottsbluff W0KAV,0
366,445.10000,445.10000,0.00000,OFF,FM,BQM Mitchell,TONE ENC,100.0 Hz,023,1500 Hz,HIGH,OFF,5.0KHz,0,31 11356 278.73 NE Scotts Bluff Mitchell WD0BQM,0
367,449.82500,444.82500,5.00000,-RPT,FM,TDX Trinidad,OFF,100.0 Hz,023,1500 Hz,HIGH,OFF,5.0KHz,0,8 19697 280.91 CO Las Animas Trinidad K6TDX,0
368,146.44500,146.44500,0.00000,OFF,FM,G0N Scottsbluff,TONE ENC,88.5 Hz,023,1500 Hz,HIGH,OFF,5.0KHz,0,31 11355 281.22 NE Scotts Bluff Scottsbluff AG0N,0
369,147.07500,147.67500,0.60000,+RPT,FM,NEB Scottsbluff,OFF,100.0 Hz,023,1500 Hz,HIGH,OFF,5.0KHz,0,31 59 281.83 NE Scotts Bluff Scottsbluff N0NEB,0
370,146.73000,146.13000,0.60000,-RPT,FM,7BR Torrington,TONE ENC,100.0 Hz,023,1500 Hz,HIGH,OFF,5.0KHz,0,56 42 282.05 WY Goshen Torrington KF7BR,0
371,448.32500,443.32500,5.00000,-RPT,FM,JNQ Torrington,TONE ENC,151.4 Hz,023,1500 Hz,HIGH,OFF,5.0KHz,0,56 17395 282.05 WY Goshen Torrington KD7JNQ,0
372,146.79000,146.19000,0.60000,-RPT,FM,OPD Montrose,TONE SQL,107.2 Hz,023,1500 Hz,HIGH,OFF,5.0KHz,0,8 7953 286.56 CO Montrose Montrose KD5OPD,0
373,146.91000,146.31000,0.60000,-RPT,FM,UUX Montrose,TONE SQL,107.2 Hz,023,1500 Hz,HIGH,OFF,5.0KHz,0,8 12442 286.56 CO Montrose Montrose KC0UUX,0
374,145.43000,144.83000,0.60000,-RPT,FM,IFI Trinidad Raton Pass,TONE ENC,107.2 Hz,023,1500 Hz,HIGH,OFF,5.0KHz,0,8 239 289.48 CO Las Animas Trinidad Raton Pass WA6IFI,0
375,444.60000,449.60000,5.00000,+RPT,FM,VJR Wallace,TONE ENC,146.2 Hz,023,1500 Hz,HIGH,OFF,5.0KHz,0,20 3559 292.26 KS Wallace Wallace WA0VJR,0
376,449.30000,444.30000,5.00000,-RPT,FM,HND Grand Junction Grand Mesa,TONE SQL,107.2 Hz,023,1500 Hz,HIGH,OFF,5.0KHz,0,8 154 296.32 CO Mesa Grand Junction Grand Mesa WA4HND,0
377,442.17500,447.17500,5.00000,+RPT,FM,WPM Tribune,TONE ENC,156.7 Hz,023,1500 Hz,HIGH,OFF,5.0KHz,0,20 15098 296.79 KS Greeley Tribune K0WPM,0
378,147.27000,147.87000,0.60000,+RPT,FM,ITS Ouray Engineer Mountain,TONE ENC,127.3 Hz,023,1500 Hz,HIGH,OFF,5.0KHz,0,8 16604 297.67 CO Ouray Ouray Engineer Mountain KB5ITS,0
379,147.28000,147.88000,0.60000,+RPT,FM,5ML Raton Sierra Grande,TONE ENC,100.0 Hz,023,1500 Hz,HIGH,OFF,5.0KHz,0,35 136 300.17 NM Colfax Raton Sierra Grande NM5ML,0
380,146.64000,146.04000,0.60000,-RPT,FM,DEM Pritchett Tator Butte,TONE SQL,100.0 Hz,023,1500 Hz,HIGH,OFF,5.0KHz,0,8 3792 302.13 CO Las Animas Pritchett Tator Butte KZ0DEM,0
381,147.37500,147.97500,0.60000,+RPT,FM,ITS Silverton Kendall Mountain,TONE ENC,156.7 Hz,023,1500 Hz,HIGH,OFF,5.0KHz,0,8 209 310.70 CO San Juan Silverton Kendall Mountain KB5ITS,0
382,147.09000,147.69000,0.60000,+RPT,FM,DEM Springfield,TONE SQL,118.8 Hz,023,1500 Hz,HIGH,OFF,5.0KHz,0,8 8174 311.66 CO Baca Springfield KZ0DEM,0
383,447.52500,442.52500,5.00000,-RPT,FM,ITS Silverton,TONE ENC,127.3 Hz,023,1500 Hz,HIGH,OFF,5.0KHz,0,8 210 311.71 CO San Juan Silverton KB5ITS,0
384,444.00000,449.00000,5.00000,+RPT,FM,ECT Syracuse,TONE SQL,141.3 Hz,023,1500 Hz,HIGH,OFF,5.0KHz,0,20 4086 311.74 KS Hamilton Syracuse K0ECT,0
385,145.32500,144.72500,0.60000,-RPT,FM,ITS Silverton Buffalo Boy,TONE ENC,127.3 Hz,023,1500 Hz,HIGH,OFF,5.0KHz,0,8 16605 311.77 CO San Juan Silverton Buffalo Boy KB5ITS,0
386,444.00000,449.00000,5.00000,+RPT,FM,ITS Silverton Hazelton,TONE ENC,67.0 Hz,023,1500 Hz,HIGH,OFF,5.0KHz,0,8 16624 311.77 CO San Juan Silverton Hazelton KB5ITS,0
387,146.76000,146.16000,0.60000,-RPT,FM,OZU Rawlins,TONE ENC,100.0 Hz,023,1500 Hz,HIGH,OFF,5.0KHz,0,56 43 316.25 WY Carbon Rawlins KC7OZU,0
388,147.39000,147.99000,0.60000,+RPT,FM,7BN Rawlins,TONE ENC,100.0 Hz,023,1500 Hz,HIGH,OFF,5.0KHz,0,56 55 316.25 WY Carbon Rawlins KD7BN,0
389,146.70000,146.10000,0.60000,-RPT,FM,RON Rawlins,TONE ENC,162.2 Hz,023,1500 Hz,HIGH,OFF,5.0KHz,0,56 5791 316.30 WY Carbon Rawlins N7RON,0
390,448.30000,443.30000,5.00000,-RPT,FM,7SU Rawlins,TONE ENC,100.0 Hz,023,1500 Hz,HIGH,OFF,5.0KHz,0,56 15548 316.30 WY Carbon Rawlins KD7SU,0
391,449.80000,444.80000,5.00000,-RPT,FM,RON Rawlins,TONE ENC,146.2 Hz,023,1500 Hz,HIGH,OFF,5.0KHz,0,56 15551 316.30 WY Carbon Rawlins N7RON,0
392,145.49000,144.89000,0.60000,-RPT,FM,DRC Raton,TONE ENC,100.0 Hz,023,1500 Hz,HIGH,OFF,5.0KHz,0,35 19044 316.36 NM Colfax Raton N0DRC,0
393,145.17500,144.57500,0.60000,-RPT,FM,RRZ Grand Junction GJT,TONE ENC,107.2 Hz,023,1500 Hz,HIGH,OFF,5.0KHz,0,8 147 317.59 CO Mesa Grand Junction GJT W0RRZ,0
394,146.76000,146.16000,0.60000,-RPT,FM,UGO Ogallala,TONE ENC,123.0 Hz,023,1500 Hz,HIGH,OFF,5.0KHz,0,31 11025 318.05 NE Keith Ogallala N0UGO,0
395,147.22000,147.82000,0.60000,+RPT,FM,5ML Tres Piedras San Antonio Mou,TONE ENC,100.0 Hz,023,1500 Hz,HIGH,OFF,5.0KHz,0,35 175 318.55 NM Rio Arriba Tres Piedras San Antonio Mountain NM5ML,0
396,146.76000,146.16000,0.60000,-RPT,FM,PFO Tres Piedras San Antonio Mou,TONE ENC,67.0 Hz,023,1500 Hz,HIGH,OFF,5.0KHz,0,35 19 318.61 NM Rio Arriba Tres Piedras San Antonio Mountain KF5PFO,0
397,448.82500,443.82500,5.00000,-RPT,FM,ITS Montrose Raspberry Ridge,TONE ENC,100.0 Hz,023,1500 Hz,HIGH,OFF,5.0KHz,0,8 18465 319.72 CO Montrose Montrose Raspberry Ridge KB5ITS,0
398,448.15000,443.15000,5.00000,-RPT,FM,GJT Grand Junction,TONE ENC,100.0 Hz,023,1500 Hz,HIGH,OFF,5.0KHz,0,8 153 320.72 CO Mesa Grand Junction W0GJT,0
399,146.82000,146.22000,0.60000,-RPT,FM,GJT Grand Junction 9 Mile Hwy 14,TONE ENC,107.2 Hz,023,1500 Hz,HIGH,OFF,5.0KHz,0,8 261 321.10 CO Mesa Grand Junction 9 Mile Hwy 141 Unaweep W0GJT,0
400,147.39000,147.99000,0.60000,+RPT,FM,0TY Grand Junction,TONE ENC,107.2 Hz,023,1500 Hz,HIGH,OFF,5.0KHz,0,8 152 321.10 CO Mesa Grand Junction KE0TY,0
401,145.22000,144.62000,0.60000,-RPT,FM,0TY Grand Junction,TONE ENC,107.2 Hz,023,1500 Hz,HIGH,OFF,5.0KHz,0,8 8167 321.18 CO Mesa Grand Junction KE0TY,0
402,147.10500,147.70500,0.60000,+RPT,FM,SSI Grand Junction,OFF,100.0 Hz,023,1500 Hz,HIGH,OFF,5.0KHz,0,8 8175 321.18 CO Mesa Grand Junction K0SSI,0
403,449.77500,444.77500,5.00000,-RPT,FM,SMZ Grand Junction,TONE ENC,173.8 Hz,023,1500 Hz,HIGH,OFF,5.0KHz,0,8 11793 321.18 CO Mesa Grand Junction KD0SMZ,0
404,447.50000,442.50000,5.00000,-RPT,FM,ARV Grand Junction,TONE ENC,114.8 Hz,023,1500 Hz,HIGH,OFF,5.0KHz,0,8 3757 321.18 CO Mesa Grand Junction KC0ARV,0
405,449.70000,444.70000,5.00000,-RPT,FM,YNA Telluride Gray Head,TONE SQL,107.2 Hz,023,1500 Hz,HIGH,OFF,5.0KHz,0,8 254 321.22 CO San Miguel Telluride Gray Head KB0YNA,0
406,147.35500,146.75500,0.60000,-RPT,FM,VJJ Grand Junction Grand Mesa,TONE ENC,88.5 Hz,023,1500 Hz,HIGH,OFF,5.0KHz,0,8 15581 322.63 CO Mesa Grand Junction Grand Mesa KB0VJJ,0
407,146.77500,146.17500,0.60000,-RPT,FM,CKE Syracuse,OFF,100.0 Hz,023,1500 Hz,HIGH,OFF,5.0KHz,0,20 3947 324.00 KS Hamilton Syracuse KB0CKE,0
408,444.75000,449.75000,5.00000,+RPT,FM,V8Q Colby K-Link,TONE SQL,162.2 Hz,023,1500 Hz,HIGH,OFF,5.0KHz,0,20 8689 324.63 KS Thomas Colby K-Link NV8Q,0
409,145.21000,144.61000,0.60000,-RPT,FM,GDR Maxwell Eagle Tail Mountain,TONE SQL,110.9 Hz,023,1500 Hz,HIGH,OFF,5.0KHz,0,35 16113 324.74 NM Colfax Maxwell Eagle Tail Mountain N5GDR,0
410,145.39000,144.79000,0.60000,-RPT,FM,PFO Red River Molycorp,TONE ENC,100.0 Hz,023,1500 Hz,HIGH,OFF,5.0KHz,0,35 137 325.89 NM Taos Red River Molycorp KF5PFO,0
411,147.01500,147.61500,0.60000,+RPT,FM,VHZ Alliance,OFF,100.0 Hz,023,1500 Hz,HIGH,OFF,5.0KHz,0,31 10450 326.39 NE Box Butte Alliance N2VHZ,0
412,146.85000,146.25000,0.60000,-RPT,FM,BOP Des Moines,TONE ENC,100.0 Hz,023,1500 Hz,HIGH,OFF,5.0KHz,0,35 73 326.52 NM Union Des Moines N5BOP,0
413,147.17500,147.77500,0.60000,+RPT,FM,5EM Des Moines Sierra Grande,TONE ENC,141.3 Hz,023,1500 Hz,HIGH,OFF,5.0KHz,0,35 15638 326.52 NM Union Des Moines Sierra Grande NM5EM,0
414,444.80000,449.80000,5.00000,+RPT,FM,BOP Des Moines,TONE ENC,77.0 Hz,023,1500 Hz,HIGH,OFF,5.0KHz,0,35 74 326.52 NM Union Des Moines N5BOP,0
415,146.82000,146.22000,0.60000,-RPT,FM,W0K Colby,TONE SQL,156.7 Hz,023,1500 Hz,HIGH,OFF,5.0KHz,0,20 3889 327.03 KS Thomas Colby NW0K,0
416,146.61000,146.01000,0.60000,-RPT,FM,JSP Pagosa Springs Oakbrush Hill,TONE ENC,123.0 Hz,023,1500 Hz,HIGH,OFF,5.0KHz,0,8 188 328.65 CO Archuleta Pagosa Springs Oakbrush Hill N0JSP,0
417,146.71500,146.11500,0.60000,-RPT,FM,NEB Alliance,TONE SQL,103.5 Hz,023,1500 Hz,HIGH,OFF,5.0KHz,0,31 10034 328.67 NE Box Butte Alliance N0NEB,0
418,147.27000,147.87000,0.60000,+RPT,FM,ITT Silverton Engineer Mountain,TONE ENC,127.3 Hz,023,1500 Hz,HIGH,OFF,5.0KHz,0,8 208 329.33 CO San Juan Silverton Engineer Mountain KB5ITT,0
419,147.08000,147.68000,0.60000,+RPT,FM,5SF Chama Overlook Mtn,TONE ENC,162.2 Hz,023,1500 Hz,HIGH,OFF,5.0KHz,0,35 15079 332.11 NM Rio Arriba Chama Overlook Mtn W5SF,0
420,444.35000,449.35000,5.00000,+RPT,FM,5ML Eagle Nest Iron Mountain,TONE ENC,100.0 Hz,023,1500 Hz,HIGH,OFF,5.0KHz,0,35 77 333.04 NM Colfax Eagle Nest Iron Mountain NM5ML,0
421,147.04000,147.64000,0.60000,+RPT,FM,5EM Eagle Nest Touch Me Not,TONE ENC,141.3 Hz,023,1500 Hz,HIGH,OFF,5.0KHz,0,35 15635 335.07 NM Colfax Eagle Nest Touch Me Not NM5EM,0
422,147.14000,147.74000,0.60000,+RPT,FM,5ML Taos Ski Valley,TONE ENC,67.0 Hz,023,1500 Hz,HIGH,OFF,5.0KHz,0,35 11288 335.39 NM Taos Taos Ski Valley NM5ML,0
423,146.94000,146.34000,0.60000,-RPT,FM,RRZ Grand Junction Black Ridge (,TONE SQL,107.2 Hz,023,1500 Hz,HIGH,OFF,5.0KHz,0,8 151 337.83 CO Mesa Grand Junction Black Ridge (Above Colorado Ntl Monument) W0RRZ,0
424,449.57500,444.57500,5.00000,-RPT,FM,HND Grand Junction Black Ridge,TONE SQL,131.8 Hz,023,1500 Hz,HIGH,OFF,5.0KHz,0,8 155 337.83 CO Mesa Grand Junction Black Ridge WA4HND,0
425,449.20000,444.20000,5.00000,-RPT,FM,Glade Park,TONE ENC,107.2 Hz,023,1500 Hz,HIGH,OFF,5.0KHz,0,8 18392 339.09 CO Mesa Glade Park,0
426,444.97500,449.97500,5.00000,+RPT,FM,TSV Taos Wheeler Peak,TONE ENC,123.0 Hz,023,1500 Hz,HIGH,OFF,5.0KHz,0,35 183 339.55 NM Taos Taos Wheeler Peak N5TSV,0
427,145.17500,144.57500,0.60000,-RPT,FM,5EM Tres Piedras San Antonio Mtn,TONE ENC,141.3 Hz,023,1500 Hz,HIGH,OFF,5.0KHz,0,35 15616 339.86 NM Taos Tres Piedras San Antonio Mtn. NM5EM,0
428,146.76000,146.16000,0.60000,-RPT,FM,PFO Tres Piedras San Antonio Mou,TONE ENC,67.0 Hz,023,1500 Hz,HIGH,OFF,5.0KHz,0,35 174 339.87 NM Taos Tres Piedras San Antonio Mountain KF5PFO,0
429,147.39000,147.99000,0.60000,+RPT,FM,NJU Kenton,TONE ENC,88.5 Hz,023,1500 Hz,HIGH,OFF,5.0KHz,0,35 18214 339.95 NM Union Kenton WB5NJU,0
430,449.40000,444.40000,5.00000,-RPT,FM,YNA Delta Uncompahgre Butte,TONE SQL,131.8 Hz,023,1500 Hz,HIGH,OFF,5.0KHz,0,8 127 343.99 CO Mesa Delta Uncompahgre Butte KB0YNA,0
431,145.43000,144.83000,0.60000,-RPT,FM,5SJ Dulce,TONE ENC,136.5 Hz,023,1500 Hz,HIGH,OFF,5.0KHz,0,35 15624 347.77 NM Rio Arriba Dulce NM5SJ,0
432,447.00000,442.00000,5.00000,-RPT,FM,0SW Loma Baxter Pass,TONE ENC,107.2 Hz,023,1500 Hz,HIGH,OFF,5.0KHz,0,8 174 349.18 CO Garfield Loma Baxter Pass KB0SW,0
433,146.70000,146.10000,0.60000,-RPT,FM,0EP Durango Missionary Ridge,TONE SQL,100.0 Hz,023,1500 Hz,HIGH,OFF,5.0KHz,0,8 116 351.37 CO La Plata Durango Missionary Ridge K0EP,0
434,444.30000,449.30000,5.00000,+RPT,FM,ECT Elkader,TONE SQL,141.3 Hz,023,1500 Hz,HIGH,OFF,5.0KHz,0,20 4100 352.25 KS Logan Elkader K0ECT,0
435,147.34500,147.94500,0.60000,+RPT,FM,VJJ Durango Missionary Ridge,TONE ENC,88.5 Hz,023,1500 Hz,HIGH,OFF,5.0KHz,0,8 114 353.27 CO La Plata Durango Missionary Ridge KB0VJJ,0
436,146.70000,146.10000,0.60000,-RPT,FM,OQA Scott City,TONE SQL,141.3 Hz,023,1500 Hz,HIGH,OFF,5.0KHz,0,20 3940 358.05 KS Scott Scott City WA0OQA,0
437,147.34000,147.94000,0.60000,+RPT,FM,LEM Angel Fire Agua Fria Peak,TONE ENC,100.0 Hz,023,1500 Hz,HIGH,OFF,5.0KHz,0,35 41 359.32 NM Colfax Angel Fire Agua Fria Peak N5LEM,0
438,146.98500,146.38500,0.60000,-RPT,FM,OMC Lakin,TONE SQL,156.7 Hz,023,1500 Hz,HIGH,OFF,5.0KHz,0,20 3967 362.74 KS Kearney Lakin N0OMC,0
439,146.67000,146.07000,0.60000,-RPT,FM,0EP Durango Eagle Pass,TONE SQL,100.0 Hz,023,1500 Hz,HIGH,OFF,5.0KHz,0,8 113 363.83 CO La Plata Durango Eagle Pass K0EP,0
440,147.33000,147.93000,0.60000,+RPT,FM,OMT Lusk 77 Hill,TONE ENC,103.5 Hz,023,1500 Hz,HIGH,OFF,5.0KHz,0,56 16404 364.17 WY Niobrara Lusk 77 Hill KG7OMT,0
441,147.15000,147.75000,0.60000,+RPT,FM,ITS Ignacio Spring Creek,TONE ENC,100.0 Hz,023,1500 Hz,HIGH,OFF,5.0KHz,0,8 8177 364.55 CO La Plata Ignacio Spring Creek KB5ITS,0
442,448.62500,443.62500,5.00000,-RPT,FM,EVE Durango,TONE SQL,131.8 Hz,023,1500 Hz,HIGH,OFF,5.0KHz,0,8 115 366.14 CO La Plata Durango KC5EVE,0
443,147.13500,147.73500,0.60000,+RPT,FM,ITS Durango Smelter Mountain,TONE SQL,100.0 Hz,023,1500 Hz,HIGH,OFF,5.0KHz,0,8 11545 368.86 CO La Plata Durango Smelter Mountain KB5ITS,0
444,444.50000,449.50000,5.00000,+RPT,FM,UVW McCook,TONE ENC,151.4 Hz,023,1500 Hz,HIGH,OFF,5.0KHz,0,31 15122 369.16 NE Frontier McCook N7UVW,0
445,444.80000,449.80000,5.00000,+RPT,FM,UVW McCook,TONE ENC,162.2 Hz,023,1500 Hz,HIGH,OFF,5.0KHz,0,31 15136 369.16 NE Red Willow McCook N7UVW,0
446,147.27000,147.87000,0.60000,+RPT,FM,TAJ McCook 180' tower S. of McCo,OFF,100.0 Hz,023,1500 Hz,HIGH,OFF,5.0KHz,0,31 39 369.23 NE Red Willow McCook 180' tower S. of McCook K0TAJ,0
447,145.46000,144.86000,0.60000,-RPT,FM,PLA Casper Casper Mountain,TONE SQL,110.9 Hz,023,1500 Hz,HIGH,OFF,5.0KHz,0,56 12433 370.74 WY Natrona Casper Casper Mountain K7PLA,0
448,145.23500,144.63500,0.60000,-RPT,FM,VNJ Casper Casper Mountain,TONE SQL,100.0 Hz,023,1500 Hz,HIGH,OFF,5.0KHz,0,56 5 371.44 WY Natrona Casper Casper Mountain W7VNJ,0
449,146.64000,146.04000,0.60000,-RPT,FM,AGA Casper Casper Mountain,TONE ENC,173.8 Hz,023,1500 Hz,HIGH,OFF,5.0KHz,0,56 7 372.61 WY Natrona Casper Casper Mountain KD7AGA,0
450,146.94000,146.34000,0.60000,-RPT,FM,VNJ Casper Casper Mountain,TONE SQL,123.0 Hz,023,1500 Hz,HIGH,OFF,5.0KHz,0,56 6 372.61 WY Natrona Casper Casper Mountain W7VNJ,0
451,449.90000,444.90000,5.00000,-RPT,FM,RRB Casper Casper Mountain,OFF,100.0 Hz,023,1500 Hz,HIGH,OFF,5.0KHz,0,56 75 372.61 WY Natrona Casper Casper Mountain N7RRB,0
452,145.37000,144.77000,0.60000,-RPT,FM,VIU Hesperus,TONE SQL,100.0 Hz,023,1500 Hz,HIGH,OFF,5.0KHz,0,8 8169 373.61 CO La Plata Hesperus KB0VIU,0
453,449.70000,444.70000,5.00000,-RPT,FM,BYU Vernal,TONE ENC,136.5 Hz,023,1500 Hz,HIGH,OFF,5.0KHz,0,49 182 373.83 UT Uintah Vernal W7BYU,0
454,147.10000,147.70000,0.60000,+RPT,FM,BAR Vernal Blue Mountain,TONE ENC,136.5 Hz,023,1500 Hz,HIGH,OFF,5.0KHz,0,49 163 373.93 UT Uintah Vernal Blue Mountain W7BAR,0
455,146.92000,146.32000,0.60000,-RPT,FM,BYU Roosevelt,TONE ENC,136.5 Hz,023,1500 Hz,HIGH,OFF,5.0KHz,0,49 281 373.96 UT Duchesne Roosevelt W7BYU,0
456,449.50000,444.50000,5.00000,-RPT,FM,B7I Casper Casper Mtn.,TONE ENC,100.0 Hz,023,1500 Hz,HIGH,OFF,5.0KHz,0,56 67 375.68 WY Natrona Casper Casper Mtn. NB7I,0
457,145.32500,144.72500,0.60000,-RPT,FM,ITS Mancos Caviness Mountain,TONE ENC,100.0 Hz,023,1500 Hz,HIGH,OFF,5.0KHz,0,8 8168 376.42 CO Montezuma Mancos Caviness Mountain KB5ITS,0
458,145.32500,144.72500,0.60000,-RPT,FM,ITS Mancos Caviness,OFF,100.0 Hz,023,1500 Hz,HIGH,OFF,5.0KHz,0,8 18459 376.52 CO Montezuma Mancos Caviness KB5ITS,0
459,147.12000,147.72000,0.60000,+RPT,FM,PFO Taos Picuris Peak,TONE ENC,67.0 Hz,023,1500 Hz,HIGH,OFF,5.0KHz,0,35 172 376.91 NM Taos Taos Picuris Peak KF5PFO,0
460,442.37500,447.37500,5.00000,+RPT,FM,ITS Mancos Caviness Mountain,TONE ENC,100.0 Hz,023,1500 Hz,HIGH,OFF,5.0KHz,0,8 15896 376.99 CO Montezuma Mancos Caviness Mountain KB5ITS,0
461,147.15000,147.75000,0.60000,+RPT,FM,7BA Douglas,OFF,100.0 Hz,023,1500 Hz,HIGH,OFF,5.0KHz,0,56 50 378.58 WY Converse Douglas KK7BA,0
462,147.36000,147.96000,0.60000,+RPT,FM,FLO Chadron Nebraska National Fo,TONE SQL,123.0 Hz,023,1500 Hz,HIGH,OFF,5.0KHz,0,31 12643 379.98 NE Dawes Chadron Nebraska National Forest W0FLO,0
463,449.57500,444.57500,5.00000,-RPT,FM,VNJ Casper Wyoming Med Center,TONE SQL,173.8 Hz,023,1500 Hz,HIGH,OFF,5.0KHz,0,56 73 382.51 WY Natrona Casper Wyoming Med Center W7VNJ,0
464,147.28000,147.88000,0.60000,+RPT,FM,VNJ Casper,DCS,100.0 Hz,032,1500 Hz,HIGH,OFF,5.0KHz,0,56 3542 382.55 WY Natrona Casper W7VNJ,0
465,449.10000,444.10000,5.00000,-RPT,FM,G7T Casper,OFF,100.0 Hz,023,1500 Hz,HIGH,OFF,5.0KHz,0,56 63 384.57 WY Natrona Casper NG7T,0
466,146.91000,146.31000,0.60000,-RPT,FM,7GT Casper,OFF,100.0 Hz,023,1500 Hz,HIGH,OFF,5.0KHz,0,56 15529 384.58 WY Natrona Casper N7GT,0
467,147.34500,147.94500,0.60000,+RPT,FM,MJI Casper,OFF,100.0 Hz,023,1500 Hz,HIGH,OFF,5.0KHz,0,56 15537 384.58 WY Natrona Casper KC7MJI,0
468,147.18000,147.78000,0.60000,+RPT,FM,5PX Dixon Cerro Abajo,TONE SQL,100.0 Hz,023,1500 Hz,HIGH,OFF,5.0KHz,0,35 15923 386.38 NM Rio Arriba Dixon Cerro Abajo KD5PX,0
469,442.50000,447.50000,5.00000,+RPT,FM,ECT Garden City Tennis,TONE SQL,141.3 Hz,023,1500 Hz,HIGH,OFF,5.0KHz,0,20 4046 386.39 KS Finney Garden City Tennis K0ECT,0
470,146.70000,146.10000,0.60000,-RPT,FM,0NP North Platte,TONE SQL,123.0 Hz,023,1500 Hz,HIGH,OFF,5.0KHz,0,31 43 388.36 NE Lincoln North Platte NE0NP,0
471,146.83500,146.23500,0.60000,-RPT,FM,KDC North Platte,OFF,100.0 Hz,023,1500 Hz,HIGH,OFF,5.0KHz,0,31 44 388.36 NE Lincoln North Platte K0KDC,0
472,449.90000,444.90000,5.00000,-RPT,FM,BAR Vernal Uintah County EOC,TONE ENC,136.5 Hz,023,1500 Hz,HIGH,OFF,5.0KHz,0,49 13408 388.64 UT Uintah Vernal Uintah County EOC W7BAR,0
473,146.94000,146.34000,0.60000,-RPT,FM,UGO North Platte,TONE ENC,100.0 Hz,023,1500 Hz,HIGH,OFF,5.0KHz,0,31 11026 389.51 NE Lincoln North Platte N0UGO,0
474,147.33000,147.93000,0.60000,+RPT,FM,0IQ North Platte,TONE ENC,123.0 Hz,023,1500 Hz,HIGH,OFF,5.0KHz,0,31 11023 389.51 NE Lincoln North Platte N0IQ,0
475,442.25000,447.25000,5.00000,+RPT,FM,UGO North Platte,TONE ENC,123.0 Hz,023,1500 Hz,HIGH,OFF,5.0KHz,0,31 11024 389.51 NE Lincoln North Platte N0UGO,0
476,444.40000,449.40000,5.00000,+RPT,FM,0IQ North Platte,TONE ENC,123.0 Hz,023,1500 Hz,HIGH,OFF,5.0KHz,0,31 11022 389.51 NE Lincoln North Platte N0IQ,0
477,146.91000,146.31000,0.60000,-RPT,FM,OQA Garden City,TONE SQL,141.3 Hz,023,1500 Hz,HIGH,OFF,5.0KHz,0,20 3959 390.46 KS Finney Garden City WA0OQA,0
478,147.06000,147.66000,0.60000,+RPT,FM,5SJ Nebo Cedar Hill,TONE ENC,100.0 Hz,023,1500 Hz,HIGH,OFF,5.0KHz,0,35 16667 391.02 NM San Juan Nebo Cedar Hill NM5SJ,0
479,147.36000,147.96000,0.60000,+RPT,FM,ITS Navajo Dam Navajo Lake,TONE ENC,100.0 Hz,023,1500 Hz,HIGH,OFF,5.0KHz,0,35 15644 391.19 NM San Juan Navajo Dam Navajo Lake KB5ITS,0
480,444.52500,449.52500,5.00000,+RPT,FM,ECT Ulysses Wagon Bed Springs,TONE SQL,141.3 Hz,023,1500 Hz,HIGH,OFF,5.0KHz,0,20 4110 392.10 KS Grant Ulysses Wagon Bed Springs K0ECT,0
481,145.19000,144.59000,0.60000,-RPT,FM,ITS Cortez Goodman,TONE ENC,100.0 Hz,023,1500 Hz,HIGH,OFF,5.0KHz,0,8 16606 392.97 CO Montezuma Cortez Goodman KB5ITS,0
482,447.27500,442.27500,5.00000,-RPT,FM,ITS Dolores Summit Ridge,TONE ENC,100.0 Hz,023,1500 Hz,HIGH,OFF,5.0KHz,0,8 16623 392.97 CO Montezuma Dolores Summit Ridge KB5ITS,0
483,446.30000,446.30000,0.00000,OFF,FM,Chadron,OFF,100.0 Hz,023,1500 Hz,HIGH,OFF,5.0KHz,0,31 17082 393.86 NE Dawes Chadron,0
484,145.62000,145.62000,0.00000,OFF,FM,FLO Chadron,TONE ENC,100.0 Hz,023,1500 Hz,HIGH,OFF,5.0KHz,0,31 11357 393.90 NE Dawes Chadron W0FLO,0
485,444.40000,449.40000,5.00000,+RPT,FM,JNI Wagon Mound,TONE ENC,100.0 Hz,023,1500 Hz,HIGH,OFF,5.0KHz,0,35 181 397.46 NM Mora Wagon Mound N7JNI,0
486,147.20000,147.80000,0.60000,+RPT,FM,5ML Wagon Mound Turkey Mountain,TONE ENC,67.0 Hz,023,1500 Hz,HIGH,OFF,5.0KHz,0,35 11289 399.91 NM Mora Wagon Mound Turkey Mountain NM5ML,0
487,145.37000,144.77000,0.60000,-RPT,FM,5EM Wagon Mound Turkey Mtn,TONE ENC,141.3 Hz,023,1500 Hz,HIGH,OFF,5.0KHz,0,35 15621 399.95 NM Mora Wagon Mound Turkey Mtn NM5EM,0
488,146.76000,146.16000,0.60000,-RPT,FM,QEQ Moab Bald Mesa,TONE ENC,88.5 Hz,023,1500 Hz,HIGH,OFF,5.0KHz,0,49 13042 401.40 UT Grand Moab Bald Mesa K7QEQ,0
489,449.10000,444.10000,5.00000,-RPT,FM,QEQ Moab Bald Mesa,TONE SQL,107.2 Hz,023,1500 Hz,HIGH,OFF,5.0KHz,0,49 52 401.43 UT Grand Moab Bald Mesa K7QEQ,0
490,146.61000,146.01000,0.60000,-RPT,FM,0QS Hugoton,TONE SQL,123.0 Hz,023,1500 Hz,HIGH,OFF,5.0KHz,0,20 18554 407.48 KS Stevens Hugoton W0QS,0
491,146.74000,146.14000,0.60000,-RPT,FM,5SJ Aztec,TONE ENC,100.0 Hz,023,1500 Hz,HIGH,OFF,5.0KHz,0,35 43 410.02 NM San Juan Aztec NM5SJ,0
492,447.45000,442.45000,5.00000,-RPT,FM,ITS Aztec,TONE ENC,107.2 Hz,023,1500 Hz,HIGH,OFF,5.0KHz,0,35 44 410.02 NM San Juan Aztec KB5ITS,0
493,146.88000,146.28000,0.60000,-RPT,FM,ITS Aztec Tank Mtn,TONE ENC,100.0 Hz,023,1500 Hz,HIGH,OFF,5.0KHz,0,35 15629 410.08 NM San Juan Aztec Tank Mtn KB5ITS,0
494,146.61000,146.01000,0.60000,-RPT,FM,ITS Aztec Hottel Hill,TONE ENC,100.0 Hz,023,1500 Hz,HIGH,OFF,5.0KHz,0,35 18461 411.95 NM San Juan Aztec Hottel Hill KB5ITS,0
495,147.04000,147.64000,0.60000,+RPT,FM,BAR Vernal Grizzly Ridge,TONE ENC,136.5 Hz,023,1500 Hz,HIGH,OFF,5.0KHz,0,49 181 412.09 UT Uintah Vernal Grizzly Ridge W7BAR,0
496,145.49000,144.89000,0.60000,-RPT,FM,HEN Vernal Grizzly Ridge,TONE ENC,136.5 Hz,023,1500 Hz,HIGH,OFF,5.0KHz,0,49 24 412.72 UT Uintah Vernal Grizzly Ridge K7HEN,0
497,147.06000,147.66000,0.60000,+RPT,FM,ECT Ulysses,OFF,100.0 Hz,023,1500 Hz,HIGH,OFF,5.0KHz,0,20 3979 412.79 KS Grant Ulysses K0ECT,0
498,146.94000,146.34000,0.60000,-RPT,FM,UUJ Rock Springs Aspen Mountain,TONE ENC,100.0 Hz,023,1500 Hz,HIGH,OFF,5.0KHz,0,56 10 413.29 WY Sweetwater Rock Springs Aspen Mountain KE7UUJ,0
499,146.61000,146.01000,0.60000,-RPT,FM,FGD Rock Springs Aspen Mountain,TONE ENC,100.0 Hz,023,1500 Hz,HIGH,OFF,5.0KHz,0,56 11 413.38 WY Sweetwater Rock Springs Aspen Mountain KE7FGD,0
500,147.10000,147.70000,0.60000,+RPT,FM,ITS Bloomfield Harris mesa,TONE ENC,100.0 Hz,023,1500 Hz,HIGH,OFF,5.0KHz,0,35 49 418.26 NM San Juan Bloomfield Harris mesa KB5ITS,0
