1,144.26500,144.26500,0.00000,OFF,FM,KC2HSO L,TONE ENC,203.5 Hz,023,1500 Hz,HIGH,OFF,25.0KHz,0,35 16629 434.68 NM Los Alamos Los Alamos KC2HSO,0
2,144.90000,144.90000,0.00000,OFF,FM,Weak Sig,OFF,100.0 Hz,023,1500 Hz,HIGH,OFF,25.0KHz,0,"Weak Signal, FM, Digital/Packet",0
3,144.91500,144.91500,0.00000,OFF,FM,Weak Sig,OFF,100.0 Hz,023,1500 Hz,HIGH,OFF,25.0KHz,0,"Weak Signal, FM, Digital/Packet",0
4,144.93000,144.93000,0.00000,OFF,FM,Weak Sig,OFF,100.0 Hz,023,1500 Hz,HIGH,OFF,25.0KHz,0,"Weak Signal, FM, Digital/Packet",0
5,144.94500,144.94500,0.00000,OFF,FM,Weak Sig,OFF,100.0 Hz,023,1500 Hz,HIGH,OFF,25.0KHz,0,"Weak Signal, FM, Digital/Packet",0
6,144.96000,144.96000,0.00000,OFF,FM,Weak Sig,OFF,100.0 Hz,023,1500 Hz,HIGH,OFF,25.0KHz,0,"Weak Signal, FM, Digital/Packet",0
7,144.97500,144.97500,0.00000,OFF,FM,Weak Sig,OFF,100.0 Hz,023,1500 Hz,HIGH,OFF,25.0KHz,0,"Weak Signal, FM, Digital/Packet",0
8,144.99000,144.99000,0.00000,OFF,FM,Weak Sig,OFF,100.0 Hz,023,1500 Hz,HIGH,OFF,25.0KHz,0,"Weak Signal, FM, Digital/Packet",0
9,145.00500,145.00500,0.00000,OFF,FM,Weak Sig,OFF,100.0 Hz,023,1500 Hz,HIGH,OFF,25.0KHz,0,"Weak Signal, FM, Digital/Packet",0
10,145.02000,145.02000,0.00000,OFF,FM,Weak Sig,OFF,100.0 Hz,023,1500 Hz,HIGH,OFF,25.0KHz,0,"Weak Signal, FM, Digital/Packet",0
11,145.03500,145.03500,0.00000,OFF,FM,Weak Sig,OFF,100.0 Hz,023,1500 Hz,HIGH,OFF,25.0KHz,0,"Weak Signal, FM, Digital/Packet",0
12,145.05000,145.05000,0.00000,OFF,FM,Weak Sig,OFF,100.0 Hz,023,1500 Hz,HIGH,OFF,25.0KHz,0,"Weak Signal, FM, Digital/Packet",0
13,145.06500,145.06500,0.00000,OFF,FM,Weak Sig,OFF,100.0 Hz,023,1500 Hz,HIGH,OFF,25.0KHz,0,"Weak Signal, FM, Digital/Packet",0
14,145.08000,145.08000,0.00000,OFF,FM,Weak Sig,OFF,100.0 Hz,023,1500 Hz,HIGH,OFF,25.0KHz,0,"Weak Signal, FM, Digital/Packet",0
15,145.09500,145.09500,0.00000,OFF,FM,Weak Sig,OFF,100.0 Hz,023,1500 Hz,HIGH,OFF,25.0KHz,0,"Weak Signal, FM, Digital/Packet",0
16,145.11000,145.11000,0.00000,OFF,FM,Weak Sig,OFF,100.0 Hz,023,1500 Hz,HIGH,OFF,25.0KHz,0,"Weak Signal, FM, Digital/Packet",0
17,145.11500,144.51500,0.60000,-RPT,FM,W0UPS Fo,TONE SQL,100.0 Hz,023,1500 Hz,HIGH,OFF,25.0KHz,0,"8 123 104.70 CO Larimer Fort Collins, Horsetooth Mountain W0UPS",0
18,145.13000,144.53000,0.60000,-RPT,FM,KB0VJJ C,TONE ENC,88.5 Hz,023,1500 Hz,HIGH,OFF,25.0KHz,0,"8 37 98.10 CO El Paso Colorado Springs, Cheyenne Mountain KB0VJJ",0
19,145.14500,144.54500,0.60000,-RPT,FM,W0CRA Id,TONE SQL,107.2 Hz,023,1500 Hz,HIGH,OFF,25.0KHz,0,"8 107 51.58 CO Clear Creek Idaho Springs, Squaw Mountain W0CRA",0
20,145.16000,144.56000,0.60000,-RPT,FM,W0CRA Co,TONE SQL,107.2 Hz,023,1500 Hz,HIGH,OFF,25.0KHz,0,"8 38 98.96 CO El Paso Colorado Springs, Cheyenne Mountain W0CRA",0
21,145.16000,144.56000,0.60000,-RPT,FM,KB0VJJ W,TONE ENC,88.5 Hz,023,1500 Hz,HIGH,OFF,25.0KHz,0,"8 244 170.10 CO Jackson Walden, Peterson Ridge KB0VJJ",0
22,145.17500,144.57500,0.60000,-RPT,FM,W0RRZ Gr,TONE ENC,107.2 Hz,023,1500 Hz,HIGH,OFF,25.0KHz,0,"8 147 317.00 CO Mesa Grand Junction, GJT W0RRZ",0
23,145.17500,144.57500,0.60000,-RPT,FM,WX7Y Sun,OFF,100.0 Hz,023,1500 Hz,HIGH,OFF,25.0KHz,0,"49 15319 467.03 UT Carbon Sunny Side, Bruin Peak WX7Y",0
24,145.19000,144.59000,0.60000,-RPT,FM,N0OBA Au,TONE ENC,151.4 Hz,023,1500 Hz,HIGH,OFF,25.0KHz,0,8 8741 11.59 CO Arapahoe Aurora N0OBA,0
25,145.19000,144.59000,0.60000,-RPT,FM,N0XLF Pa,TONE SQL,131.8 Hz,023,1500 Hz,HIGH,OFF,25.0KHz,0,"8 8740 54.68 CO Douglas Palmer Lake, Monument Hill N0XLF",0
26,145.19000,144.59000,0.60000,-RPT,FM,KB0DZB O,OFF,100.0 Hz,023,1500 Hz,HIGH,OFF,25.0KHz,0,20 3907 373.45 KS Decatur Oberlin KB0DZB,0
27,145.19000,144.59000,0.60000,-RPT,FM,KB5ITS D,TONE ENC,100.0 Hz,023,1500 Hz,HIGH,OFF,25.0KHz,0,"8 16606 394.87 CO Montezuma Dolores, Summit Ridge KB5ITS",0
28,145.19000,144.59000,0.60000,-RPT,FM,Santa Fe,TONE ENC,162.2 Hz,023,1500 Hz,HIGH,OFF,25.0KHz,0,35 17323 447.65 NM Bernalillo Santa Fe,0
29,145.20500,144.60500,0.60000,-RPT,FM,KA0RCZ A,OFF,100.0 Hz,023,1500 Hz,HIGH,OFF,25.0KHz,0,31 6 474.91 NE Harlan Alma KA0RCZ,0
30,145.21000,144.61000,0.60000,-RPT,FM,N5GDR Ci,TONE SQL,110.9 Hz,023,1500 Hz,HIGH,OFF,25.0KHz,0,35 16113 346.61 NM Colfax Cimarron N5GDR,0
31,145.22000,144.62000,0.60000,-RPT,FM,KE0TY Gr,TONE ENC,107.2 Hz,023,1500 Hz,HIGH,OFF,25.0KHz,0,8 8167 320.68 CO Mesa Grand Junction KE0TY,0
32,145.23500,144.63500,0.60000,-RPT,FM,KB7SWR C,TONE ENC,114.8 Hz,023,1500 Hz,HIGH,OFF,25.0KHz,0,56 19 168.34 WY Laramie Cheyenne KB7SWR,0
33,145.25000,144.65000,0.60000,-RPT,FM,KF5PFO R,TONE ENC,123.0 Hz,023,1500 Hz,HIGH,OFF,25.0KHz,0,"35 15618 320.88 NM Taos Red River, Valle Vidal KF5PFO",0
34,145.26500,144.66500,0.60000,-RPT,FM,KB0SRJ C,OFF,100.0 Hz,023,1500 Hz,HIGH,OFF,25.0KHz,0,"8 39 103.09 CO El Paso Colorado Springs, ~2 mi ENE USAFA North Gate KB0SRJ",0
35,145.26500,144.66500,0.60000,-RPT,FM,WD0HAM C,TONE ENC,107.2 Hz,023,1500 Hz,HIGH,OFF,25.0KHz,0,8 3740 246.36 CO Moffat Craig WD0HAM,0
36,145.28000,144.68000,0.60000,-RPT,FM,KE0SJ Go,TONE ENC,100.0 Hz,023,1500 Hz,HIGH,OFF,25.0KHz,0,"8 140 42.22 CO Jefferson Golden, Centennial Cone KE0SJ",0
37,145.29500,144.69500,0.60000,-RPT,FM,KC0CVU S,TONE ENC,107.2 Hz,023,1500 Hz,HIGH,OFF,25.0KHz,0,"8 203 161.77 CO Chaffee Salida, Methodist Mountain KC0CVU",0
38,145.29500,144.69500,0.60000,-RPT,FM,WA0JTB S,OFF,100.0 Hz,023,1500 Hz,HIGH,OFF,25.0KHz,0,"8 238 181.33 CO Logan Sterling, CO WA0JTB",0
39,145.31000,144.71000,0.60000,-RPT,FM,KB0VJJ B,TONE ENC,88.5 Hz,023,1500 Hz,HIGH,OFF,25.0KHz,0,"8 72 53.96 CO Gilpin Boulder, Thorodin Mountain KB0VJJ",0
40,145.32500,144.72500,0.60000,-RPT,FM,KD0MRC M,TONE ENC,100.0 Hz,023,1500 Hz,HIGH,OFF,25.0KHz,0,8 16739 176.74 CO Chaffee Maysville KD0MRC,0
41,145.32500,144.72500,0.60000,-RPT,FM,KB5ITS S,TONE ENC,127.3 Hz,023,1500 Hz,HIGH,OFF,25.0KHz,0,"8 16605 313.91 CO San Juan Silverton, Buffalo Boy KB5ITS",0
42,145.32500,144.72500,0.60000,-RPT,FM,KB5ITS M,TONE ENC,100.0 Hz,023,1500 Hz,HIGH,OFF,25.0KHz,0,"8 8168 388.21 CO Montezuma Mancos, Menefee Mountain KB5ITS",0
43,145.34000,144.74000,0.60000,-RPT,FM,KE4GUQ E,TONE ENC,103.5 Hz,023,1500 Hz,HIGH,OFF,25.0KHz,0,8 73 36.29 CO Jefferson Evergreen KE4GUQ,0
44,145.35500,144.75500,0.60000,-RPT,FM,N0JPX La,TONE ENC,100.0 Hz,023,1500 Hz,HIGH,OFF,25.0KHz,0,8 168 236.17 CO Huerfano La Veta N0JPX,0
45,145.35500,144.75500,0.60000,-RPT,FM,KB0VJJ G,TONE ENC,88.5 Hz,023,1500 Hz,HIGH,OFF,25.0KHz,0,"8 149 268.94 CO Mesa Grand Junction, Grand Mesa KB0VJJ",0
46,145.37000,144.77000,0.60000,-RPT,FM,KB0VIU H,TONE SQL,100.0 Hz,023,1500 Hz,HIGH,OFF,25.0KHz,0,8 8169 376.04 CO La Plata Hesperus KB0VIU,0
47,145.40000,144.80000,0.60000,-RPT,FM,KB0UDD A,TONE ENC,100.0 Hz,023,1500 Hz,HIGH,OFF,25.0KHz,0,"8 5 13.23 CO Arapahoe Aurora, Smoky Hill KB0UDD",0
48,145.40000,144.80000,0.60000,-RPT,FM,KB0VJJ A,TONE ENC,88.5 Hz,023,1500 Hz,HIGH,OFF,25.0KHz,0,8 2 155.06 CO Washington Akron KB0VJJ,0
49,145.41500,144.81500,0.60000,-RPT,FM,KA0WUC W,TONE ENC,179.9 Hz,023,1500 Hz,HIGH,OFF,25.0KHz,0,8 249 71.78 CO Teller Woodland Park KA0WUC,0
50,145.43000,144.83000,0.60000,-RPT,FM,WA6IFI T,TONE ENC,107.2 Hz,023,1500 Hz,HIGH,OFF,25.0KHz,0,"8 239 294.76 CO Las Animas Trinidad, Raton Pass WA6IFI",0
51,145.43000,144.83000,0.60000,-RPT,FM,NM5SJ Du,TONE ENC,136.5 Hz,023,1500 Hz,HIGH,OFF,25.0KHz,0,35 15624 351.37 NM Rio Arriba Dulce NM5SJ,0
52,145.44500,144.84500,0.60000,-RPT,FM,KB0VJJ L,TONE ENC,88.5 Hz,023,1500 Hz,HIGH,OFF,25.0KHz,0,"8 172 117.45 CO Lake Leadville, Mosquito Pass KB0VJJ",0
53,145.46000,144.86000,0.60000,-RPT,FM,W0CRA Bo,TONE SQL,107.2 Hz,023,1500 Hz,HIGH,OFF,25.0KHz,0,"8 8 63.22 CO Boulder Boulder, Eldorado Mountain W0CRA",0
54,145.46000,144.86000,0.60000,-RPT,FM,WB0WDF C,TONE ENC,67.0 Hz,023,1500 Hz,HIGH,OFF,25.0KHz,0,8 64 100.93 CO Teller Cripple Creek WB0WDF,0
55,145.46000,144.86000,0.60000,-RPT,FM,K7PLA Ca,TONE SQL,110.9 Hz,023,1500 Hz,HIGH,OFF,25.0KHz,0,"56 12433 365.42 WY Natrona Casper, Casper Mountain K7PLA",0
56,145.47500,144.87500,0.60000,-RPT,FM,KE0SJ Bo,TONE ENC,100.0 Hz,023,1500 Hz,HIGH,OFF,25.0KHz,0,"8 75 14.69 CO Jefferson Boulder, Blue Mountain KE0SJ",0
57,145.49000,144.89000,0.60000,-RPT,FM,W0TX Ida,TONE SQL,100.0 Hz,023,1500 Hz,HIGH,OFF,25.0KHz,0,"8 76 51.58 CO Jefferson Idaho Springs, Centennial Cone W0TX",0
58,145.49000,144.89000,0.60000,-RPT,FM,WD0EKR C,TONE SQL,103.5 Hz,023,1500 Hz,HIGH,OFF,25.0KHz,0,"8 30 134.84 CO Fremont Canon City, Fremont Peak WD0EKR",0
59,145.49000,144.89000,0.60000,-RPT,FM,W7BYU My,TONE ENC,136.5 Hz,023,1500 Hz,HIGH,OFF,25.0KHz,0,"49 13041 449.17 UT Duchesne Myton, Flat Top W7BYU",0
60,145.62000,145.62000,0.00000,OFF,FM,W0FLO Ch,TONE SQL,100.0 Hz,023,1500 Hz,HIGH,OFF,25.0KHz,0,31 11357 389.72 NE Dawes Chadron W0FLO,0
61,146.40000,146.40000,0.00000,OFF,FM,FM Voice,OFF,100.0 Hz,023,1500 Hz,HIGH,OFF,25.0KHz,0,FM Voice,0
62,146.41500,146.41500,0.00000,OFF,FM,FM Voice,OFF,100.0 Hz,023,1500 Hz,HIGH,OFF,25.0KHz,0,FM Voice,0
63,146.43000,146.43000,0.00000,OFF,FM,FM Voice,OFF,100.0 Hz,023,1500 Hz,HIGH,OFF,25.0KHz,0,FM Voice,0
64,146.44500,146.44500,0.00000,OFF,FM,FM Voice,OFF,100.0 Hz,023,1500 Hz,HIGH,OFF,25.0KHz,0,FM Voice,0
65,146.44500,146.44500,0.00000,OFF,FM,AG0N Sco,TONE SQL,88.5 Hz,023,1500 Hz,HIGH,OFF,25.0KHz,0,31 11355 277.02 NE Scotts Bluff Scottsbluff AG0N,0
66,146.46000,146.46000,0.00000,OFF,FM,FM Voice,OFF,100.0 Hz,023,1500 Hz,HIGH,OFF,25.0KHz,0,FM Voice,0
67,146.47500,146.47500,0.00000,OFF,FM,FM Voice,OFF,100.0 Hz,023,1500 Hz,HIGH,OFF,25.0KHz,0,FM Voice,0
68,146.47500,146.47500,0.00000,OFF,FM,W0FUI Ho,TONE SQL,146.2 Hz,023,1500 Hz,HIGH,OFF,25.0KHz,0,46 8144 438.29 SD Fall River Hot Springs W0FUI,0
69,146.49000,146.49000,0.00000,OFF,FM,FM Voice,OFF,100.0 Hz,023,1500 Hz,HIGH,OFF,25.0KHz,0,FM Voice,0
70,146.50500,146.50500,0.00000,OFF,FM,FM Voice,OFF,100.0 Hz,023,1500 Hz,HIGH,OFF,25.0KHz,0,FM Voice,0
71,146.52000,146.52000,0.00000,OFF,FM,FM Voice,OFF,100.0 Hz,023,1500 Hz,HIGH,OFF,25.0KHz,0,FM Voice,0
72,146.53500,146.53500,0.00000,OFF,FM,FM Voice,OFF,100.0 Hz,023,1500 Hz,HIGH,OFF,25.0KHz,0,FM Voice,0
73,146.55000,146.55000,0.00000,OFF,FM,FM Voice,OFF,100.0 Hz,023,1500 Hz,HIGH,OFF,25.0KHz,0,FM Voice,0
74,146.56500,146.56500,0.00000,OFF,FM,FM Voice,OFF,100.0 Hz,023,1500 Hz,HIGH,OFF,25.0KHz,0,FM Voice,0
75,146.58000,146.58000,0.00000,OFF,FM,FM Voice,OFF,100.0 Hz,023,1500 Hz,HIGH,OFF,25.0KHz,0,FM Voice,0
76,146.59500,146.59500,0.00000,OFF,FM,FM Voice,OFF,100.0 Hz,023,1500 Hz,HIGH,OFF,25.0KHz,0,FM Voice,0
77,146.61000,146.01000,0.60000,-RPT,FM,W0DK Bou,TONE ENC,100.0 Hz,023,1500 Hz,HIGH,OFF,25.0KHz,0,8 13 50.88 CO Boulder Boulder W0DK,0
78,146.61000,146.01000,0.60000,-RPT,FM,K0RV Vai,TONE ENC,107.2 Hz,023,1500 Hz,HIGH,OFF,25.0KHz,0,"8 256 125.31 CO Eagle Vail, Bald Mountain K0RV",0
79,146.61000,146.01000,0.60000,-RPT,FM,N0LAR La,TONE SQL,123.0 Hz,023,1500 Hz,HIGH,OFF,25.0KHz,0,8 3794 265.92 CO Prowers Lamar N0LAR,0
80,146.61000,146.01000,0.60000,-RPT,FM,N0JSP Pa,TONE ENC,123.0 Hz,023,1500 Hz,HIGH,OFF,25.0KHz,0,"8 188 331.97 CO Archuleta Pagosa Springs, Oakbrush Hill N0JSP",0
81,146.62500,146.02500,0.60000,-RPT,FM,W0UPS Fo,TONE SQL,100.0 Hz,023,1500 Hz,HIGH,OFF,25.0KHz,0,"8 246 116.09 CO Larimer Fort Collins, Buckhorn Mountain W0UPS",0
82,146.64000,146.04000,0.60000,-RPT,FM,WB0TUB G,TONE ENC,100.0 Hz,023,1500 Hz,HIGH,OFF,25.0KHz,0,"8 77 42.22 CO Jefferson Golden, Centennial Cone WB0TUB",0
83,146.64000,146.04000,0.60000,-RPT,FM,N0KM Cen,TONE SQL,77.0 Hz,023,1500 Hz,HIGH,OFF,25.0KHz,0,8 14200 233.56 CO Rio Grande Center N0KM,0
84,146.64000,146.04000,0.60000,-RPT,FM,K5IS Per,TONE ENC,88.5 Hz,023,1500 Hz,HIGH,OFF,25.0KHz,0,48 383 507.00 TX Ochiltree Perryton K5IS,0
85,146.65500,146.05500,0.60000,-RPT,FM,K0ST Pue,TONE ENC,123.0 Hz,023,1500 Hz,HIGH,OFF,25.0KHz,0,"8 192 154.60 CO Pueblo Pueblo, Pueblo K0ST",0
86,146.65500,146.05500,0.60000,-RPT,FM,KE7UUJ R,TONE SQL,107.2 Hz,023,1500 Hz,HIGH,OFF,25.0KHz,0,"56 13123 424.04 WY Sweetwater Rock Springs, Aspen Mountain KE7UUJ",0
87,146.67000,146.07000,0.60000,-RPT,FM,KB0UDD I,TONE SQL,100.0 Hz,023,1500 Hz,HIGH,OFF,25.0KHz,0,"8 78 51.58 CO Clear Creek Idaho Springs, Squaw Mountain KB0UDD",0
88,146.67000,146.07000,0.60000,-RPT,FM,K0CL Sno,TONE ENC,107.2 Hz,023,1500 Hz,HIGH,OFF,25.0KHz,0,8 211 181.48 CO Pitkin Snowmass Village K0CL,0
89,146.67000,146.07000,0.60000,-RPT,FM,K0EP Dur,TONE SQL,100.0 Hz,023,1500 Hz,HIGH,OFF,25.0KHz,0,"8 113 366.15 CO La Plata Durango, Eagle Pass K0EP",0
90,146.68500,146.08500,0.60000,-RPT,FM,NX0G Lak,TONE SQL,107.2 Hz,023,1500 Hz,HIGH,OFF,25.0KHz,0,"8 169 83.46 CO Park Lake George, Badger Mountain NX0G",0
91,146.68500,146.08500,0.60000,-RPT,FM,N0FH Est,TONE ENC,123.0 Hz,023,1500 Hz,HIGH,OFF,25.0KHz,0,8 119 94.34 CO Larimer Estes Park N0FH,0
92,146.70000,146.10000,0.60000,-RPT,FM,W0DK Bou,TONE ENC,100.0 Hz,023,1500 Hz,HIGH,OFF,25.0KHz,0,"8 14 51.03 CO Boulder Boulder, Table Mountain W0DK",0
93,146.70000,146.10000,0.60000,-RPT,FM,WB0QMR B,TONE ENC,107.2 Hz,023,1500 Hz,HIGH,OFF,25.0KHz,0,8 23 99.46 CO Summit Breckenridge WB0QMR,0
94,146.70000,146.10000,0.60000,-RPT,FM,N7RON Ra,TONE ENC,162.2 Hz,023,1500 Hz,HIGH,OFF,25.0KHz,0,56 5791 311.41 WY Carbon Rawlins N7RON,0
95,146.70000,146.10000,0.60000,-RPT,FM,K0EP Dur,TONE SQL,100.0 Hz,023,1500 Hz,HIGH,OFF,25.0KHz,0,"8 116 353.91 CO La Plata Durango, Missionary Ridge K0EP",0
96,146.70000,146.10000,0.60000,-RPT,FM,WA0OQA S,TONE SQL,141.3 Hz,023,1500 Hz,HIGH,OFF,25.0KHz,0,20 3940 361.03 KS Scott Scott City WA0OQA,0
97,146.70000,146.10000,0.60000,-RPT,FM,K0HS Hot,TONE SQL,146.2 Hz,023,1500 Hz,HIGH,OFF,25.0KHz,0,"46 3647 440.85 SD Fall River Hot Springs, Battle Mountain K0HS",0
98,146.71500,146.11500,0.60000,-RPT,FM,N0JXN De,TONE SQL,123.0 Hz,023,1500 Hz,HIGH,OFF,25.0KHz,0,8 79 14.69 CO Denver Denver N0JXN,0
99,146.71500,146.11500,0.60000,-RPT,FM,N0NEB Al,TONE SQL,103.5 Hz,023,1500 Hz,HIGH,OFF,25.0KHz,0,31 10034 324.93 NE Box Butte Alliance N0NEB,0
100,146.73000,146.13000,0.60000,-RPT,FM,ND0Q Wal,TONE ENC,88.5 Hz,023,1500 Hz,HIGH,OFF,25.0KHz,0,"8 247 209.75 CO Huerfano Walsenburg, N Rattlesnake Butte ND0Q",0
101,146.74500,146.14500,0.60000,-RPT,FM,W0LSD Na,TONE ENC,100.0 Hz,023,1500 Hz,HIGH,OFF,25.0KHz,0,8 184 151.73 CO Chaffee Nathrop W0LSD,0
102,146.74500,146.14500,0.60000,-RPT,FM,KD0AN Ed,OFF,100.0 Hz,023,1500 Hz,HIGH,OFF,25.0KHz,0,31 12982 442.02 NE Furnas Edison KD0AN,0
103,146.76000,146.16000,0.60000,-RPT,FM,W0IA Bou,TONE ENC,100.0 Hz,023,1500 Hz,HIGH,OFF,25.0KHz,0,"8 16 52.70 CO Boulder Boulder, Gunbarrel Hill W0IA",0
104,146.76000,146.16000,0.60000,-RPT,FM,KC0CVU C,TONE SQL,107.2 Hz,023,1500 Hz,HIGH,OFF,25.0KHz,0,"8 41 98.95 CO El Paso Colorado Springs, Cheyenne Mountain KC0CVU",0
105,146.76000,146.16000,0.60000,-RPT,FM,N0UGO Og,TONE ENC,123.0 Hz,023,1500 Hz,HIGH,OFF,25.0KHz,0,31 11025 316.38 NE Keith Ogallala N0UGO,0
106,146.76000,146.16000,0.60000,-RPT,FM,KF5PFO T,TONE ENC,67.0 Hz,023,1500 Hz,HIGH,OFF,25.0KHz,0,"35 174 344.42 NM Taos Tres Piedras, San Antonio Mountain KF5PFO",0
107,146.76000,146.16000,0.60000,-RPT,FM,K7QEQ Mo,TONE ENC,88.5 Hz,023,1500 Hz,HIGH,OFF,25.0KHz,0,"49 13042 401.27 UT Grand Moab, Bald Mesa K7QEQ",0
108,146.77500,146.17500,0.60000,-RPT,FM,KC7SNO C,TONE ENC,114.8 Hz,023,1500 Hz,HIGH,OFF,25.0KHz,0,"56 27 166.56 WY Laramie Cheyenne, Denver Hill KC7SNO",0
109,146.77500,146.17500,0.60000,-RPT,FM,KB0CKE S,OFF,100.0 Hz,023,1500 Hz,HIGH,OFF,25.0KHz,0,20 3947 327.94 KS Hamilton Syracuse KB0CKE,0
110,146.79000,146.19000,0.60000,-RPT,FM,ND0Q Pue,TONE ENC,88.5 Hz,023,1500 Hz,HIGH,OFF,25.0KHz,0,"8 193 140.36 CO Pueblo Pueblo, Baculite Mesa ND0Q",0
111,146.79000,146.19000,0.60000,-RPT,FM,KD5OPD M,TONE SQL,107.2 Hz,023,1500 Hz,HIGH,OFF,25.0KHz,0,8 7953 287.47 CO Montrose Montrose KD5OPD,0
112,146.79000,146.19000,0.60000,-RPT,FM,KD5LWU C,TONE SQL,127.3 Hz,023,1500 Hz,HIGH,OFF,25.0KHz,0,"8 61 409.10 CO Montezuma Cortez, Downtown KD5LWU",0
113,146.80500,146.20500,0.60000,-RPT,FM,W0KKS Li,TONE SQL,103.5 Hz,023,1500 Hz,HIGH,OFF,25.0KHz,0,20 3949 448.21 KS Seward Liberal W0KKS,0
114,146.80500,146.20500,0.60000,-RPT,FM,W7BEQ Sh,TONE ENC,100.0 Hz,023,1500 Hz,HIGH,OFF,25.0KHz,0,"56 15527 497.13 WY Fremont Shoshoni, Copper Mtn W7BEQ",0
115,146.82000,146.22000,0.60000,-RPT,FM,NX0G Woo,TONE ENC,107.2 Hz,023,1500 Hz,HIGH,OFF,25.0KHz,0,8 250 71.78 CO Teller Woodland Park NX0G,0
116,146.82000,146.22000,0.60000,-RPT,FM,KA0YDW G,TONE ENC,123.0 Hz,023,1500 Hz,HIGH,OFF,25.0KHz,0,8 145 102.82 CO Grand Granby KA0YDW,0
117,146.82000,146.22000,0.60000,-RPT,FM,KC7SNO L,TONE ENC,114.8 Hz,023,1500 Hz,HIGH,OFF,25.0KHz,0,"56 9 196.37 WY Albany Laramie, Beacon Hill KC7SNO",0
118,146.82000,146.22000,0.60000,-RPT,FM,W0GJT Gr,TONE ENC,107.2 Hz,023,1500 Hz,HIGH,OFF,25.0KHz,0,"8 261 320.59 CO Mesa Grand Junction, 9 Mile, Hwy 141, Unaweep W0GJT",0
119,146.82000,146.22000,0.60000,-RPT,FM,NW0K Col,TONE SQL,156.7 Hz,023,1500 Hz,HIGH,OFF,25.0KHz,0,20 3889 328.68 KS Thomas Colby NW0K,0
120,146.82000,146.22000,0.60000,-RPT,FM,W5SF San,TONE ENC,162.2 Hz,023,1500 Hz,HIGH,OFF,25.0KHz,0,"35 153 434.29 NM Santa Fe Santa Fe, Tesuque Peak W5SF",0
121,146.84000,146.24000,0.60000,-RPT,FM,N9PGQ La,TONE ENC,107.2 Hz,023,1500 Hz,HIGH,OFF,25.0KHz,0,35 102 454.81 NM Santa Fe La Cueva N9PGQ,0
122,146.85000,146.25000,0.60000,-RPT,FM,W0UPS Gr,TONE SQL,100.0 Hz,023,1500 Hz,HIGH,OFF,25.0KHz,0,"8 156 87.90 CO Weld Greeley, UNC W0UPS",0
123,146.85000,146.25000,0.60000,-RPT,FM,AD0TP Co,TONE ENC,156.7 Hz,023,1500 Hz,HIGH,OFF,25.0KHz,0,8 42 87.95 CO El Paso Colorado Springs AD0TP,0
124,146.85000,146.25000,0.60000,-RPT,FM,KB0VJJ G,TONE ENC,88.5 Hz,023,1500 Hz,HIGH,OFF,25.0KHz,0,"8 129 214.43 CO Garfield Glenwood Springs, Sunlight Peak KB0VJJ",0
125,146.85000,146.25000,0.60000,-RPT,FM,N0VL Lex,TONE SQL,123.0 Hz,023,1500 Hz,HIGH,OFF,25.0KHz,0,31 12983 455.81 NE Dawson Lexington N0VL,0
126,146.85000,146.25000,0.60000,-RPT,FM,KC0BXH C,TONE ENC,146.2 Hz,023,1500 Hz,HIGH,OFF,25.0KHz,0,"46 3644 481.32 SD Pennington Custer, Bear Mountain KC0BXH",0
127,146.88000,146.28000,0.60000,-RPT,FM,WB0TUB C,TONE ENC,100.0 Hz,023,1500 Hz,HIGH,OFF,25.0KHz,0,"8 80 24.32 CO Jefferson Centennial, Warren Mountain WB0TUB",0
128,146.88000,146.28000,0.60000,-RPT,FM,ND0Q Pue,TONE ENC,88.5 Hz,023,1500 Hz,HIGH,OFF,25.0KHz,0,"8 194 154.60 CO Pueblo Pueblo, Deer Peak ND0Q",0
129,146.88000,146.28000,0.60000,-RPT,FM,KI0G Gle,TONE ENC,107.2 Hz,023,1500 Hz,HIGH,OFF,25.0KHz,0,"8 130 214.43 CO Garfield Glenwood Springs, Sunlight Peak KI0G",0
130,146.88000,146.28000,0.60000,-RPT,FM,KB5ITS A,TONE ENC,100.0 Hz,023,1500 Hz,HIGH,OFF,25.0KHz,0,"35 15629 412.97 NM San Juan Aztec, Tank Mtn KB5ITS",0
131,146.88000,146.28000,0.60000,-RPT,FM,N0KOM Le,TONE SQL,162.2 Hz,023,1500 Hz,HIGH,OFF,25.0KHz,0,"20 3956 420.44 KS Norton Lenora, K-Link N0KOM",0
132,146.89500,146.29500,0.60000,-RPT,FM,AB0PC Ba,TONE SQL,100.0 Hz,023,1500 Hz,HIGH,OFF,25.0KHz,0,"8 7 55.49 CO Park Bailey, Dick Mountain AB0PC",0
133,146.89500,146.29500,0.60000,-RPT,FM,KE0AE St,TONE ENC,103.5 Hz,023,1500 Hz,HIGH,OFF,25.0KHz,0,8 122 199.70 CO Kit Carson Stratton KE0AE,0
134,146.91000,147.51000,0.60000,+RPT,FM,W0JZ Gol,TONE ENC,123.0 Hz,023,1500 Hz,HIGH,OFF,25.0KHz,0,8 13368 65.56 CO Boulder Gold Hill W0JZ,0
135,146.91000,146.31000,0.60000,-RPT,FM,K0IRP Co,TONE SQL,151.4 Hz,023,1500 Hz,HIGH,OFF,25.0KHz,0,8 43 87.95 CO El Paso Colorado Springs K0IRP,0
136,146.91000,146.31000,0.60000,-RPT,FM,KC0UUX M,TONE SQL,107.2 Hz,023,1500 Hz,HIGH,OFF,25.0KHz,0,8 12442 287.47 CO Montrose Montrose KC0UUX,0
137,146.91000,146.31000,0.60000,-RPT,FM,N7GT Cas,OFF,100.0 Hz,023,1500 Hz,HIGH,OFF,25.0KHz,0,56 15529 379.25 WY Natrona Casper N7GT,0
138,146.91000,146.31000,0.60000,-RPT,FM,WA0OQA G,TONE SQL,141.3 Hz,023,1500 Hz,HIGH,OFF,25.0KHz,0,20 3959 393.98 KS Finney Garden City WA0OQA,0
139,146.94000,146.34000,0.60000,-RPT,FM,W0WYX Id,TONE SQL,103.5 Hz,023,1500 Hz,HIGH,OFF,25.0KHz,0,"8 81 51.67 CO Clear Creek Idaho Springs, Squaw Mountain W0WYX",0
140,146.94000,146.34000,0.60000,-RPT,FM,N0UGO No,TONE ENC,123.0 Hz,023,1500 Hz,HIGH,OFF,25.0KHz,0,31 11026 388.37 NE Lincoln North Platte N0UGO,0
141,146.95500,146.35500,0.60000,-RPT,FM,N0JUN Ho,OFF,100.0 Hz,023,1500 Hz,HIGH,OFF,25.0KHz,0,8 163 244.74 CO Phillips Holyoke N0JUN,0
142,146.97000,146.37000,0.60000,-RPT,FM,KB0SRJ C,TONE ENC,100.0 Hz,023,1500 Hz,HIGH,OFF,25.0KHz,0,"8 44 88.43 CO El Paso Colorado Springs, Pikes Peak KB0SRJ",0
143,146.97000,146.37000,0.60000,-RPT,FM,KB0VJJ C,TONE ENC,88.5 Hz,023,1500 Hz,HIGH,OFF,25.0KHz,0,8 15577 246.36 CO Moffat Craig KB0VJJ,0
144,146.98500,146.38500,0.60000,-RPT,FM,K0FEZ Go,TONE SQL,100.0 Hz,023,1500 Hz,HIGH,OFF,25.0KHz,0,"8 82 42.22 CO Denver Golden, Centennial Cone K0FEZ",0
145,146.98500,146.38500,0.60000,-RPT,FM,N0OMC La,TONE SQL,156.7 Hz,023,1500 Hz,HIGH,OFF,25.0KHz,0,20 3967 366.47 KS Kearney Lakin N0OMC,0
146,147.00000,147.60000,0.60000,+RPT,FM,KC0KWD L,OFF,100.0 Hz,023,1500 Hz,HIGH,OFF,25.0KHz,0,8 157 72.30 CO Weld LaSalle KC0KWD,0
147,147.00000,146.40000,0.60000,-RPT,FM,N0NEB Ha,TONE ENC,103.5 Hz,023,1500 Hz,HIGH,OFF,25.0KHz,0,31 58 228.38 NE Banner Harrisburg N0NEB,0
148,147.00000,146.40000,0.60000,-RPT,FM,KC0WZL K,TONE ENC,123.0 Hz,023,1500 Hz,HIGH,OFF,25.0KHz,0,"31 14669 507.49 NE Buffalo Kearney, Kearney Water Tower KC0WZL",0
149,147.01500,147.61500,0.60000,+RPT,FM,NX0G Cri,TONE ENC,107.2 Hz,023,1500 Hz,HIGH,OFF,25.0KHz,0,8 65 100.93 CO Teller Cripple Creek NX0G,0
150,147.01500,147.61500,0.60000,+RPT,FM,N7UW Lar,TONE ENC,146.2 Hz,023,1500 Hz,HIGH,OFF,25.0KHz,0,"56 15436 187.49 WY Albany Laramie, Jelm Mountain N7UW",0
151,147.01500,147.61500,0.60000,+RPT,FM,N2VHZ Al,OFF,100.0 Hz,023,1500 Hz,HIGH,OFF,25.0KHz,0,31 10450 322.68 NE Box Butte Alliance N2VHZ,0
152,147.02000,147.62000,0.60000,+RPT,FM,NM5EM Sa,TONE ENC,141.3 Hz,023,1500 Hz,HIGH,OFF,25.0KHz,0,"35 15631 434.27 NM Santa Fe Santa Fe, Tesuque Peak NM5EM",0
153,147.03000,147.63000,0.60000,+RPT,FM,KI0HG Al,TONE ENC,100.0 Hz,023,1500 Hz,HIGH,OFF,25.0KHz,0,"8 15670 78.00 CO Boulder Allenspark, AFPD Station #5 KI0HG",0
154,147.03000,147.63000,0.60000,+RPT,FM,K0ECT Do,TONE ENC,123.0 Hz,023,1500 Hz,HIGH,OFF,25.0KHz,0,20 3974 471.66 KS Ford Dodge City K0ECT,0
155,147.04000,147.64000,0.60000,+RPT,FM,NM5EM Ea,TONE ENC,141.3 Hz,023,1500 Hz,HIGH,OFF,25.0KHz,0,"35 15635 340.09 NM Colfax Eagle Nest, Touch Me Not NM5EM",0
156,147.04000,147.64000,0.60000,+RPT,FM,N5DFQ Sp,TONE ENC,88.5 Hz,023,1500 Hz,HIGH,OFF,25.0KHz,0,48 596 500.68 TX Hansford Spearman N5DFQ,0
157,147.04500,147.64500,0.60000,+RPT,FM,K0ML Nor,TONE ENC,123.0 Hz,023,1500 Hz,HIGH,OFF,25.0KHz,0,8 185 29.84 CO Adams Northglenn K0ML,0
158,147.04500,147.64500,0.60000,+RPT,FM,N7JYS Ha,TONE SQL,131.8 Hz,023,1500 Hz,HIGH,OFF,25.0KHz,0,20 3975 486.14 KS Ellis Hays N7JYS,0
159,147.06000,147.66000,0.60000,+RPT,FM,KE0AE Ge,TONE ENC,103.5 Hz,023,1500 Hz,HIGH,OFF,25.0KHz,0,8 128 127.07 CO Lincoln Genoa KE0AE,0
160,147.06000,147.66000,0.60000,+RPT,FM,KB0TUC W,TONE SQL,77.0 Hz,023,1500 Hz,HIGH,OFF,25.0KHz,0,8 7189 173.16 CO Custer Westcliffe KB0TUC,0
161,147.06000,147.66000,0.60000,+RPT,FM,K0ECT Ul,OFF,100.0 Hz,023,1500 Hz,HIGH,OFF,25.0KHz,0,20 3979 382.41 KS Grant Ulysses K0ECT,0
162,147.06000,147.66000,0.60000,+RPT,FM,NM5SJ Ne,TONE ENC,100.0 Hz,023,1500 Hz,HIGH,OFF,25.0KHz,0,"35 16667 393.90 NM San Juan Nebo, Cedar Hill NM5SJ",0
163,147.07500,147.67500,0.60000,+RPT,FM,KB0VJJ K,TONE ENC,88.5 Hz,023,1500 Hz,HIGH,OFF,25.0KHz,0,"8 166 136.34 CO Grand Kremmling, Santoy Peak KB0VJJ",0
164,147.08000,147.68000,0.60000,+RPT,FM,W5SF Cha,TONE ENC,162.2 Hz,023,1500 Hz,HIGH,OFF,25.0KHz,0,"35 15079 336.08 NM Rio Arriba Chama, Overlook Mtn W5SF",0
165,147.08000,147.68000,0.60000,+RPT,FM,NM5SC Pl,TONE ENC,100.0 Hz,023,1500 Hz,HIGH,OFF,25.0KHz,0,"35 9768 499.72 NM Sandoval Placitas, La Madera NM5SC",0
166,147.09000,147.69000,0.60000,+RPT,FM,KZ0DEM S,TONE SQL,118.8 Hz,023,1500 Hz,HIGH,OFF,25.0KHz,0,8 8174 316.51 CO Baca Springfield KZ0DEM,0
167,147.09000,147.69000,0.60000,+RPT,FM,WN6QJN C,TONE SQL,146.2 Hz,023,1500 Hz,HIGH,OFF,25.0KHz,0,"46 3646 472.67 SD Custer Custer, Water Tank Hill WN6QJN",0
168,147.10500,147.70500,0.60000,+RPT,FM,WA0DE Si,TONE SQL,107.2 Hz,023,1500 Hz,HIGH,OFF,25.0KHz,0,8 12167 82.11 CO Elbert Simla WA0DE,0
169,147.10500,147.70500,0.60000,+RPT,FM,K0SSI Gr,OFF,100.0 Hz,023,1500 Hz,HIGH,OFF,25.0KHz,0,8 8175 320.68 CO Mesa Grand Junction K0SSI,0
170,147.12000,147.72000,0.60000,+RPT,FM,N0ARA Cr,TONE SQL,88.5 Hz,023,1500 Hz,HIGH,OFF,25.0KHz,0,"8 59 41.33 CO Jefferson Critchell, Critchell Mountain N0ARA",0
171,147.12000,147.72000,0.60000,+RPT,FM,W0VTL Gu,OFF,100.0 Hz,023,1500 Hz,HIGH,OFF,25.0KHz,0,8 160 212.60 CO Gunnison Gunnison W0VTL,0
172,147.12000,147.72000,0.60000,+RPT,FM,K0HS Cus,TONE SQL,146.2 Hz,023,1500 Hz,HIGH,OFF,25.0KHz,0,"46 14968 472.59 SD Custer Custer, Mt Coolidge K0HS",0
173,147.12000,147.72000,0.60000,+RPT,FM,AA0HJ Ph,OFF,100.0 Hz,023,1500 Hz,HIGH,OFF,25.0KHz,0,20 3986 477.04 KS Phillips Phillipsburg AA0HJ,0
174,147.13500,147.73500,0.60000,+RPT,FM,AA0L Col,TONE ENC,100.0 Hz,023,1500 Hz,HIGH,OFF,25.0KHz,0,8 8176 87.92 CO El Paso Colorado Springs AA0L,0
175,147.13500,146.53500,0.60000,-RPT,FM,KB5ITS L,TONE ENC,123.0 Hz,023,1500 Hz,HIGH,OFF,25.0KHz,0,"8 16607 274.83 CO Hinsdale Lake City, Hill 71 KB5ITS",0
176,147.13500,147.73500,0.60000,+RPT,FM,KB5ITS D,TONE SQL,100.0 Hz,023,1500 Hz,HIGH,OFF,25.0KHz,0,"8 11545 371.42 CO La Plata Durango, Smelter Mountain KB5ITS",0
177,147.14000,147.74000,0.60000,+RPT,FM,NM5ML Ta,TONE ENC,67.0 Hz,023,1500 Hz,HIGH,OFF,25.0KHz,0,"35 11288 340.28 NM Taos Taos, Ski Valley NM5ML",0
178,147.15000,147.75000,0.60000,+RPT,FM,W0CBI Go,TONE SQL,100.0 Hz,023,1500 Hz,HIGH,OFF,25.0KHz,0,"8 133 40.84 CO Jefferson Golden, Guy Hill W0CBI",0
179,147.15000,147.75000,0.60000,+RPT,FM,KB5ITS I,TONE ENC,100.0 Hz,023,1500 Hz,HIGH,OFF,25.0KHz,0,"8 8177 367.48 CO La Plata Ignacio, Spring Creek KB5ITS",0
180,147.15000,147.75000,0.60000,+RPT,FM,N5DFQ Gu,TONE ENC,88.5 Hz,023,1500 Hz,HIGH,OFF,25.0KHz,0,40 4418 442.82 OK Texas Guymon N5DFQ,0
181,147.16500,147.76500,0.60000,+RPT,FM,KB0VJJ S,TONE ENC,88.5 Hz,023,1500 Hz,HIGH,OFF,25.0KHz,0,8 15579 190.59 CO Routt Steamboat Springs KB0VJJ,0
182,147.16500,147.76500,0.60000,+RPT,FM,KC7SNO A,TONE ENC,114.8 Hz,023,1500 Hz,HIGH,OFF,25.0KHz,0,56 28 210.16 WY Laramie Albin KC7SNO,0
183,147.17500,147.77500,0.60000,+RPT,FM,NM5EM De,TONE ENC,141.3 Hz,023,1500 Hz,HIGH,OFF,25.0KHz,0,"35 15638 331.85 NM Union Des Moines, Sierra Grande NM5EM",0
184,147.18000,147.78000,0.60000,+RPT,FM,KD5PX Di,TONE SQL,100.0 Hz,023,1500 Hz,HIGH,OFF,25.0KHz,0,"35 15923 391.07 NM Rio Arriba Dixon, Cerro Abajo KD5PX",0
185,147.18000,147.78000,0.60000,+RPT,FM,WK0DX Pl,OFF,100.0 Hz,023,1500 Hz,HIGH,OFF,25.0KHz,0,20 3996 452.12 KS Meade Plains WK0DX,0
186,147.18000,147.78000,0.60000,+RPT,FM,KE0KIY H,TONE SQL,100.0 Hz,023,1500 Hz,HIGH,OFF,25.0KHz,0,20 3993 482.51 KS Ellis Hays KE0KIY,0
187,147.19500,147.79500,0.60000,+RPT,FM,W0LRA Lo,TONE ENC,100.0 Hz,023,1500 Hz,HIGH,OFF,25.0KHz,0,"8 179 88.02 CO Larimer Loveland, Namaqua Hill W0LRA",0
188,147.19500,147.79500,0.60000,+RPT,FM,KC0QXX C,TONE ENC,107.2 Hz,023,1500 Hz,HIGH,OFF,25.0KHz,0,"8 3745 273.25 CO Delta Cedaredge, Cedar Mesa KC0QXX",0
189,147.20000,147.80000,0.60000,+RPT,FM,NM5ML Wa,TONE ENC,67.0 Hz,023,1500 Hz,HIGH,OFF,25.0KHz,0,"35 11289 405.06 NM Mora Wagon Mound, Turkey Mountain NM5ML",0
190,147.20000,147.80000,0.60000,+RPT,FM,W5SF San,TONE ENC,162.2 Hz,023,1500 Hz,HIGH,OFF,25.0KHz,0,"35 154 450.80 NM Santa Fe Santa Fe, St Vincent Hospital W5SF",0
191,147.20000,147.80000,0.60000,+RPT,FM,K7GX Pri,TONE ENC,88.5 Hz,023,1500 Hz,HIGH,OFF,25.0KHz,0,"49 10058 506.87 UT Carbon Price, Wood Hill K7GX",0
192,147.21000,147.81000,0.60000,+RPT,FM,KD0SSP L,TONE SQL,100.0 Hz,023,1500 Hz,HIGH,OFF,25.0KHz,0,"8 9775 23.97 CO Jefferson Lakewood, Moffat Treatment Plant KD0SSP",0
193,147.21000,147.81000,0.60000,+RPT,FM,KD0H Ste,TONE SQL,107.2 Hz,023,1500 Hz,HIGH,OFF,25.0KHz,0,8 237 190.51 CO Routt Steamboat Springs KD0H,0
194,147.22500,147.82500,0.60000,+RPT,FM,W0CRA La,TONE SQL,107.2 Hz,023,1500 Hz,HIGH,OFF,25.0KHz,0,"8 83 51.65 CO Douglas Larkspur, Westcreek W0CRA",0
195,147.24000,147.84000,0.60000,+RPT,FM,N0ZSN Le,TONE SQL,156.7 Hz,023,1500 Hz,HIGH,OFF,25.0KHz,0,"8 10827 127.27 CO Lake Leadville, Quail Mountain N0ZSN",0
196,147.27000,147.87000,0.60000,+RPT,FM,W0ENO Lo,TONE SQL,100.0 Hz,023,1500 Hz,HIGH,OFF,25.0KHz,0,8 175 62.62 CO Boulder Longmont W0ENO,0
197,147.27000,147.87000,0.60000,+RPT,FM,Colorado,OFF,100.0 Hz,023,1500 Hz,HIGH,OFF,25.0KHz,0,8 46 87.95 CO El Paso Colorado Springs,0
198,147.27000,147.87000,0.60000,+RPT,FM,KB5ITS O,TONE ENC,127.3 Hz,023,1500 Hz,HIGH,OFF,25.0KHz,0,"8 16604 299.51 CO Ouray Ouray, Engineer Mountain KB5ITS",0
199,147.27000,147.87000,0.60000,+RPT,FM,KB5ITT S,TONE ENC,127.3 Hz,023,1500 Hz,HIGH,OFF,25.0KHz,0,"8 208 331.49 CO San Juan Silverton, Engineer Mountain KB5ITT",0
200,147.28000,147.88000,0.60000,+RPT,FM,W7VNJ Ca,DCS,100.0 Hz,032,1500 Hz,HIGH,OFF,25.0KHz,0,56 3542 377.23 WY Natrona Casper W7VNJ,0
201,147.28000,147.88000,0.60000,+RPT,FM,AD7ZW Al,TONE SQL,107.2 Hz,023,1500 Hz,HIGH,OFF,25.0KHz,0,49 14977 466.32 UT Duchesne Altamont AD7ZW,0
202,147.28500,147.88500,0.60000,+RPT,FM,KB0VJJ W,TONE ENC,88.5 Hz,023,1500 Hz,HIGH,OFF,25.0KHz,0,"8 15582 79.74 CO Grand Winter Park, Winter Park KB0VJJ",0
203,147.28500,147.88500,0.60000,+RPT,FM,KB0VJJ S,TONE ENC,88.5 Hz,023,1500 Hz,HIGH,OFF,25.0KHz,0,"8 204 161.77 CO Chaffee Salida, Methodist Mountain KB0VJJ",0
204,147.30000,147.90000,0.60000,+RPT,FM,N0PYY Ev,TONE SQL,103.5 Hz,023,1500 Hz,HIGH,OFF,25.0KHz,0,"8 84 51.14 CO Clear Creek Evergreen, Squaw Mountain N0PYY",0
205,147.33000,147.93000,0.60000,+RPT,FM,W0TX Lak,TONE ENC,100.0 Hz,023,1500 Hz,HIGH,OFF,25.0KHz,0,"8 85 22.24 CO Jefferson Lakewood, Green Mountain W0TX",0
206,147.33000,147.93000,0.60000,+RPT,FM,KI0MR Pa,TONE ENC,107.2 Hz,023,1500 Hz,HIGH,OFF,25.0KHz,0,8 8179 247.22 CO Delta Paonia KI0MR,0
207,147.33000,147.93000,0.60000,+RPT,FM,KG7OMT L,TONE ENC,103.5 Hz,023,1500 Hz,HIGH,OFF,25.0KHz,0,"56 16404 359.12 WY Niobrara Lusk, 77 Hill KG7OMT",0
208,147.33000,147.93000,0.60000,+RPT,FM,N0IQ Nor,TONE ENC,123.0 Hz,023,1500 Hz,HIGH,OFF,25.0KHz,0,31 11023 388.37 NE Lincoln North Platte N0IQ,0
209,147.34000,147.94000,0.60000,+RPT,FM,K5DST Lo,TONE ENC,131.8 Hz,023,1500 Hz,HIGH,OFF,25.0KHz,0,"35 15643 491.58 NM Quay Logan, Ute Lake K5DST",0
210,147.34000,147.94000,0.60000,+RPT,FM,KG7DSO V,TONE ENC,136.5 Hz,023,1500 Hz,HIGH,OFF,25.0KHz,0,"49 121 509.48 UT Uintah Vernal, Tabby Mountain KG7DSO",0
211,147.34500,147.94500,0.60000,+RPT,FM,KC0CVU C,TONE SQL,107.2 Hz,023,1500 Hz,HIGH,OFF,25.0KHz,0,"8 47 98.96 CO El Paso Colorado Springs, Cheyenne Mountain KC0CVU",0
212,147.34500,147.94500,0.60000,+RPT,FM,KB0VJJ V,TONE ENC,88.5 Hz,023,1500 Hz,HIGH,OFF,25.0KHz,0,8 241 133.93 CO Eagle Vail KB0VJJ,0
213,147.34500,147.94500,0.60000,+RPT,FM,KB0VJJ D,TONE ENC,88.5 Hz,023,1500 Hz,HIGH,OFF,25.0KHz,0,"8 114 355.86 CO La Plata Durango, Missionary Ridge KB0VJJ",0
214,147.34500,147.94500,0.60000,+RPT,FM,KC7MJI C,OFF,100.0 Hz,023,1500 Hz,HIGH,OFF,25.0KHz,0,56 15537 379.25 WY Natrona Casper KC7MJI,0
215,147.35000,147.95000,0.60000,+RPT,FM,Boise Ci,TONE SQL,88.5 Hz,023,1500 Hz,HIGH,OFF,25.0KHz,0,40 3790 383.51 OK Cimarron Boise City,0
216,147.35500,146.75500,0.60000,-RPT,FM,KB0VJJ G,TONE ENC,88.5 Hz,023,1500 Hz,HIGH,OFF,25.0KHz,0,"8 15581 322.14 CO Mesa Grand Junction, Grand Mesa KB0VJJ",0
217,147.36000,147.96000,0.60000,+RPT,FM,KC0CVU L,TONE SQL,107.2 Hz,023,1500 Hz,HIGH,OFF,25.0KHz,0,"8 170 83.45 CO Park Lake George, Badger Mountain KC0CVU",0
218,147.36000,147.96000,0.60000,+RPT,FM,W0QEY Fo,TONE SQL,100.0 Hz,023,1500 Hz,HIGH,OFF,25.0KHz,0,"8 125 106.09 CO Larimer Fort Collins, CSU Durward Hall W0QEY",0
219,147.36000,147.96000,0.60000,+RPT,FM,W0ALC Ce,TONE ENC,100.0 Hz,023,1500 Hz,HIGH,OFF,25.0KHz,0,8 3749 273.25 CO Delta Cedaredge W0ALC,0
220,147.36000,147.96000,0.60000,+RPT,FM,W0FLO Ch,TONE SQL,123.0 Hz,023,1500 Hz,HIGH,OFF,25.0KHz,0,"31 12643 375.76 NE Dawes Chadron, Nebraska National Forest W0FLO",0
221,147.36000,147.96000,0.60000,+RPT,FM,KB5ITS N,TONE ENC,100.0 Hz,023,1500 Hz,HIGH,OFF,25.0KHz,0,"35 15644 394.38 NM San Juan Navajo Dam, Navajo Lake KB5ITS",0
222,147.37500,147.97500,0.60000,+RPT,FM,KB5ITS S,TONE ENC,156.7 Hz,023,1500 Hz,HIGH,OFF,25.0KHz,0,"8 209 312.89 CO San Juan Silverton, Kendall Mountain KB5ITS",0
223,147.39000,147.99000,0.60000,+RPT,FM,W0MOG Co,TONE ENC,103.5 Hz,023,1500 Hz,HIGH,OFF,25.0KHz,0,8 48 87.95 CO El Paso Colorado Springs W0MOG,0
224,147.39000,147.99000,0.60000,+RPT,FM,KB0VJJ B,TONE ENC,88.5 Hz,023,1500 Hz,HIGH,OFF,25.0KHz,0,"8 24 94.47 CO Summit Breckenridge, Bald Mountain KB0VJJ",0
225,147.39000,147.99000,0.60000,+RPT,FM,K0SNO Ca,TONE ENC,107.2 Hz,023,1500 Hz,HIGH,OFF,25.0KHz,0,"8 259 209.26 CO Garfield Carbondale, Four Mile Ridge K0SNO",0
226,147.39000,147.99000,0.60000,+RPT,FM,N5AKN Fo,OFF,100.0 Hz,023,1500 Hz,HIGH,OFF,25.0KHz,0,40 4411 485.68 OK Beaver Forgan N5AKN,0
227,147.42000,147.42000,0.00000,OFF,FM,FM Voice,OFF,100.0 Hz,023,1500 Hz,HIGH,OFF,25.0KHz,0,FM Voice,0
228,147.43500,147.43500,0.00000,OFF,FM,FM Voice,OFF,100.0 Hz,023,1500 Hz,HIGH,OFF,25.0KHz,0,FM Voice,0
229,147.45000,147.45000,0.00000,OFF,FM,FM Voice,OFF,100.0 Hz,023,1500 Hz,HIGH,OFF,25.0KHz,0,FM Voice,0
230,147.46500,147.46500,0.00000,OFF,FM,FM Voice,OFF,100.0 Hz,023,1500 Hz,HIGH,OFF,25.0KHz,0,FM Voice,0
231,147.48000,147.48000,0.00000,OFF,FM,FM Voice,OFF,100.0 Hz,023,1500 Hz,HIGH,OFF,25.0KHz,0,FM Voice,0
232,147.49500,147.49500,0.00000,OFF,FM,FM Voice,OFF,100.0 Hz,023,1500 Hz,HIGH,OFF,25.0KHz,0,FM Voice,0
233,147.51000,147.51000,0.00000,OFF,FM,FM Voice,OFF,100.0 Hz,023,1500 Hz,HIGH,OFF,25.0KHz,0,FM Voice,0
234,147.52500,147.52500,0.00000,OFF,FM,FM Voice,OFF,100.0 Hz,023,1500 Hz,HIGH,OFF,25.0KHz,0,FM Voice,0
235,147.54000,147.54000,0.00000,OFF,FM,FM Voice,OFF,100.0 Hz,023,1500 Hz,HIGH,OFF,25.0KHz,0,FM Voice,0
236,147.55500,147.55500,0.00000,OFF,FM,FM Voice,OFF,100.0 Hz,023,1500 Hz,HIGH,OFF,25.0KHz,0,FM Voice,0
237,147.57000,147.57000,0.00000,OFF,FM,FM Voice,OFF,100.0 Hz,023,1500 Hz,HIGH,OFF,25.0KHz,0,FM Voice,0
238,147.58500,147.58500,0.00000,OFF,FM,FM Voice,OFF,100.0 Hz,023,1500 Hz,HIGH,OFF,25.0KHz,0,FM Voice,0
239,223.40000,223.40000,0.00000,OFF,FM,FM Voice,OFF,100.0 Hz,023,1500 Hz,HIGH,OFF,25.0KHz,0,FM Voice,0
240,223.42000,223.42000,0.00000,OFF,FM,FM Voice,OFF,100.0 Hz,023,1500 Hz,HIGH,OFF,25.0KHz,0,FM Voice,0
241,223.44000,223.44000,0.00000,OFF,FM,FM Voice,OFF,100.0 Hz,023,1500 Hz,HIGH,OFF,25.0KHz,0,FM Voice,0
242,223.46000,223.46000,0.00000,OFF,FM,FM Voice,OFF,100.0 Hz,023,1500 Hz,HIGH,OFF,25.0KHz,0,FM Voice,0
243,223.48000,223.48000,0.00000,OFF,FM,FM Voice,OFF,100.0 Hz,023,1500 Hz,HIGH,OFF,25.0KHz,0,FM Voice,0
244,223.50000,223.50000,0.00000,OFF,FM,FM Voice,OFF,100.0 Hz,023,1500 Hz,HIGH,OFF,25.0KHz,0,FM Voice,0
245,223.52000,223.52000,0.00000,OFF,FM,FM Voice,OFF,100.0 Hz,023,1500 Hz,HIGH,OFF,25.0KHz,0,FM Voice,0
246,434.50000,434.50000,0.00000,OFF,FM,Mixed Mo,OFF,100.0 Hz,023,1500 Hz,HIGH,OFF,25.0KHz,0,Mixed Mode Digital and Voice,0
247,434.52500,434.52500,0.00000,OFF,FM,Mixed Mo,OFF,100.0 Hz,023,1500 Hz,HIGH,OFF,25.0KHz,0,Mixed Mode Digital and Voice,0
248,434.55000,434.55000,0.00000,OFF,FM,Mixed Mo,OFF,100.0 Hz,023,1500 Hz,HIGH,OFF,25.0KHz,0,Mixed Mode Digital and Voice,0
249,434.57500,434.57500,0.00000,OFF,FM,Mixed Mo,OFF,100.0 Hz,023,1500 Hz,HIGH,OFF,25.0KHz,0,Mixed Mode Digital and Voice,0
250,434.60000,434.60000,0.00000,OFF,FM,Mixed Mo,OFF,100.0 Hz,023,1500 Hz,HIGH,OFF,25.0KHz,0,Mixed Mode Digital and Voice,0
251,434.62500,434.62500,0.00000,OFF,FM,Mixed Mo,OFF,100.0 Hz,023,1500 Hz,HIGH,OFF,25.0KHz,0,Mixed Mode Digital and Voice,0
252,434.65000,434.65000,0.00000,OFF,FM,Mixed Mo,OFF,100.0 Hz,023,1500 Hz,HIGH,OFF,25.0KHz,0,Mixed Mode Digital and Voice,0
253,434.67500,434.67500,0.00000,OFF,FM,Mixed Mo,OFF,100.0 Hz,023,1500 Hz,HIGH,OFF,25.0KHz,0,Mixed Mode Digital and Voice,0
254,434.70000,434.70000,0.00000,OFF,FM,Mixed Mo,OFF,100.0 Hz,023,1500 Hz,HIGH,OFF,25.0KHz,0,Mixed Mode Digital and Voice,0
255,434.72500,434.72500,0.00000,OFF,FM,Mixed Mo,OFF,100.0 Hz,023,1500 Hz,HIGH,OFF,25.0KHz,0,Mixed Mode Digital and Voice,0
256,434.75000,434.75000,0.00000,OFF,FM,Mixed Mo,OFF,100.0 Hz,023,1500 Hz,HIGH,OFF,25.0KHz,0,Mixed Mode Digital and Voice,0
257,434.77500,434.77500,0.00000,OFF,FM,Mixed Mo,OFF,100.0 Hz,023,1500 Hz,HIGH,OFF,25.0KHz,0,Mixed Mode Digital and Voice,0
258,434.80000,434.80000,0.00000,OFF,FM,Mixed Mo,OFF,100.0 Hz,023,1500 Hz,HIGH,OFF,25.0KHz,0,Mixed Mode Digital and Voice,0
259,434.82500,434.82500,0.00000,OFF,FM,Mixed Mo,OFF,100.0 Hz,023,1500 Hz,HIGH,OFF,25.0KHz,0,Mixed Mode Digital and Voice,0
260,434.85000,434.85000,0.00000,OFF,FM,Mixed Mo,OFF,100.0 Hz,023,1500 Hz,HIGH,OFF,25.0KHz,0,Mixed Mode Digital and Voice,0
261,434.87500,434.87500,0.00000,OFF,FM,Mixed Mo,OFF,100.0 Hz,023,1500 Hz,HIGH,OFF,25.0KHz,0,Mixed Mode Digital and Voice,0
262,434.90000,434.90000,0.00000,OFF,FM,Mixed Mo,OFF,100.0 Hz,023,1500 Hz,HIGH,OFF,25.0KHz,0,Mixed Mode Digital and Voice,0
263,434.92500,434.92500,0.00000,OFF,FM,Mixed Mo,OFF,100.0 Hz,023,1500 Hz,HIGH,OFF,25.0KHz,0,Mixed Mode Digital and Voice,0
264,434.95000,434.95000,0.00000,OFF,FM,Mixed Mo,OFF,100.0 Hz,023,1500 Hz,HIGH,OFF,25.0KHz,0,Mixed Mode Digital and Voice,0
265,434.97500,434.97500,0.00000,OFF,FM,Mixed Mo,OFF,100.0 Hz,023,1500 Hz,HIGH,OFF,25.0KHz,0,Mixed Mode Digital and Voice,0
266,435.00000,435.00000,0.00000,OFF,FM,Mixed Mo,OFF,100.0 Hz,023,1500 Hz,HIGH,OFF,25.0KHz,0,Mixed Mode Digital and Voice,0
267,439.50000,439.50000,0.00000,OFF,FM,Mixed Mo,OFF,100.0 Hz,023,1500 Hz,HIGH,OFF,25.0KHz,0,Mixed Mode Digital and Voice,0
268,439.52500,439.52500,0.00000,OFF,FM,Mixed Mo,OFF,100.0 Hz,023,1500 Hz,HIGH,OFF,25.0KHz,0,Mixed Mode Digital and Voice,0
269,439.55000,439.55000,0.00000,OFF,FM,Mixed Mo,OFF,100.0 Hz,023,1500 Hz,HIGH,OFF,25.0KHz,0,Mixed Mode Digital and Voice,0
270,439.57500,439.57500,0.00000,OFF,FM,Mixed Mo,OFF,100.0 Hz,023,1500 Hz,HIGH,OFF,25.0KHz,0,Mixed Mode Digital and Voice,0
271,439.60000,439.60000,0.00000,OFF,FM,Mixed Mo,OFF,100.0 Hz,023,1500 Hz,HIGH,OFF,25.0KHz,0,Mixed Mode Digital and Voice,0
272,439.62500,439.62500,0.00000,OFF,FM,Mixed Mo,OFF,100.0 Hz,023,1500 Hz,HIGH,OFF,25.0KHz,0,Mixed Mode Digital and Voice,0
273,439.65000,439.65000,0.00000,OFF,FM,Mixed Mo,OFF,100.0 Hz,023,1500 Hz,HIGH,OFF,25.0KHz,0,Mixed Mode Digital and Voice,0
274,439.67500,439.67500,0.00000,OFF,FM,Mixed Mo,OFF,100.0 Hz,023,1500 Hz,HIGH,OFF,25.0KHz,0,Mixed Mode Digital and Voice,0
275,439.70000,439.70000,0.00000,OFF,FM,Mixed Mo,OFF,100.0 Hz,023,1500 Hz,HIGH,OFF,25.0KHz,0,Mixed Mode Digital and Voice,0
276,439.72500,439.72500,0.00000,OFF,FM,Mixed Mo,OFF,100.0 Hz,023,1500 Hz,HIGH,OFF,25.0KHz,0,Mixed Mode Digital and Voice,0
277,439.75000,439.75000,0.00000,OFF,FM,Mixed Mo,OFF,100.0 Hz,023,1500 Hz,HIGH,OFF,25.0KHz,0,Mixed Mode Digital and Voice,0
278,439.77500,439.77500,0.00000,OFF,FM,Mixed Mo,OFF,100.0 Hz,023,1500 Hz,HIGH,OFF,25.0KHz,0,Mixed Mode Digital and Voice,0
279,439.80000,439.80000,0.00000,OFF,FM,Mixed Mo,OFF,100.0 Hz,023,1500 Hz,HIGH,OFF,25.0KHz,0,Mixed Mode Digital and Voice,0
280,439.82500,439.82500,0.00000,OFF,FM,Mixed Mo,OFF,100.0 Hz,023,1500 Hz,HIGH,OFF,25.0KHz,0,Mixed Mode Digital and Voice,0
281,439.85000,439.85000,0.00000,OFF,FM,Mixed Mo,OFF,100.0 Hz,023,1500 Hz,HIGH,OFF,25.0KHz,0,Mixed Mode Digital and Voice,0
282,439.87500,439.87500,0.00000,OFF,FM,Mixed Mo,OFF,100.0 Hz,023,1500 Hz,HIGH,OFF,25.0KHz,0,Mixed Mode Digital and Voice,0
283,439.90000,439.90000,0.00000,OFF,FM,Mixed Mo,OFF,100.0 Hz,023,1500 Hz,HIGH,OFF,25.0KHz,0,Mixed Mode Digital and Voice,0
284,439.92500,439.92500,0.00000,OFF,FM,Mixed Mo,OFF,100.0 Hz,023,1500 Hz,HIGH,OFF,25.0KHz,0,Mixed Mode Digital and Voice,0
285,439.95000,439.95000,0.00000,OFF,FM,Mixed Mo,OFF,100.0 Hz,023,1500 Hz,HIGH,OFF,25.0KHz,0,Mixed Mode Digital and Voice,0
286,439.97500,439.97500,0.00000,OFF,FM,Mixed Mo,OFF,100.0 Hz,023,1500 Hz,HIGH,OFF,25.0KHz,0,Mixed Mode Digital and Voice,0
287,440.00000,440.00000,0.00000,OFF,FM,Mixed Mo,OFF,100.0 Hz,023,1500 Hz,HIGH,OFF,25.0KHz,0,Mixed Mode Digital and Voice,0
288,441.67000,446.67000,5.00000,+RPT,FM,N7DMO Ri,OFF,100.0 Hz,023,1500 Hz,HIGH,OFF,25.0KHz,0,"56 13103 481.05 WY Fremont Riverton, Griffy Hill N7DMO",0
289,442.00000,447.00000,5.00000,+RPT,FM,KA5BIW L,TONE ENC,100.0 Hz,023,1500 Hz,HIGH,OFF,25.0KHz,0,35 15608 432.95 NM Los Alamos Los Alamos KA5BIW,0
290,442.00000,447.00000,5.00000,+RPT,FM,N5DFQ Sp,TONE ENC,88.5 Hz,023,1500 Hz,HIGH,OFF,25.0KHz,0,48 994 500.68 TX Hansford Spearman N5DFQ,0
291,442.17500,447.17500,5.00000,+RPT,FM,K0WPM Tr,TONE ENC,156.7 Hz,023,1500 Hz,HIGH,OFF,25.0KHz,0,20 15098 300.15 KS Greeley Tribune K0WPM,0
292,442.37500,447.37500,5.00000,+RPT,FM,KB5ITS M,TONE ENC,100.0 Hz,023,1500 Hz,HIGH,OFF,25.0KHz,0,"8 15896 379.26 CO Montezuma Mancos, Caviness Mountain KB5ITS",0
293,442.37500,447.37500,5.00000,+RPT,FM,K0ECT Do,TONE ENC,123.0 Hz,023,1500 Hz,HIGH,OFF,25.0KHz,0,20 4041 471.66 KS Ford Dodge City K0ECT,0
294,442.45000,447.45000,5.00000,+RPT,FM,N7JYS Ha,TONE SQL,162.2 Hz,023,1500 Hz,HIGH,OFF,25.0KHz,0,"20 4042 486.19 KS Ellis Hays, K-Link N7JYS",0
295,442.50000,447.50000,5.00000,+RPT,FM,K0ECT Ga,TONE SQL,141.3 Hz,023,1500 Hz,HIGH,OFF,25.0KHz,0,"20 4046 389.68 KS Finney Garden City, Tennis K0ECT",0
296,442.82500,447.82500,5.00000,+RPT,FM,KB5ZQE S,TONE ENC,131.8 Hz,023,1500 Hz,HIGH,OFF,25.0KHz,0,"35 155 434.29 NM Santa Fe Santa Fe, Tesuque Peak KB5ZQE",0
297,443.00000,448.00000,5.00000,+RPT,FM,K5YEJ Sa,TONE ENC,100.0 Hz,023,1500 Hz,HIGH,OFF,25.0KHz,0,"35 16603 488.04 NM Sandoval San Luis, Cabezon K5YEJ",0
298,443.10000,448.10000,5.00000,+RPT,FM,K0ECT Li,TONE ENC,141.3 Hz,023,1500 Hz,HIGH,OFF,25.0KHz,0,20 4064 448.26 KS Seward Liberal K0ECT,0
299,443.10000,448.10000,5.00000,+RPT,FM,NM5SC Sa,TONE ENC,100.0 Hz,023,1500 Hz,HIGH,OFF,25.0KHz,0,"35 9767 470.01 NM Sandoval San Ysidro, Pajarito Peak NM5SC",0
300,443.20000,448.20000,5.00000,+RPT,FM,KC5WBK S,TONE ENC,88.5 Hz,023,1500 Hz,HIGH,OFF,25.0KHz,0,48 11484 500.68 TX Hansford Spearman KC5WBK,0
301,443.27500,448.27500,5.00000,+RPT,FM,AA0HJ Ph,TONE ENC,100.0 Hz,023,1500 Hz,HIGH,OFF,25.0KHz,0,20 11673 470.73 KS Phillips Phillipsburg AA0HJ,0
302,443.35000,448.35000,5.00000,+RPT,FM,KY0J Dod,TONE SQL,123.0 Hz,023,1500 Hz,HIGH,OFF,25.0KHz,0,20 17688 467.02 KS Ford Dodge City KY0J,0
303,443.40000,448.40000,5.00000,+RPT,FM,NM5SV Pl,TONE ENC,100.0 Hz,023,1500 Hz,HIGH,OFF,25.0KHz,0,"35 14763 496.28 NM Sandoval Placitas, Sandia Peak NM5SV",0
304,443.50000,448.50000,5.00000,+RPT,FM,WK0DX Pl,TONE ENC,141.3 Hz,023,1500 Hz,HIGH,OFF,25.0KHz,0,20 11458 457.64 KS Meade Plains WK0DX,0
305,443.57500,448.57500,5.00000,+RPT,FM,K0HAM Ra,TONE SQL,162.2 Hz,023,1500 Hz,HIGH,OFF,25.0KHz,0,"20 4075 437.14 KS Ness Ransom, K-Link K0HAM",0
306,443.60000,448.60000,5.00000,+RPT,FM,KE0KIY H,TONE ENC,100.0 Hz,023,1500 Hz,HIGH,OFF,25.0KHz,0,20 4076 482.56 KS Ellis Hays KE0KIY,0
307,443.67500,448.67500,5.00000,+RPT,FM,K0HAM Do,TONE SQL,162.2 Hz,023,1500 Hz,HIGH,OFF,25.0KHz,0,"20 11669 469.58 KS Ford Dodge City, K-Link K0HAM",0
308,443.70000,448.70000,5.00000,+RPT,FM,N0NM Hil,TONE ENC,162.2 Hz,023,1500 Hz,HIGH,OFF,25.0KHz,0,"20 11236 436.26 KS Graham Hill City, K-Link N0NM",0
309,444.00000,449.00000,5.00000,+RPT,FM,KB5ITS S,TONE ENC,67.0 Hz,023,1500 Hz,HIGH,OFF,25.0KHz,0,"8 16624 313.91 CO San Juan Silverton, Hazelton KB5ITS",0
310,444.00000,449.00000,5.00000,+RPT,FM,K0ECT Sy,TONE SQL,141.3 Hz,023,1500 Hz,HIGH,OFF,25.0KHz,0,20 4086 315.47 KS Hamilton Syracuse K0ECT,0
311,444.12500,449.12500,5.00000,+RPT,FM,WB7GR Sc,TONE SQL,114.8 Hz,023,1500 Hz,HIGH,OFF,25.0KHz,0,"31 110 252.26 NE Scotts Bluff Scottsbluff, Stage Hill WB7GR",0
312,444.25000,449.25000,5.00000,+RPT,FM,K0ECT Mo,TONE SQL,141.3 Hz,023,1500 Hz,HIGH,OFF,25.0KHz,0,20 4098 443.90 KS Gray Montezuma K0ECT,0
313,444.30000,449.30000,5.00000,+RPT,FM,K0ECT El,TONE SQL,141.3 Hz,023,1500 Hz,HIGH,OFF,25.0KHz,0,20 4100 354.81 KS Logan Elkader K0ECT,0
314,444.35000,449.35000,5.00000,+RPT,FM,N5LTZ Du,TONE ENC,88.5 Hz,023,1500 Hz,HIGH,OFF,25.0KHz,0,48 1490 490.71 TX Moore Dumas N5LTZ,0
315,444.40000,449.40000,5.00000,+RPT,FM,N0IQ Nor,TONE ENC,123.0 Hz,023,1500 Hz,HIGH,OFF,25.0KHz,0,31 11022 388.37 NE Lincoln North Platte N0IQ,0
316,444.50000,449.50000,5.00000,+RPT,FM,N7UVW Mc,TONE ENC,151.4 Hz,023,1500 Hz,HIGH,OFF,25.0KHz,0,31 15122 369.48 NE Frontier McCook N7UVW,0
317,444.50000,449.50000,5.00000,+RPT,FM,K0ECT Je,TONE SQL,141.3 Hz,023,1500 Hz,HIGH,OFF,25.0KHz,0,20 4107 466.48 KS Hodgeman Jetmore K0ECT,0
318,444.52500,449.52500,5.00000,+RPT,FM,K0ECT Ul,TONE SQL,141.3 Hz,023,1500 Hz,HIGH,OFF,25.0KHz,0,"20 4110 396.31 KS Grant Ulysses, Wagon Bed Springs K0ECT",0
319,444.55000,449.55000,5.00000,+RPT,FM,K0ECT Do,TONE ENC,141.3 Hz,023,1500 Hz,HIGH,OFF,25.0KHz,0,20 4114 483.62 KS Ford Dodge City K0ECT,0
320,444.60000,449.60000,5.00000,+RPT,FM,WA0VJR W,TONE ENC,146.2 Hz,023,1500 Hz,HIGH,OFF,25.0KHz,0,20 3559 294.86 KS Wallace Wallace WA0VJR,0
321,444.75000,449.75000,5.00000,+RPT,FM,NV8Q Col,TONE SQL,162.2 Hz,023,1500 Hz,HIGH,OFF,25.0KHz,0,"20 8689 326.26 KS Thomas Colby, K-Link NV8Q",0
322,444.80000,449.80000,5.00000,+RPT,FM,N7UVW Mc,TONE ENC,162.2 Hz,023,1500 Hz,HIGH,OFF,25.0KHz,0,31 15136 369.48 NE Red Willow McCook N7UVW,0
323,444.82500,449.82500,5.00000,+RPT,FM,W0KAV Sc,OFF,100.0 Hz,023,1500 Hz,HIGH,OFF,25.0KHz,0,31 111 271.79 NE Scotts Bluff Scottsbluff W0KAV,0
324,444.82500,449.82500,5.00000,+RPT,FM,N0ECQ Ha,TONE SQL,114.8 Hz,023,1500 Hz,HIGH,OFF,25.0KHz,0,20 4123 486.38 KS Ellis Hays N0ECQ,0
325,444.97500,449.97500,5.00000,+RPT,FM,N5DFQ Gu,TONE ENC,88.5 Hz,023,1500 Hz,HIGH,OFF,25.0KHz,0,40 4419 439.60 OK Texas Guymon N5DFQ,0
326,445.10000,445.10000,0.00000,OFF,FM,WD0BQM M,TONE SQL,100.0 Hz,023,1500 Hz,HIGH,OFF,25.0KHz,0,31 11356 274.31 NE Scotts Bluff Mitchell WD0BQM,0
327,445.70000,445.70000,0.00000,OFF,FM,FM Voice,OFF,100.0 Hz,023,1500 Hz,HIGH,OFF,25.0KHz,0,FM Voice,0
328,445.72500,445.72500,0.00000,OFF,FM,FM Voice,OFF,100.0 Hz,023,1500 Hz,HIGH,OFF,25.0KHz,0,FM Voice,0
329,445.75000,445.75000,0.00000,OFF,FM,FM Voice,OFF,100.0 Hz,023,1500 Hz,HIGH,OFF,25.0KHz,0,FM Voice,0
330,445.77500,445.77500,0.00000,OFF,FM,FM Voice,OFF,100.0 Hz,023,1500 Hz,HIGH,OFF,25.0KHz,0,FM Voice,0
331,445.80000,445.80000,0.00000,OFF,FM,FM Voice,OFF,100.0 Hz,023,1500 Hz,HIGH,OFF,25.0KHz,0,FM Voice,0
332,445.82500,445.82500,0.00000,OFF,FM,FM Voice,OFF,100.0 Hz,023,1500 Hz,HIGH,OFF,25.0KHz,0,FM Voice,0
333,445.85000,445.85000,0.00000,OFF,FM,FM Voice,OFF,100.0 Hz,023,1500 Hz,HIGH,OFF,25.0KHz,0,FM Voice,0
334,445.87500,445.87500,0.00000,OFF,FM,FM Voice,OFF,100.0 Hz,023,1500 Hz,HIGH,OFF,25.0KHz,0,FM Voice,0
335,445.90000,445.90000,0.00000,OFF,FM,FM Voice,OFF,100.0 Hz,023,1500 Hz,HIGH,OFF,25.0KHz,0,FM Voice,0
336,445.92500,445.92500,0.00000,OFF,FM,FM Voice,OFF,100.0 Hz,023,1500 Hz,HIGH,OFF,25.0KHz,0,FM Voice,0
337,445.95000,445.95000,0.00000,OFF,FM,FM Voice,OFF,100.0 Hz,023,1500 Hz,HIGH,OFF,25.0KHz,0,FM Voice,0
338,445.97500,445.97500,0.00000,OFF,FM,FM Voice,OFF,100.0 Hz,023,1500 Hz,HIGH,OFF,25.0KHz,0,FM Voice,0
339,446.00000,446.00000,0.00000,OFF,FM,FM Voice,OFF,100.0 Hz,023,1500 Hz,HIGH,OFF,25.0KHz,0,FM Voice,0
340,446.02500,446.02500,0.00000,OFF,FM,FM Voice,OFF,100.0 Hz,023,1500 Hz,HIGH,OFF,25.0KHz,0,FM Voice,0
341,446.05000,446.05000,0.00000,OFF,FM,FM Voice,OFF,100.0 Hz,023,1500 Hz,HIGH,OFF,25.0KHz,0,FM Voice,0
342,446.07500,446.07500,0.00000,OFF,FM,FM Voice,OFF,100.0 Hz,023,1500 Hz,HIGH,OFF,25.0KHz,0,FM Voice,0
343,446.10000,446.10000,0.00000,OFF,FM,FM Voice,OFF,100.0 Hz,023,1500 Hz,HIGH,OFF,25.0KHz,0,FM Voice,0
344,446.12500,446.12500,0.00000,OFF,FM,FM Voice,OFF,100.0 Hz,023,1500 Hz,HIGH,OFF,25.0KHz,0,FM Voice,0
345,446.15000,446.15000,0.00000,OFF,FM,FM Voice,OFF,100.0 Hz,023,1500 Hz,HIGH,OFF,25.0KHz,0,FM Voice,0
346,446.17500,446.17500,0.00000,OFF,FM,FM Voice,OFF,100.0 Hz,023,1500 Hz,HIGH,OFF,25.0KHz,0,FM Voice,0
347,446.20000,446.20000,0.00000,OFF,FM,FM Voice,OFF,100.0 Hz,023,1500 Hz,HIGH,OFF,25.0KHz,0,FM Voice,0
348,446.21250,446.21250,0.00000,OFF,FM,Digital,OFF,100.0 Hz,023,1500 Hz,HIGH,OFF,25.0KHz,0,Digital Voice Narrowband,0
349,446.22500,446.22500,0.00000,OFF,FM,FM Voice,OFF,100.0 Hz,023,1500 Hz,HIGH,OFF,25.0KHz,0,FM Voice,0
350,446.23750,446.23750,0.00000,OFF,FM,Digital,OFF,100.0 Hz,023,1500 Hz,HIGH,OFF,25.0KHz,0,Digital Voice Narrowband,0
351,446.25000,446.25000,0.00000,OFF,FM,FM Voice,OFF,100.0 Hz,023,1500 Hz,HIGH,OFF,25.0KHz,0,FM Voice,0
352,446.26250,446.26250,0.00000,OFF,FM,Digital,OFF,100.0 Hz,023,1500 Hz,HIGH,OFF,25.0KHz,0,Digital Voice Narrowband,0
353,446.27500,446.27500,0.00000,OFF,FM,FM Voice,OFF,100.0 Hz,023,1500 Hz,HIGH,OFF,25.0KHz,0,FM Voice,0
354,446.28750,446.28750,0.00000,OFF,FM,Digital,OFF,100.0 Hz,023,1500 Hz,HIGH,OFF,25.0KHz,0,Digital Voice Narrowband,0
355,446.30000,446.30000,0.00000,OFF,FM,Digital,OFF,100.0 Hz,023,1500 Hz,HIGH,OFF,25.0KHz,0,Digital Voice Narrowband,0
356,446.30000,446.30000,0.00000,OFF,FM,Chadron,OFF,100.0 Hz,023,1500 Hz,HIGH,OFF,25.0KHz,0,31 17082 389.67 NE Dawes Chadron,0
357,447.00000,442.00000,5.00000,-RPT,FM,KC0VJD H,OFF,100.0 Hz,023,1500 Hz,HIGH,OFF,25.0KHz,0,8 17059 137.22 CO Lincoln Hugo KC0VJD,0
358,447.05000,442.05000,5.00000,-RPT,FM,K0VQ Asp,TONE SQL,136.5 Hz,023,1500 Hz,HIGH,OFF,25.0KHz,0,"8 260 173.71 CO Pitkin Aspen, Aspen Mountain K0VQ",0
359,447.10000,442.10000,5.00000,-RPT,FM,KI0G Gle,TONE ENC,107.2 Hz,023,1500 Hz,HIGH,OFF,25.0KHz,0,"8 132 214.43 CO Garfield Glenwood Springs, Sunlight Peak KI0G",0
360,447.10000,442.10000,5.00000,-RPT,FM,N0KM Cen,TONE ENC,77.0 Hz,023,1500 Hz,HIGH,OFF,25.0KHz,0,8 16645 234.10 CO Saguache Center N0KM,0
361,447.12500,442.12500,5.00000,-RPT,FM,AA0BF Fa,TONE SQL,103.5 Hz,023,1500 Hz,HIGH,OFF,25.0KHz,0,"8 5336 112.54 CO Park Fairplay, Sacramento Mountain AA0BF",0
362,447.15000,442.15000,5.00000,-RPT,FM,K0VQ Car,TONE ENC,136.5 Hz,023,1500 Hz,HIGH,OFF,25.0KHz,0,"8 6009 190.34 CO Garfield Carbondale, Missouri Heights K0VQ",0
363,447.17500,442.17500,5.00000,-RPT,FM,W0JRL De,TONE SQL,100.0 Hz,023,1500 Hz,HIGH,OFF,25.0KHz,0,"8 12216 16.35 CO Denver Denver, Broadway Plaza Lofts W0JRL",0
364,447.20000,442.20000,5.00000,-RPT,FM,Falcon 4,OFF,100.0 Hz,023,1500 Hz,HIGH,OFF,25.0KHz,0,8 13790 80.96 CO El Paso Falcon,0
365,447.20000,442.20000,5.00000,-RPT,FM,N6RFI Se,TONE ENC,82.5 Hz,023,1500 Hz,HIGH,OFF,25.0KHz,0,"8 8188 106.08 CO Weld Severance, Cactus Hill N6RFI",0
366,447.20000,442.20000,5.00000,-RPT,FM,WA4HND M,TONE SQL,107.2 Hz,023,1500 Hz,HIGH,OFF,25.0KHz,0,"8 69 276.97 CO Montrose Montrose, Waterdog Peak WA4HND",0
367,447.25000,442.25000,5.00000,-RPT,FM,K0JSC Ca,TONE SQL,100.0 Hz,023,1500 Hz,HIGH,OFF,25.0KHz,0,"8 8879 134.84 CO Fremont Canon City, Fremont Peak K0JSC",0
368,447.27500,442.27500,5.00000,-RPT,FM,W0UPS Fo,TONE SQL,100.0 Hz,023,1500 Hz,HIGH,OFF,25.0KHz,0,"8 126 104.70 CO Larimer Fort Collins, Horsetooth Mountain W0UPS",0
369,447.27500,442.27500,5.00000,-RPT,FM,K0JSC Pu,TONE SQL,100.0 Hz,023,1500 Hz,HIGH,OFF,25.0KHz,0,"8 9527 157.20 CO Pueblo Pueblo, Metro K0JSC",0
370,447.27500,442.27500,5.00000,-RPT,FM,KB5ITS D,TONE ENC,100.0 Hz,023,1500 Hz,HIGH,OFF,25.0KHz,0,"8 16623 394.87 CO Montezuma Dolores, Summit Ridge KB5ITS",0
371,447.30000,442.30000,5.00000,-RPT,FM,AC0KC Fo,TONE ENC,107.2 Hz,023,1500 Hz,HIGH,OFF,25.0KHz,0,8 8739 45.42 CO Weld Fort Lupton AC0KC,0
372,447.35000,442.35000,5.00000,-RPT,FM,K0IRP Co,TONE ENC,151.4 Hz,023,1500 Hz,HIGH,OFF,25.0KHz,0,8 50 88.42 CO El Paso Colorado Springs K0IRP,0
373,447.35000,442.35000,5.00000,-RPT,FM,Cedaredg,TONE ENC,107.2 Hz,023,1500 Hz,HIGH,OFF,25.0KHz,0,"8 3755 274.12 CO Delta Cedaredge, Grand Mesa",0
374,447.37500,442.37500,5.00000,-RPT,FM,KG5JL Tr,TONE ENC,100.0 Hz,023,1500 Hz,HIGH,OFF,25.0KHz,0,"8 13499 275.40 CO Las Animas Trinidad, Raton Pass KG5JL",0
375,447.40000,442.40000,5.00000,-RPT,FM,WB0WDF C,TONE ENC,67.0 Hz,023,1500 Hz,HIGH,OFF,25.0KHz,0,8 66 100.92 CO Teller Cripple Creek WB0WDF,0
376,447.45000,442.45000,5.00000,-RPT,FM,WA4CCC W,TONE ENC,103.5 Hz,023,1500 Hz,HIGH,OFF,25.0KHz,0,8 3756 84.87 CO Grand Winter Park WA4CCC,0
377,447.45000,442.45000,5.00000,-RPT,FM,KC0RBT F,TONE ENC,123.0 Hz,023,1500 Hz,HIGH,OFF,25.0KHz,0,8 276 101.10 CO Larimer Fort Collins KC0RBT,0
378,447.47500,442.47500,5.00000,-RPT,FM,NX0G Col,TONE ENC,107.2 Hz,023,1500 Hz,HIGH,OFF,25.0KHz,0,8 51 88.42 CO El Paso Colorado Springs NX0G,0
379,447.50000,442.50000,5.00000,-RPT,FM,N0OWY Co,TONE SQL,88.5 Hz,023,1500 Hz,HIGH,OFF,25.0KHz,0,"8 60 31.41 CO Jefferson Conifer, Critchell Mountain N0OWY",0
380,447.50000,442.50000,5.00000,-RPT,FM,KC0ARV G,TONE ENC,114.8 Hz,023,1500 Hz,HIGH,OFF,25.0KHz,0,8 3757 320.68 CO Mesa Grand Junction KC0ARV,0
381,447.52500,442.52500,5.00000,-RPT,FM,N0ESQ Pa,TONE ENC,203.5 Hz,023,1500 Hz,HIGH,OFF,25.0KHz,0,"8 8189 15.57 CO Douglas Parker, Hess Reservoir N0ESQ",0
382,447.52500,442.52500,5.00000,-RPT,FM,N0ESQ Ca,TONE SQL,146.2 Hz,023,1500 Hz,HIGH,OFF,25.0KHz,0,"8 8190 44.52 CO Douglas Castle Rock, Devils Head (Pike National Forest) N0ESQ",0
383,447.52500,442.52500,5.00000,-RPT,FM,KB5ITS S,TONE ENC,127.3 Hz,023,1500 Hz,HIGH,OFF,25.0KHz,0,8 210 313.85 CO San Juan Silverton KB5ITS,0
384,447.55000,442.55000,5.00000,-RPT,FM,WA6IFI C,TONE ENC,123.0 Hz,023,1500 Hz,HIGH,OFF,25.0KHz,0,8 8191 88.42 CO El Paso Colorado Springs WA6IFI,0
385,447.57500,442.57500,5.00000,-RPT,FM,W0CRA Id,TONE SQL,107.2 Hz,023,1500 Hz,HIGH,OFF,25.0KHz,0,"8 264 51.58 CO Clear Creek Idaho Springs, Squaw Mountain W0CRA",0
386,447.60000,442.60000,5.00000,-RPT,FM,KC0VJD F,OFF,100.0 Hz,023,1500 Hz,HIGH,OFF,25.0KHz,0,8 17703 222.19 CO Cheyenne Firstview KC0VJD,0
387,447.62500,442.62500,5.00000,-RPT,FM,KE0SJ Lo,TONE ENC,100.0 Hz,023,1500 Hz,HIGH,OFF,25.0KHz,0,8 9771 44.90 CO Adams Lochbuie KE0SJ,0
388,447.62500,442.62500,5.00000,-RPT,FM,KD0MDP F,TONE SQL,100.0 Hz,023,1500 Hz,HIGH,OFF,25.0KHz,0,"8 13294 69.35 CO El Paso Falcon, Black Forest KD0MDP",0
389,447.65000,442.65000,5.00000,-RPT,FM,KB0YNA G,TONE SQL,151.4 Hz,023,1500 Hz,HIGH,OFF,25.0KHz,0,"8 15212 181.60 CO Gunnison Gunnison, W Mountain or Tenderfoot Mountain KB0YNA",0
390,447.67500,442.67500,5.00000,-RPT,FM,KA0WUC W,TONE SQL,179.9 Hz,023,1500 Hz,HIGH,OFF,25.0KHz,0,8 8193 71.80 CO Teller Woodland Park KA0WUC,0
391,447.70000,442.70000,5.00000,-RPT,FM,W0UPS Fo,TONE SQL,100.0 Hz,023,1500 Hz,HIGH,OFF,25.0KHz,0,"8 5853 115.38 CO Larimer Fort Collins, Buckhorn Mountain W0UPS",0
392,447.72500,442.72500,5.00000,-RPT,FM,K0NR Mon,TONE SQL,100.0 Hz,023,1500 Hz,HIGH,OFF,25.0KHz,0,"8 183 59.56 CO El Paso Monument, Monument Hill K0NR",0
393,447.72500,442.72500,5.00000,-RPT,FM,W7RF For,TONE ENC,131.8 Hz,023,1500 Hz,HIGH,OFF,25.0KHz,0,8 8194 97.90 CO Larimer Fort Collins W7RF,0
394,447.75000,442.75000,5.00000,-RPT,FM,WD0EKR C,TONE SQL,103.5 Hz,023,1500 Hz,HIGH,OFF,25.0KHz,0,"8 32 134.84 CO Fremont Canon City, Fremont Peak WD0EKR",0
395,447.77500,442.77500,5.00000,-RPT,FM,KF5SGT S,TONE ENC,100.0 Hz,023,1500 Hz,HIGH,OFF,25.0KHz,0,35 13566 452.76 NM Santa Fe Santa Fe KF5SGT,0
396,447.82500,442.82500,5.00000,-RPT,FM,W0TX Lak,DCS,100.0 Hz,073,1500 Hz,HIGH,OFF,25.0KHz,0,"8 5805 22.55 CO Jefferson Lakewood, St Anthony Medical Campus W0TX",0
397,447.87500,442.87500,5.00000,-RPT,FM,N6LXX Mo,TONE SQL,107.2 Hz,023,1500 Hz,HIGH,OFF,25.0KHz,0,"8 10513 28.27 CO Jefferson Morrison, Mt. Morrison N6LXX",0
398,447.92500,442.92500,5.00000,-RPT,FM,K0FEZ De,TONE SQL,100.0 Hz,023,1500 Hz,HIGH,OFF,25.0KHz,0,8 8196 14.58 CO Denver Denver K0FEZ,0
399,447.95000,442.95000,5.00000,-RPT,FM,ND0Q Pue,TONE ENC,88.5 Hz,023,1500 Hz,HIGH,OFF,25.0KHz,0,8 198 140.36 CO Pueblo Pueblo ND0Q,0
400,447.97500,442.97500,5.00000,-RPT,FM,W0CRA Bo,TONE SQL,107.2 Hz,023,1500 Hz,HIGH,OFF,25.0KHz,0,"8 20 63.22 CO Boulder Boulder, Eldorado Mountain W0CRA",0
401,447.97500,442.97500,5.00000,-RPT,FM,K0JSC Ca,TONE SQL,100.0 Hz,023,1500 Hz,HIGH,OFF,25.0KHz,0,"8 7185 136.27 CO Fremont Canon City, Colorado K0JSC",0
402,448.00000,443.00000,5.00000,-RPT,FM,KC0CVU C,TONE ENC,107.2 Hz,023,1500 Hz,HIGH,OFF,25.0KHz,0,"8 269 98.95 CO El Paso Colorado Springs, Cheyenne Mountain KC0CVU",0
403,448.02500,443.02500,5.00000,-RPT,FM,W0UPS Lo,TONE SQL,100.0 Hz,023,1500 Hz,HIGH,OFF,25.0KHz,0,"8 3621 91.20 CO Larimer Loveland, Budweiser Event Center W0UPS",0
404,448.07500,443.07500,5.00000,-RPT,FM,N5EHP De,TONE ENC,123.0 Hz,023,1500 Hz,HIGH,OFF,25.0KHz,0,8 91 14.69 CO Denver Denver N5EHP,0
405,448.10000,443.10000,5.00000,-RPT,FM,KC0CVU C,TONE SQL,107.2 Hz,023,1500 Hz,HIGH,OFF,25.0KHz,0,"8 53 98.95 CO El Paso Colorado Springs, Cheyenne Mountain KC0CVU",0
406,448.12500,443.12500,5.00000,-RPT,FM,N0PYY Go,TONE ENC,107.2 Hz,023,1500 Hz,HIGH,OFF,25.0KHz,0,8 143 31.47 CO Jefferson Golden N0PYY,0
407,448.15000,443.15000,5.00000,-RPT,FM,WE0FUN D,TONE SQL,141.3 Hz,023,1500 Hz,HIGH,OFF,25.0KHz,0,"8 9765 22.59 CO Denver Denver, Green Valley Ranch WE0FUN",0
408,448.15000,443.15000,5.00000,-RPT,FM,KB0TUC W,TONE SQL,103.5 Hz,023,1500 Hz,HIGH,OFF,25.0KHz,0,8 248 173.16 CO Custer Westcliffe KB0TUC,0
409,448.22500,443.22500,5.00000,-RPT,FM,N0SZ Ida,TONE SQL,141.3 Hz,023,1500 Hz,HIGH,OFF,25.0KHz,0,"8 8197 51.67 CO Clear Creek Idaho Springs, Squaw Mountain N0SZ",0
410,448.27500,443.27500,5.00000,-RPT,FM,W0BG Aur,TONE ENC,156.7 Hz,023,1500 Hz,HIGH,OFF,25.0KHz,0,8 8199 12.53 CO Arapahoe Aurora W0BG,0
411,448.30000,443.30000,5.00000,-RPT,FM,AA0L Col,TONE ENC,100.0 Hz,023,1500 Hz,HIGH,OFF,25.0KHz,0,8 8200 88.42 CO El Paso Colorado Springs AA0L,0
412,448.30000,443.30000,5.00000,-RPT,FM,KD7SU Ra,TONE ENC,100.0 Hz,023,1500 Hz,HIGH,OFF,25.0KHz,0,56 15548 311.41 WY Carbon Rawlins KD7SU,0
413,448.30000,443.30000,5.00000,-RPT,FM,W7CEU Pr,TONE ENC,88.5 Hz,023,1500 Hz,HIGH,OFF,25.0KHz,0,"49 2765 506.86 UT Carbon Price, Wood Hill W7CEU",0
414,448.30000,443.30000,5.00000,-RPT,FM,K7GX Pri,OFF,100.0 Hz,023,1500 Hz,HIGH,OFF,25.0KHz,0,"49 10061 506.87 UT Carbon Price, Wood Hill K7GX",0
415,448.32500,443.32500,5.00000,-RPT,FM,WB7UPS W,TONE ENC,110.9 Hz,023,1500 Hz,HIGH,OFF,25.0KHz,0,8 8251 120.14 CO Larimer Wellington WB7UPS,0
416,448.32500,443.32500,5.00000,-RPT,FM,K0JSC We,TONE SQL,100.0 Hz,023,1500 Hz,HIGH,OFF,25.0KHz,0,8 15584 173.19 CO Custer Westcliffe K0JSC,0
417,448.32500,443.32500,5.00000,-RPT,FM,KD7JNQ T,TONE ENC,151.4 Hz,023,1500 Hz,HIGH,OFF,25.0KHz,0,56 17395 277.30 WY Goshen Torrington KD7JNQ,0
418,448.35000,443.35000,5.00000,-RPT,FM,KD0SSP L,OFF,100.0 Hz,023,1500 Hz,HIGH,OFF,25.0KHz,0,"8 17349 23.98 CO Jefferson Lakewood, Moffat Treatment Plant KD0SSP",0
419,448.40000,443.40000,5.00000,-RPT,FM,N0ZUQ Au,TONE ENC,94.8 Hz,023,1500 Hz,HIGH,OFF,25.0KHz,0,8 8202 12.53 CO Arapahoe Aurora N0ZUQ,0
420,448.42500,443.42500,5.00000,-RPT,FM,W0CRA La,TONE SQL,107.2 Hz,023,1500 Hz,HIGH,OFF,25.0KHz,0,"8 16547 51.65 CO Douglas Larkspur, Westcreek W0CRA",0
421,448.45000,443.45000,5.00000,-RPT,FM,KB0SRJ C,TONE ENC,100.0 Hz,023,1500 Hz,HIGH,OFF,25.0KHz,0,"8 54 88.43 CO El Paso Colorado Springs, Pikes Peak KB0SRJ",0
422,448.47500,443.47500,5.00000,-RPT,FM,KC0KWD G,TONE ENC,100.0 Hz,023,1500 Hz,HIGH,OFF,25.0KHz,0,8 158 72.30 CO Weld Greeley KC0KWD,0
423,448.50000,443.50000,5.00000,-RPT,FM,KB0UDD A,TONE ENC,100.0 Hz,023,1500 Hz,HIGH,OFF,25.0KHz,0,"8 92 12.57 CO Denver Aurora, Smokey Hill KB0UDD",0
424,448.52500,443.52500,5.00000,-RPT,FM,N0EPA Lo,TONE ENC,151.4 Hz,023,1500 Hz,HIGH,OFF,25.0KHz,0,8 176 62.62 CO Boulder Longmont N0EPA,0
425,448.60000,443.60000,5.00000,-RPT,FM,W0MOG Co,TONE ENC,114.8 Hz,023,1500 Hz,HIGH,OFF,25.0KHz,0,8 55 88.42 CO El Paso Colorado Springs W0MOG,0
426,448.62500,443.62500,5.00000,-RPT,FM,W0TX Gol,TONE SQL,100.0 Hz,023,1500 Hz,HIGH,OFF,25.0KHz,0,"8 112 42.14 CO Jefferson Golden, Centennial Cone W0TX",0
427,448.62500,443.62500,5.00000,-RPT,FM,KC5EVE D,TONE SQL,131.8 Hz,023,1500 Hz,HIGH,OFF,25.0KHz,0,8 115 368.71 CO La Plata Durango KC5EVE,0
428,448.65000,443.65000,5.00000,-RPT,FM,NX0G Woo,TONE ENC,107.2 Hz,023,1500 Hz,HIGH,OFF,25.0KHz,0,8 251 71.78 CO Teller Woodland Park NX0G,0
429,448.65000,443.65000,5.00000,-RPT,FM,KB0YNA M,OFF,100.0 Hz,023,1500 Hz,HIGH,OFF,25.0KHz,0,"8 15213 276.97 CO Montrose Montrose, Waterdog Peak KB0YNA",0
430,448.65000,443.65000,5.00000,-RPT,FM,KB5ITS B,TONE ENC,127.3 Hz,023,1500 Hz,HIGH,OFF,25.0KHz,0,35 16636 422.05 NM San Juan Bloomfield KB5ITS,0
431,448.67500,443.67500,5.00000,-RPT,FM,W0CFI Id,TONE SQL,100.0 Hz,023,1500 Hz,HIGH,OFF,25.0KHz,0,"8 94 51.22 CO Denver Idaho Springs, Squaw Mountain W0CFI",0
432,448.70000,443.70000,5.00000,-RPT,FM,WQ8M Par,TONE ENC,146.2 Hz,023,1500 Hz,HIGH,OFF,25.0KHz,0,8 274 11.46 CO Douglas Parker WQ8M,0
433,448.72500,443.72500,5.00000,-RPT,FM,KA0TTF C,TONE ENC,123.0 Hz,023,1500 Hz,HIGH,OFF,25.0KHz,0,"8 56 94.26 CO El Paso Colorado Springs, Fillmore Hill KA0TTF",0
434,448.80000,443.80000,5.00000,-RPT,FM,W0ENO Lo,TONE SQL,88.5 Hz,023,1500 Hz,HIGH,OFF,25.0KHz,0,8 177 62.62 CO Boulder Longmont W0ENO,0
435,448.80000,443.80000,5.00000,-RPT,FM,KB0SRJ C,TONE ENC,100.0 Hz,023,1500 Hz,HIGH,OFF,25.0KHz,0,"8 57 66.86 CO El Paso Colorado Springs, ~2 mi ENE USAFA North Gate KB0SRJ",0
436,448.82500,443.82500,5.00000,-RPT,FM,WN7ANT A,OFF,100.0 Hz,023,1500 Hz,HIGH,OFF,25.0KHz,0,8 16032 12.53 CO Arapahoe Aurora WN7ANT,0
437,448.85000,443.85000,5.00000,-RPT,FM,K0IBM Go,TONE SQL,88.5 Hz,023,1500 Hz,HIGH,OFF,25.0KHz,0,"8 136 40.84 CO Jefferson Golden, Guy Hill K0IBM",0
438,448.90000,443.90000,5.00000,-RPT,FM,W0DK Bou,TONE ENC,100.0 Hz,023,1500 Hz,HIGH,OFF,25.0KHz,0,"8 10 50.85 CO Boulder Boulder, Table Mesa W0DK",0
439,448.95000,443.95000,5.00000,-RPT,FM,Black Fo,OFF,100.0 Hz,023,1500 Hz,HIGH,OFF,25.0KHz,0,8 17551 66.43 CO El Paso Black Forest,0
440,448.97500,443.97500,5.00000,-RPT,FM,W0GV Gol,TONE ENC,123.0 Hz,023,1500 Hz,HIGH,OFF,25.0KHz,0,8 137 31.47 CO Jefferson Golden W0GV,0
441,448.97500,443.97500,5.00000,-RPT,FM,K0JSC Pu,TONE SQL,100.0 Hz,023,1500 Hz,HIGH,OFF,25.0KHz,0,8 7994 147.87 CO Pueblo Pueblo West K0JSC,0
442,449.00000,444.00000,5.00000,-RPT,FM,WR0AEN I,TONE SQL,136.5 Hz,023,1500 Hz,HIGH,OFF,25.0KHz,0,"8 8250 50.49 CO Clear Creek Idaho Springs, Squaw Mountain WR0AEN",0
443,449.00000,444.00000,5.00000,-RPT,FM,WB0WDF C,TONE SQL,67.0 Hz,023,1500 Hz,HIGH,OFF,25.0KHz,0,"8 33 127.26 CO Fremont Canon City, eightmile Mountain WB0WDF",0
444,449.00000,444.00000,5.00000,-RPT,FM,K5WY Far,TONE ENC,100.0 Hz,023,1500 Hz,HIGH,OFF,25.0KHz,0,35 87 433.94 NM San Juan Farmington K5WY,0
445,449.02500,444.02500,5.00000,-RPT,FM,KA0WUC W,TONE ENC,141.3 Hz,023,1500 Hz,HIGH,OFF,25.0KHz,0,8 252 71.78 CO Teller Woodland Park KA0WUC,0
446,449.05000,444.05000,5.00000,-RPT,FM,WG0N Ida,TONE SQL,107.2 Hz,023,1500 Hz,HIGH,OFF,25.0KHz,0,"8 95 54.64 CO Denver Idaho Springs, Squaw Mountain WG0N",0
447,449.10000,444.10000,5.00000,-RPT,FM,NG7T Cas,OFF,100.0 Hz,023,1500 Hz,HIGH,OFF,25.0KHz,0,56 63 379.24 WY Natrona Casper NG7T,0
448,449.10000,444.10000,5.00000,-RPT,FM,K7QEQ Mo,TONE SQL,107.2 Hz,023,1500 Hz,HIGH,OFF,25.0KHz,0,"49 52 401.51 UT Grand Moab, Bald Mesa K7QEQ",0
449,449.20000,444.20000,5.00000,-RPT,FM,KZ0DEM S,TONE SQL,118.8 Hz,023,1500 Hz,HIGH,OFF,25.0KHz,0,8 4588 316.51 CO Baca Springfield KZ0DEM,0
450,449.22500,444.22500,5.00000,-RPT,FM,N0SZ Den,TONE SQL,141.3 Hz,023,1500 Hz,HIGH,OFF,25.0KHz,0,"8 97 53.96 CO Gilpin Denver, Thorodin Mountain N0SZ",0
451,449.25000,444.25000,5.00000,-RPT,FM,K0UPS Ce,TONE SQL,123.0 Hz,023,1500 Hz,HIGH,OFF,25.0KHz,0,8 9583 97.98 CO Elbert Cedar Point K0UPS,0
452,449.27500,444.27500,5.00000,-RPT,FM,K9GAJ Sa,TONE ENC,146.2 Hz,023,1500 Hz,HIGH,OFF,25.0KHz,0,35 10216 452.57 NM Santa Fe Santa Fe K9GAJ,0
453,449.30000,444.30000,5.00000,-RPT,FM,N1UPS We,TONE ENC,100.0 Hz,023,1500 Hz,HIGH,OFF,25.0KHz,0,8 8208 26.35 CO Adams Westminster N1UPS,0
454,449.30000,444.30000,5.00000,-RPT,FM,N7JJY Ch,OFF,100.0 Hz,023,1500 Hz,HIGH,OFF,25.0KHz,0,"56 34 155.98 WY Laramie Cheyenne, Chalk Bluffs N7JJY",0
455,449.32500,444.32500,5.00000,-RPT,FM,KA4EPS W,TONE SQL,103.5 Hz,023,1500 Hz,HIGH,OFF,25.0KHz,0,"8 9503 72.26 CO Teller Woodland Park, Paradise Pines KA4EPS",0
456,449.35000,444.35000,5.00000,-RPT,FM,W0TX Ida,TONE SQL,100.0 Hz,023,1500 Hz,HIGH,OFF,25.0KHz,0,"8 98 51.58 CO Clear Creek Idaho Springs, Squaw Mountain W0TX",0
457,449.40000,444.40000,5.00000,-RPT,FM,KB0YNA D,TONE SQL,131.8 Hz,023,1500 Hz,HIGH,OFF,25.0KHz,0,"8 127 344.29 CO Mesa Delta, Uncompahgre Butte KB0YNA",0
458,449.42500,444.42500,5.00000,-RPT,FM,WC3W Gra,TONE SQL,103.5 Hz,023,1500 Hz,HIGH,OFF,25.0KHz,0,8 18131 106.04 CO Clear Creek Grand Lake WC3W,0
459,449.45000,444.45000,5.00000,-RPT,FM,K1DUN Id,TONE ENC,103.5 Hz,023,1500 Hz,HIGH,OFF,25.0KHz,0,"8 99 51.67 CO Clear Creek Idaho Springs, Squaw Mountain K1DUN",0
460,449.50000,444.50000,5.00000,-RPT,FM,KC0HH La,TONE ENC,123.0 Hz,023,1500 Hz,HIGH,OFF,25.0KHz,0,8 171 260.88 CO Prowers Lamar KC0HH,0
461,449.52500,444.52500,5.00000,-RPT,FM,KE0SJ Go,OFF,100.0 Hz,023,1500 Hz,HIGH,OFF,25.0KHz,0,"8 138 42.22 CO Jefferson Golden, Centennial Cone KE0SJ",0
462,449.52500,444.52500,5.00000,-RPT,FM,N0PKT Cr,TONE SQL,100.0 Hz,023,1500 Hz,HIGH,OFF,25.0KHz,0,"8 14923 277.03 CO Mineral Creede, Bristol Head N0PKT",0
463,449.55000,444.55000,5.00000,-RPT,FM,W0IA Bou,TONE ENC,100.0 Hz,023,1500 Hz,HIGH,OFF,25.0KHz,0,8 11 53.81 CO Boulder Boulder W0IA,0
464,449.57500,444.57500,5.00000,-RPT,FM,W0LRA Lo,TONE ENC,100.0 Hz,023,1500 Hz,HIGH,OFF,25.0KHz,0,"8 181 87.07 CO Larimer Loveland, Namaqua Hill W0LRA",0
465,449.60000,444.60000,5.00000,-RPT,FM,WB0TUB C,TONE ENC,100.0 Hz,023,1500 Hz,HIGH,OFF,25.0KHz,0,"8 273 24.32 CO Jefferson Centennial, Warren Mountain WB0TUB",0
466,449.60000,444.60000,5.00000,-RPT,FM,N0XLI Gl,TONE ENC,107.2 Hz,023,1500 Hz,HIGH,OFF,25.0KHz,0,"8 255 214.43 CO Garfield Glenwood Springs, Sunlight Peak N0XLI",0
467,449.62500,444.62500,5.00000,-RPT,FM,KE0VH Go,TONE SQL,141.3 Hz,023,1500 Hz,HIGH,OFF,25.0KHz,0,"8 139 31.84 CO Jefferson Golden, Lookout Mountain KE0VH",0
468,449.62500,444.62500,5.00000,-RPT,FM,KC0CVU P,TONE ENC,107.2 Hz,023,1500 Hz,HIGH,OFF,25.0KHz,0,"8 199 178.15 CO Custer Pueblo, Deer Peak KC0CVU",0
469,449.62500,444.62500,5.00000,-RPT,FM,KB0VJJ S,TONE SQL,123.0 Hz,023,1500 Hz,HIGH,OFF,25.0KHz,0,8 9770 190.59 CO Routt Steamboat Springs KB0VJJ,0
470,449.62500,444.62500,5.00000,-RPT,FM,WA7SNU W,TONE ENC,151.4 Hz,023,1500 Hz,HIGH,OFF,25.0KHz,0,56 16476 269.95 WY Platte Wheatland WA7SNU,0
471,449.65000,444.65000,5.00000,-RPT,FM,KC0CVU S,TONE ENC,107.2 Hz,023,1500 Hz,HIGH,OFF,25.0KHz,0,"8 205 162.74 CO Chaffee Salida, Methodist Mountain KC0CVU",0
472,449.65000,444.65000,5.00000,-RPT,FM,KB0YNA G,TONE SQL,151.4 Hz,023,1500 Hz,HIGH,OFF,25.0KHz,0,"8 8763 269.03 CO Mesa Grand Junction, Grand Mesa KB0YNA",0
473,449.70000,444.70000,5.00000,-RPT,FM,Lake Geo,TONE ENC,107.2 Hz,023,1500 Hz,HIGH,OFF,25.0KHz,0,8 8214 82.30 CO Park Lake George,0
474,449.70000,444.70000,5.00000,-RPT,FM,KB0YNA T,TONE SQL,107.2 Hz,023,1500 Hz,HIGH,OFF,25.0KHz,0,"8 254 322.86 CO San Miguel Telluride, Gray Head KB0YNA",0
475,449.70000,444.70000,5.00000,-RPT,FM,W7BYU Ve,TONE ENC,136.5 Hz,023,1500 Hz,HIGH,OFF,25.0KHz,0,49 182 371.21 UT Uintah Vernal W7BYU,0
476,449.72500,444.72500,5.00000,-RPT,FM,K0OJ Gre,TONE ENC,127.3 Hz,023,1500 Hz,HIGH,OFF,25.0KHz,0,"8 159 87.86 CO Weld Greeley, UNC K0OJ",0
477,449.72500,444.72500,5.00000,-RPT,FM,N0PWZ Pa,TONE ENC,100.0 Hz,023,1500 Hz,HIGH,OFF,25.0KHz,0,8 189 154.60 CO El Paso Palmer Divide N0PWZ,0
478,449.72500,444.72500,5.00000,-RPT,FM,K0ELK Ca,TONE ENC,179.9 Hz,023,1500 Hz,HIGH,OFF,25.0KHz,0,"8 35 209.26 CO Garfield Carbondale, Four Mile Ridge K0ELK",0
479,449.75000,444.75000,5.00000,-RPT,FM,KI0GO Go,TONE SQL,103.5 Hz,023,1500 Hz,HIGH,OFF,25.0KHz,0,"8 265 40.76 CO Jefferson Golden, Guy Hill KI0GO",0
480,449.75000,444.75000,5.00000,-RPT,FM,N0ZSN La,TONE SQL,100.0 Hz,023,1500 Hz,HIGH,OFF,25.0KHz,0,"8 13485 254.49 CO Las Animas La Veta, Cordova Pass N0ZSN",0
481,449.77500,444.77500,5.00000,-RPT,FM,W0TX Lak,OFF,100.0 Hz,023,1500 Hz,HIGH,OFF,25.0KHz,0,"8 8215 22.24 CO Jefferson Lakewood, Green Mtn W0TX",0
482,449.77500,444.77500,5.00000,-RPT,FM,KD0SMZ G,TONE ENC,173.8 Hz,023,1500 Hz,HIGH,OFF,25.0KHz,0,8 11793 320.68 CO Mesa Grand Junction KD0SMZ,0
483,449.80000,444.80000,5.00000,-RPT,FM,N0FH Est,TONE ENC,123.0 Hz,023,1500 Hz,HIGH,OFF,25.0KHz,0,8 120 99.07 CO Larimer Estes Park N0FH,0
484,449.80000,444.80000,5.00000,-RPT,FM,WA4HND P,TONE ENC,107.2 Hz,023,1500 Hz,HIGH,OFF,25.0KHz,0,"8 253 271.55 CO Garfield Parachute, Mount Callahan WA4HND",0
485,449.80000,444.80000,5.00000,-RPT,FM,N7RON Ra,TONE ENC,146.2 Hz,023,1500 Hz,HIGH,OFF,25.0KHz,0,56 15551 311.41 WY Carbon Rawlins N7RON,0
486,449.82500,444.82500,5.00000,-RPT,FM,W0ALC Ce,TONE ENC,100.0 Hz,023,1500 Hz,HIGH,OFF,25.0KHz,0,8 3760 273.25 CO Delta Cedaredge W0ALC,0
487,449.85000,444.85000,5.00000,-RPT,FM,W0QEY Fo,TONE SQL,100.0 Hz,023,1500 Hz,HIGH,OFF,25.0KHz,0,"8 124 107.78 CO Larimer Fort Collins, CSU Durward Hall W0QEY",0
488,449.85000,444.85000,5.00000,-RPT,FM,WA4HND G,TONE SQL,131.8 Hz,023,1500 Hz,HIGH,OFF,25.0KHz,0,"8 13637 208.54 CO Garfield Glenwood Springs, Lookout Mountain WA4HND",0
489,449.85000,444.85000,5.00000,-RPT,FM,K0EP Dur,TONE SQL,100.0 Hz,023,1500 Hz,HIGH,OFF,25.0KHz,0,8 11546 368.77 CO La Plata Durango K0EP,0
490,449.90000,444.90000,5.00000,-RPT,FM,N1FSX Pu,TONE ENC,107.2 Hz,023,1500 Hz,HIGH,OFF,25.0KHz,0,8 7395 134.12 CO Lincoln Punkin Center N1FSX,0
491,449.90000,444.90000,5.00000,-RPT,FM,N7JJY Ch,TONE SQL,100.0 Hz,023,1500 Hz,HIGH,OFF,25.0KHz,0,56 15518 168.34 WY Laramie Cheyenne N7JJY,0
492,449.90000,444.90000,5.00000,-RPT,FM,W7BAR Ve,TONE ENC,136.5 Hz,023,1500 Hz,HIGH,OFF,25.0KHz,0,"49 13408 386.41 UT Uintah Vernal, Uintah County EOC W7BAR",0
493,449.92500,444.92500,5.00000,-RPT,FM,K0EB Hud,TONE SQL,114.8 Hz,023,1500 Hz,HIGH,OFF,25.0KHz,0,8 8216 48.70 CO Weld Hudson K0EB,0
494,449.92500,444.92500,5.00000,-RPT,FM,WZ0N Sal,TONE SQL,103.5 Hz,023,1500 Hz,HIGH,OFF,25.0KHz,0,"8 3811 162.74 CO Chaffee Salida, Methodist Mountain WZ0N",0
495,449.95000,444.95000,5.00000,-RPT,FM,W9SL Aur,TONE SQL,77.0 Hz,023,1500 Hz,HIGH,OFF,25.0KHz,0,8 8743 12.53 CO Arapahoe Aurora W9SL,0
496,449.95000,444.95000,5.00000,-RPT,FM,K5GF Gun,OFF,100.0 Hz,023,1500 Hz,HIGH,OFF,25.0KHz,0,8 161 212.60 CO Gunnison Gunnison K5GF,0
497,449.97500,444.97500,5.00000,-RPT,FM,K0JSC La,TONE SQL,100.0 Hz,023,1500 Hz,HIGH,OFF,25.0KHz,0,"8 15903 51.71 CO Douglas Larkspur, Westcreek K0JSC",0
498,449.97500,444.97500,5.00000,-RPT,FM,K0JSC Sa,TONE SQL,100.0 Hz,023,1500 Hz,HIGH,OFF,25.0KHz,0,"8 13510 162.96 CO Chaffee Salida, Methodist Mountain K0JSC",0
499,449.97500,444.97500,5.00000,-RPT,FM,K0JSC Pu,TONE SQL,100.0 Hz,023,1500 Hz,HIGH,OFF,25.0KHz,0,"8 5369 180.57 CO Pueblo Pueblo, Cedarwood K0JSC",0
500,449.97500,444.97500,5.00000,-RPT,FM,N7HYF Ri,TONE ENC,127.3 Hz,023,1500 Hz,HIGH,OFF,25.0KHz,0,"56 13102 476.90 WY Fremont Riverton, Griffy Hill N7HYF",0
